PART_REF,STUD_CHECK
970c00.dat,0
777p09.dat,0
970c3j.dat,0
u9312.dat,0
15316.dat,0
41747.dat,1
21019bpde7.dat,0
63864px0.dat,0
3626cpd68.dat,1
3437.dat,0
971pa2.dat,0
3039p72.dat,1
11170.dat,0
3596d25.dat,0
3867p02.dat,1
92279.dat,0
ms1048.dat,0
6229.dat,1
32181c05.dat,0
80686p03.dat,0
u9474.dat,0
15470.dat,0
64289.dat,0
59718d.dat,0
98138pm5.dat,0
93249pq0.dat,0
u9460.dat,0
24629p05.dat,0
003497i.dat,0
206a.dat,0
3068bp68.dat,0
3068bp5b.dat,0
41753.dat,0
16709p05.dat,1
197895f.dat,0
61483.dat,1
4638848i.dat,0
3001pt0.dat,1
26910.dat,1
18626.dat,0
3069bpz4.dat,0
191936d.dat,0
73125p01.dat,0
u9306.dat,0
15302.dat,1
u8018.dat,0
2634c01.dat,1
20551p01c01.dat,0
2715.dat,0
30182.dat,1
4150pa0.dat,0
3010dm0.dat,1
u8030.dat,0
6573.dat,0
788.dat,1
4740p03.dat,1
22385p002.dat,0
98088p03.dat,0
6215.dat,1
194305f.dat,0
24849.dat,0
713a.dat,1
98138pn9.dat,0
91994.dat,1
3596d19.dat,0
72632c02.dat,1
6100p05.dat,1
2345p02.dat,1
6142275z.dat,0
92245.dat,0
3068bp40.dat,0
31ac01.dat,1
6138629h.dat,0
3039pck.dat,1
3081b.dat,1
92251.dat,0
3068bp54.dat,0
10520.dat,0
10202p01.dat,0
22385p016.dat,0
3626bph2.dat,1
15458.dat,0
62808.dat,0
6062886c.dat,0
944.dat,0
4215ad08.dat,1
37720c.dat,0
u8024.dat,0
6567.dat,1
2332ac01.dat,0
194535e.dat,0
2701.dat,0
16709p0c.dat,1
71874.dat,1
3069bpzb.dat,0
3815c6w.dat,0
3069bpw3.dat,0
6179px0.dat,1
4650853dc01.dat,0
4162p06.dat,0
65632.dat,1
24108.dat,1
3626bp0h.dat,1
3626bp32.dat,1
777.dat,0
4162p0w.dat,0
3002p27.dat,1
22579.dat,0
10312ps2.dat,0
4586246c.dat,0
99244p01.dat,0
75347.dat,0
13710f.dat,0
3062a.dat,1
61332.dat,0
3068bp8e.dat,0
55981c06.dat,0
3004d01.dat,1
3068bp9a.dat,0
3386.dat,1
31511.dat,0
3817bpbf.dat,0
165385c.dat,0
32018.dat,1
65140.dat,1
2431pzd.dat,0
4162p12.dat,0
763.dat,0
4188571k.dat,0
3005pf1.dat,1
35011.dat,1
4518ac01.dat,0
191485k.dat,0
2926.dat,1
41948.dat,1
3626cpd8e.dat,1
30169.dat,1
004219b.dat,0
12893p02.dat,0
993.dat,0
35039.dat,1
30141.dat,0
30350cdf1.dat,0
3068bp83.dat,0
6213p02.dat,1
5907.dat,0
26045.dat,0
3004d0g.dat,1
2707p05.dat,0
64276.dat,0
32030.dat,0
958c01.dat,0
2454adq5.dat,1
32024.dat,0
004848c.dat,0
3068bp97.dat,0
30633.dat,0
26051.dat,0
62271c01.dat,0
3127a.dat,1
30155.dat,0
26439-f1.dat,0
4542886a.dat,0
2431pz2.dat,0
30350bp01.dat,0
3840d01.dat,0
4162p1d.dat,0
24120.dat,0
3040ad03.dat,1
2431pzs.dat,0
987.dat,0
6442p02.dat,0
u9624c01.dat,1
4182d02.dat,1
15672.dat,1
t1039.dat,0
1744.dat,1
68869.dat,0
u454p01.dat,0
58772.dat,0
4145p02c01.dat,0
4066a.dat,0
190605b.dat,0
3068bpz1.dat,0
6451314h.dat,0
3011pt5.dat,0
3069bpc6.dat,0
004612a.dat,0
u9110.dat,0
6145p01.dat,1
80319.dat,1
63082.dat,1
4868ad01.dat,1
949ac02.dat,1
13571.dat,0
15535p02.dat,0
15100.dat,0
u9104.dat,0
92709.dat,1
4616559a.dat,0
20952p01.dat,1
87079p0g.dat,0
825ap03.dat,1
3069bpb2.dat,0
6309ptb.dat,0
71372k01.dat,0
4628.dat,0
98224.dat,0
3626bps8.dat,1
31111p07.dat,0
1750.dat,1
75192.dat,1
50956p02.dat,1
3817bpw1.dat,0
499c01.dat,0
u9142p03c03.dat,0
3069bp51.dat,0
84625.dat,0
4600.dat,1
3741ac04.dat,1
6074343ec01.dat,0
t1005.dat,0
3626bpq0.dat,1
90650.dat,0
194325d.dat,0
2849k01.dat,0
4263304g.dat,0
42716.dat,0
4166.dat,1
20193.dat,0
30380.dat,0
82532.dat,0
10050.dat,0
191915j.dat,0
3068bpx9.dat,0
u9187e.dat,0
37364pdec.dat,0
604550.dat,0
30394.dat,0
100943p01.dat,0
87079p01.dat,0
14222.dat,0
97895.dat,0
98218.dat,0
004757a.dat,0
3626bpsn.dat,1
t1011.dat,0
6003.dat,1
87610ps3.dat,0
22385p214.dat,0
31111p0a.dat,0
19729p08.dat,0
46564.dat,1
3005bpf1.dat,1
4614.dat,0
3068p17.dat,0
3037pt1.dat,1
10054p02.dat,0
3816bpbc.dat,0
3816bpa9.dat,0
3190.dat,1
3817pbc.dat,0
3817pa9.dat,0
27165.dat,1
3045dx0.dat,1
18395.dat,0
4180508.dat,1
98138py0.dat,0
55295.dat,0
92241p09.dat,0
88517c02.dat,0
92243p02c01.dat,0
6142275ab.dat,0
575.dat,0
814c01-f2.dat,0
3816bp42.dat,0
92906.dat,0
31061.dat,0
4199.dat,0
3069bpn1.dat,0
9326t02.dat,0
92912.dat,0
27bc01.dat,1
35538c01.dat,0
3040p02.dat,1
2842c01.dat,1
6942.dat,1
561.dat,0
949c.dat,0
3297p90.dat,1
54821.dat,0
3465a.dat,0
98138px4.dat,0
6372023h.dat,0
47224c01-f1.dat,0
4129790c.dat,0
u1852p04.dat,0
3184.dat,1
60601p01.dat,0
6148328aoc01.dat,0
57028d.dat,0
u8001a.dat,1
30218-f2.dat,1
60212.dat,1
79743.dat,1
92084.dat,0
2335p42.dat,0
67037p01.dat,0
30343.dat,1
6124787ec01.dat,0
196945q.dat,0
2431pc0.dat,0
64712.dat,0
2598ps2.dat,1
54809.dat,0
90462pq1.dat,1
4444p08.dat,1
57895p05.dat,0
13809p03.dat,0
6542b.dat,0
65418.dat,0
004490e.dat,0
4085b.dat,1
4650854i.dat,0
30357.dat,1
11399.dat,1
79757.dat,0
3039pt4.dat,1
3069bp86.dat,0
72602.dat,0
753c01.dat,1
98138pxb.dat,0
64060.dat,1
92241p21.dat,0
54200p01.dat,0
81615.dat,0
14418.dat,1
3068bd0a.dat,0
15706.dat,1
973py1.dat,0
14769ps5.dat,0
3027.dat,1
4748.dat,1
3816cps4.dat,0
6177949g.dat,0
2339.dat,1
41357.dat,1
70834.dat,0
3999.dat,0
85970dy0.dat,1
3741.dat,1
3068bdf0.dat,0
u9064.dat,0
925p0y.dat,1
2038d02.dat,1
6639.dat,0
925p08.dat,1
2726c01.dat,0
80279.dat,0
4215ap24d01.dat,1
3815bpdg4.dat,0
u9070.dat,0
247a.dat,0
76289.dat,0
93563.dat,0
11212.dat,1
62498c03.dat,0
3755.dat,1
3033.dat,1
6009254d.dat,0
21019bp0d.dat,0
64683d01.dat,0
95674.dat,0
3821d04.dat,1
15712.dat,0
3626cpm6.dat,1
973px5.dat,0
84751.dat,0
4774.dat,0
49737.dat,0
67100p01-f1.dat,0
30592.dat,1
30155c01.dat,0
3068bd07.dat,0
3068bdff.dat,0
u9058.dat,1
19066c01.dat,1
u9142p01c06.dat,0
89513.dat,1
18200c01.dat,0
925p0n.dat,1
2463.dat,1
10124.dat,0
61905.dat,0
10130.dat,0
4006.dat,0
58148.dat,0
3626cp8k.dat,1
3660p02.dat,1
6177.dat,1
9244.dat,0
3068bd13.dat,0
973pxc.dat,0
4760.dat,1
21019bp02.dat,0
95648.dat,0
3002dm0.dat,1
30586.dat,1
13710cc01.dat,0
3070bpv4.dat,0
6022692d.dat,0
92244p05.dat,0
20461bpx0.dat,0
53790.dat,0
22169.dat,0
973pu2.dat,0
98130p01.dat,0
98387.dat,0
367.dat,1
54701p01c01.dat,1
15864p01.dat,1
401.dat,1
20460b.dat,0
3815pbf.dat,0
3023a.dat,1
3068warn.dat,0
18587.dat,0
78267.dat,0
003437b.dat,0
2488.dat,0
26603d05.dat,0
6148328acc01.dat,0
3404c.dat,0
415.dat,0
u1850p01.dat,0
004608b.dat,0
19476-f2.dat,0
373.dat,1
3004p52.dat,1
6188.dat,1
3070bptj.dat,0
3010p27.dat,1
92244p11.dat,0
51874p01.dat,0
6141875l.dat,0
32346.dat,0
973pud.dat,0
6047838a.dat,0
u9004c01.dat,1
30361dpsj.dat,0
60602d03.dat,0
30237.dat,1
4093b.dat,1
92696.dat,0
169685a.dat,0
4620855bc01.dat,0
65578.dat,1
4515d02.dat,0
76382p0m.dat,0
76382p37.dat,0
t43100.dat,0
44375bps0.dat,1
14395.dat,1
2350c.dat,1
76382p1i.dat,0
429.dat,0
87950-f1.dat,0
80286.dat,0
3626cp72.dat,1
76276.dat,0
30223.dat,1
24119p00.dat,0
76443c01.dat,1
3626cpb9.dat,1
3626cpbx.dat,1
u9231c02.dat,1
6178096g.dat,0
3298p02.dat,1
6258203ec01.dat,0
s12c.dat,0
u9266.dat,0
818.dat,1
u568.dat,1
2885.dat,1
48171.dat,1
50944p02.dat,0
3648a.dat,0
18746.dat,1
948cc02.dat,1
3070bpb1.dat,0
15527p02.dat,0
u9500.dat,1
15504.dat,0
973pav.dat,0
53551.dat,0
3831d01.dat,1
973pa7.dat,0
973pbm.dat,0
4121715.dat,0
3069bd0d.dat,0
646cc01.dat,1
4198p09.dat,0
u9514.dat,0
u9106p01c03.dat,0
1874p01.dat,1
42448.dat,1
32374p01.dat,1
51352.dat,1
18034.dat,0
3070bpc5.dat,0
3817cps1.dat,0
3231.dat,0
6347356m.dat,0
6197394e.dat,0
11010.dat,0
16001p04.dat,0
48165.dat,1
2891.dat,1
6153754b.dat,0
4238.dat,1
4617b.dat,0
2649.dat,0
55652.dat,0
35962p02.dat,0
74781-f2.dat,1
973p58.dat,0
973p6b.dat,0
91176.dat,1
3298p16.dat,1
6081d04.dat,1
u9272.dat,0
15427p02.dat,0
4210.dat,0
73878c01.dat,1
24083.dat,0
45406c03.dat,1
973p4j.dat,0
64.dat,0
15429p07.dat,1
973p70.dat,0
87079d52.dat,0
824.dat,1
20460p02.dat,0
973p7q.dat,0
32187.dat,0
973pbz.dat,0
6361.dat,0
973paa.dat,0
33299.dat,0
59143c01.dat,0
67810.dat,1
6177969r.dat,0
75902p06.dat,0
47753pq1.dat,0
20597.dat,0
3069bd02.dat,0
32193.dat,0
6180p03.dat,1
3069bd0s.dat,0
96143.dat,0
73200-f2.dat,0
22385p162.dat,0
3815pw1.dat,0
973p64.dat,0
70.dat,0
973p5n.dat,0
u9494p01.dat,0
6413.dat,0
u9150p01c01.dat,0
973p6u.dat,0
4204.dat,1
61406p04.dat,1
3245cdm0.dat,1
30009.dat,1
50925.dat,0
7039c03.dat,1
4346p68.dat,0
6142622sc01.dat,0
3009p06.dat,1
2846.dat,1
13808.dat,0
3004pza.dat,1
88930p01.dat,0
165.dat,0
973pm4.dat,0
3443bc04.dat,1
73642.dat,0
68504.dat,0
4589.dat,1
20460bpx5.dat,0
31465.dat,0
46835.dat,0
61252.dat,1
2431d04.dat,0
171.dat,0
53586.dat,0
62537p04.dat,0
973p9z.dat,0
25376.dat,0
3008d0g.dat,1
24068.dat,0
127c03-f2.dat,0
68881p02.dat,0
55237k.dat,0
u9001p04.dat,0
18791.dat,0
14769p0e.dat,0
76048.dat,1
2852.dat,0
004595a.dat,0
3009p12.dat,1
3004pz7.dat,1
72206.dat,0
973p8i.dat,0
163115b.dat,0
4624c03.dat,0
30035.dat,0
60602.dat,0
21767-f2.dat,0
41814.dat,0
30375ps4.dat,1
57910.dat,1
11244p02c01.dat,0
14137d01.dat,1
4493c03.dat,1
159.dat,1
973pmb.dat,0
783p03.dat,0
2361p03.dat,1
31459.dat,0
4548064a.dat,0
2431d0b.dat,0
4603014c.dat,0
14769p03.dat,0
3816cp02.dat,0
6153b.dat,1
3998a.dat,0
14769p0r.dat,0
92250p06c01.dat,0
18975.dat,1
3008d01.dat,1
3351b.dat,0
24054.dat,1
973p9m.dat,0
2431d0c.dat,0
11950.dat,0
69633.dat,0
4603014b.dat,0
3815bpsk.dat,0
783p16.dat,0
3008d0q.dat,1
973p9l.dat,0
73200bphf.dat,0
90498p01.dat,0
24055.dat,1
14769p0s.dat,0
18974.dat,1
14769p02.dat,0
6285381ec01.dat,0
3009p0a.dat,1
41815.dat,0
35199c01.dat,1
60603.dat,0
4624c02.dat,0
30034.dat,0
163115c.dat,0
60481b.dat,1
973p8h.dat,0
87926.dat,1
92198p04c01.dat,1
t43303.dat,0
2335d04.dat,0
4864apt3.dat,1
3004pz6.dat,1
96890-f1.dat,0
2361p02.dat,1
3326a.dat,0
158.dat,1
4493c02.dat,1
30375ps5.dat,1
170.dat,1
2431d05.dat,0
92254p01.dat,0
46834.dat,0
2853.dat,0
67144.dat,0
3009p13.dat,1
18948.dat,0
28653.dat,1
16965.dat,0
14769p0d.dat,0
u9001p05.dat,0
65753.dat,0
73200bph0.dat,0
55237j.dat,0
3008d0f.dat,1
63322.dat,1
88296p01.dat,1
602.dat,1
73125.dat,0
13809.dat,0
2847.dat,0
7039c02.dat,1
3581.dat,1
61521.dat,1
30008.dat,1
270c02.dat,1
t1010c01.dat,0
4588.dat,1
59900.dat,1
164.dat,0
33267.dat,1
3443bc05.dat,1
973pm5.dat,0
3626cpx6.dat,1
22385p163.dat,0
6180p02.dat,1
3069bd0r.dat,0
4620856dc01.dat,0
3069bd03.dat,0
32192.dat,0
20596.dat,0
90462bpq4.dat,1
4494pw2c01.dat,1
61406p05.dat,1
73200bpde.dat,0
2878c01.dat,1
973p65.dat,0
3298p1a.dat,1
973p7p.dat,0
20460p03.dat,0
825.dat,1
6406.dat,0
973p71.dat,0
15429p06.dat,1
65.dat,1
973p4k.dat,0
45406c02.dat,1
24082.dat,0
4211.dat,1
3218.dat,1
75902p07.dat,0
6177969s.dat,0
67811.dat,0
88618c01.dat,1
73200bp30.dat,0
33298.dat,0
u9132c01.dat,1
32186.dat,0
2723p05.dat,0
6197394d.dat,0
11777.dat,0
6347356l.dat,0
3817cps0.dat,0
3070bpc4.dat,0
51353.dat,1
u9106p01c02.dat,0
u9515.dat,0
4198p08.dat,0
u9273.dat,0
3069bdf4.dat,0
15103c01.dat,0
6081d05.dat,1
973p6c.dat,0
973p59.dat,0
3298p17.dat,1
35962p03.dat,0
2648.dat,0
267b.dat,0
71944k02.dat,0
16001p05.dat,0
6153754c.dat,0
2890.dat,0
32183c01.dat,0
2884.dat,0
48170.dat,1
39789.dat,1
3297d01.dat,1
819.dat,1
u9267.dat,0
s12b.dat,0
59.dat,0
973p7g.dat,0
93221p06.dat,1
973pbl.dat,0
973pa6.dat,0
53550.dat,0
973paw.dat,0
u9501.dat,0
60673c03p01.dat,1
75902p0a.dat,0
3070bpb0.dat,0
6148328bec01.dat,0
6177969d.dat,0
3468c01.dat,0
76277.dat,0
30222.dat,0
3626cp73.dat,1
88288p01.dat,0
428.dat,0
33031c01.dat,0
76382p1h.dat,0
2350b.dat,1
6178096f.dat,0
973pta.dat,0
004690a.dat,0
60373.dat,1
30361dpsk.dat,0
6625c01.dat,0
13792p01.dat,0
973pue.dat,0
6141875m.dat,0
44375bps1.dat,1
4515d03.dat,0
76382p0l.dat,0
85984p01.dat,0
92697.dat,0
4093c.dat,1
30236.dat,1
76263.dat,0
93589.dat,1
60602d02.dat,0
35366.dat,1
3626cp7e.dat,1
64897.dat,0
92241p0ac01.dat,0
3404b.dat,1
75902ps1.dat,0
92253p01c01.dat,0
26603d04.dat,0
2489.dat,0
3678bp4w.dat,1
92244p10.dat,0
196925a.dat,0
3010p26.dat,1
3070bptk.dat,0
u9364c02.dat,0
372.dat,1
42688.dat,0
3626cpbn.dat,1
4362ac01.dat,1
93668c01.dat,0
98386.dat,0
973pu3.dat,0
22168.dat,0
53791.dat,0
20461bpx1.dat,0
003440a.dat,0
92244p04.dat,0
3010p0h.dat,1
3070bpv5.dat,0
u590p01c01.dat,0
970phb.dat,0
21839-f2.dat,0
2362p53.dat,1
3957b.dat,0
73200bpq2.dat,0
3815pbg.dat,0
400.dat,1
45695.dat,1
72039.dat,0
4624296a.dat,0
3660p03.dat,1
73162p01.dat,0
4181p01.dat,1
88618.dat,1
3626cp8j.dat,1
6009254gc01.dat,0
4622303bc01.dat,0
58149.dat,0
48083c01.dat,0
2409d01.dat,1
10131.dat,0
2476.dat,1
30587.dat,0
2310.dat,1
3002dm1.dat,1
21019bp03.dat,0
4761.dat,0
67c01.dat,0
973pxb.dat,0
9245.dat,1
195555g.dat,0
10350c01.dat,0
3068bd06.dat,0
6074343p.dat,0
6162.dat,1
30593.dat,0
25866c02.dat,0
49736.dat,1
84750.dat,0
61904.dat,0
51560-f2.dat,0
2462.dat,1
67013p01.dat,1
u9142p01c07.dat,0
u9059.dat,0
3068bdfg.dat,0
3754.dat,1
62498c02.dat,0
11213.dat,1
93562.dat,0
191075a.dat,0
80278.dat,0
973px4.dat,0
3626cpm7.dat,1
3004p90.dat,1
3821d05.dat,1
3058a.dat,1
21019bp0e.dat,0
6009254e.dat,0
3032.dat,1
11575.dat,0
57520.dat,0
2338.dat,0
3816ps5.dat,0
6177949f.dat,0
3816cps5.dat,0
79811.dat,0
3026.dat,1
14769ps4.dat,0
6074343g.dat,0
973py0.dat,0
14419.dat,1
925p09.dat,1
6638.dat,0
953a.dat,1
u9065.dat,0
925p0x.dat,1
3068bdf1.dat,0
3740.dat,0
77182.dat,1
6177969ab.dat,0
85970dy1.dat,1
4215ap66.dat,1
10183p01.dat,0
87997p02.dat,0
30356.dat,1
4150pt0.dat,0
4650854h.dat,0
004490d.dat,0
4085c.dat,1
613p01.dat,1
13809p02.dat,0
57895p04.dat,0
24323.dat,0
4444p09.dat,1
57539p01.dat,0
42918.dat,0
92241p20.dat,0
32227.dat,0
21835-f2.dat,0
98138pxc.dat,0
24445.dat,0
813c01.dat,1
91598.dat,1
26603pz2.dat,0
3069bp87.dat,0
79756.dat,0
29161.dat,1
57029a.dat,0
4352c01.dat,0
30171c01.dat,0
38630p01.dat,0
90462pq0.dat,1
32555.dat,1
64713.dat,0
2431pc1.dat,0
196945p.dat,0
103918.dat,0
10092.dat,0
2924bd01.dat,1
30342.dat,1
2335p43.dat,0
3813.dat,0
168295a.dat,0
949b.dat,0
560.dat,1
165395ec01.dat,0
3040p03.dat,1
31074.dat,1
67498-f1.dat,0
004239a.dat,0
5292.dat,0
3229bc04.dat,1
3185.dat,0
u1852p05.dat,0
4129790b.dat,0
6372023i.dat,0
62233-f1.dat,0
4823c02.dat,1
35574.dat,1
u589p01c02.dat,0
42924.dat,0
25767.dat,0
98138px5.dat,0
35032f.dat,0
206.dat,0
2547bc02.dat,0
92241p08.dat,0
212.dat,1
30361aps1.dat,0
3464c01.dat,0
2599a.dat,1
49294c01.dat,0
18394.dat,0
3045dx1.dat,1
3817pbb.dat,0
433c02.dat,0
3191.dat,1
3816bpbb.dat,0
4198.dat,0
92907.dat,0
30164p01.dat,1
574.dat,0
48245c01.dat,0
92246p01.dat,0
6142275ac.dat,0
103a.dat,0
2502.dat,0
30395.dat,1
49130.dat,0
604551.dat,0
37364pdeb.dat,0
821472hc01.dat,0
3068bpx8.dat,0
u9187d.dat,0
191915k.dat,0
14301k01.dat,0
4615.dat,1
19729p09.dat,0
49656.dat,0
87610ps2.dat,0
6002.dat,1
64780p02.dat,0
t1010.dat,0
3626bpso.dat,1
u151.dat,0
22385p201.dat,0
4263304f.dat,0
6016.dat,0
3626bpq1.dat,1
t1004.dat,0
4182d0e.dat,1
3741ac05.dat,1
t1009k01.dat,0
4601.dat,0
65082p01.dat,0
3069bp50.dat,0
u9142p03c02.dat,0
4620857fc01.dat,0
191825a.dat,0
10051.dat,0
30381.dat,0
2516.dat,1
3069bpca.dat,0
46217.dat,0
4297022h.dat,0
40666.dat,0
80324.dat,0
44772c02.dat,0
825ap02.dat,1
87079p0f.dat,0
61071d01.dat,0
u9105.dat,0
15535p03.dat,0
55525.dat,1
50956p03.dat,1
1751.dat,0
31111p06.dat,0
50859ac01.dat,0
3626bps9.dat,1
98225.dat,0
72824.dat,0
4629.dat,0
6309ptc.dat,0
58773.dat,0
6309pug.dat,0
1745.dat,1
973pd7f.dat,0
91884p01.dat,1
t1038.dat,0
15673.dat,0
4182d03.dat,1
u9111.dat,0
38301p01c01.dat,0
13564.dat,0
22961.dat,0
3069bpc7.dat,0
3011pt4.dat,0
40882.dat,0
3068bpz0.dat,0
3634.dat,0
3068bp9w.dat,0
30632.dat,0
3068bp96.dat,0
004848b.dat,0
2454adq4.dat,1
32025.dat,1
821420a.dat,0
90484.dat,0
6148328awc01.dat,0
6637c01.dat,1
986.dat,0
76543b.dat,1
2431pzr.dat,0
3040ad02.dat,1
24121.dat,0
87846.dat,0
73200ps0.dat,0
2431pz3.dat,0
4162p1e.dat,0
30154.dat,0
6148328xc01.dat,0
30140.dat,1
45106p01.dat,0
992.dat,0
3626bp3e.dat,1
33449.dat,0
4162p0a.dat,0
80683.dat,1
32031.dat,0
2707p04.dat,0
u9363p02.dat,0
3004d0f.dat,1
5906.dat,0
30626.dat,0
6213p03.dat,1
3068bp82.dat,0
30350cdf0.dat,0
78886.dat,1
65141.dat,0
3822ps1.dat,1
170884b.dat,0
32019.dat,0
59826a.dat,0
165385b.dat,0
3004d14.dat,1
92198p08c01.dat,1
3387.dat,1
5090.dat,1
004219c.dat,0
30168.dat,1
2909c01.dat,0
80679p01.dat,0
85983c01.dat,1
2927.dat,0
3678bd01.dat,1
191485j.dat,0
35010.dat,1
3005pf0.dat,1
4162p1r.dat,0
4188571j.dat,0
762.dat,0
4286d08.dat,1
2431pze.dat,0
4162p13.dat,0
3626bp3r.dat,1
22578.dat,1
4162p0v.dat,0
3626bp33.dat,1
3626bp0i.dat,1
776.dat,0
65633.dat,1
4162p07.dat,0
3069bpw2.dat,0
3815c6v.dat,0
26078.dat,0
3004d00.dat,1
3228bc01.dat,1
2362bd01.dat,1
3068bp8d.dat,0
192375l.dat,0
13710g.dat,0
4586246b.dat,0
6062886b.dat,0
62809.dat,0
35789.dat,1
15459.dat,0
6200.dat,1
3626bph3.dat,1
22385p017.dat,0
50947d01.dat,0
10202p00.dat,0
3068bp55.dat,0
92250.dat,0
3081c.dat,1
3039pcj.dat,1
3069bpzc.dat,0
37365pdg9.dat,0
192685bc01.dat,0
54923c02.dat,1
16709p0b.dat,1
2700.dat,0
10247.dat,1
194535d.dat,0
2761c01.dat,1
u8025.dat,0
37720b.dat,0
24076p01.dat,0
789.dat,1
89664.dat,0
6572.dat,0
u8031.dat,0
98138p8i.dat,0
3010dm1.dat,1
765c01.dat,0
4622303a.dat,0
33299b.dat,0
3626cpceb.dat,1
71861.dat,0
11293c01.dat,1
u9140p02c01.dat,0
168365f.dat,0
30183.dat,1
2714.dat,0
3068bp41.dat,0
92244.dat,0
30367bps1.dat,1
2345p03.dat,1
6100p04.dat,1
3596d18.dat,0
16360pxh.dat,0
98138pn8.dat,0
u9449.dat,1
6214.dat,1
4740p02.dat,1
98088p02.dat,0
22385p003.dat,0
3068bp5c.dat,0
3068bp69.dat,0
95342p01.dat,0
24629p04.dat,0
003497h.dat,0
4211069.dat,0
u9461.dat,0
u8019.dat,0
15303.dat,0
979.dat,1
u9307.dat,1
3039p67.dat,1
191936e.dat,0
004452a.dat,0
3069bpz5.dat,0
3001pt1.dat,1
17514.dat,1
4638848h.dat,0
61482.dat,0
16709p04.dat,1
41752.dat,0
3039p73.dat,1
60637p01.dat,0
57539k01.dat,0
3436.dat,1
63864px1.dat,0
3626cpd69.dat,1
6005724a1.dat,0
004632b.dat,0
6643-f1.dat,0
2431pt8.dat,0
89658.dat,0
65676a.dat,0
15317.dat,0
u9313.dat,1
73092.dat,0
777p08.dat,0
98138pm4.dat,0
64288.dat,1
80686p02.dat,0
32181c04.dat,0
62821.dat,0
42529.dat,0
ms1049.dat,0
10509.dat,1
6142275l.dat,0
16178.dat,0
3596d24.dat,0
3350.dat,0
61480.dat,0
3815c8h.dat,0
41750.dat,1
16709p06.dat,1
26913.dat,1
4638848j.dat,0
3068bpc0.dat,0
3069bpz7.dat,0
004452c.dat,0
15301.dat,0
u9305.dat,1
4215ad0m.dat,1
6558.dat,0
13770.dat,0
2634c02.dat,1
22385p029.dat,0
3960p08.dat,1
u9463.dat,0
62837.dat,0
11601.dat,0
4429.dat,1
003497j.dat,0
3068bp5a.dat,0
206b.dat,0
3596d26.dat,0
77590.dat,0
3867p01.dat,1
u9477.dat,0
98138pm6.dat,0
15315.dat,0
93094p01.dat,0
73090.dat,1
u9311.dat,0
4622303t.dat,0
45522.dat,1
6005724a3.dat,0
2582pa0.dat,1
60637p03.dat,0
3039p71.dat,1
6564.dat,1
u8027.dat,0
4106593.dat,0
194535f.dat,0
30195.dat,1
2702.dat,0
3626cpd7i.dat,1
3069bpza.dat,0
37822.dat,0
3039pch.dat,1
3081a.dat,1
92252.dat,0
10202p02.dat,0
3068bp57.dat,0
22385p015.dat,0
3626bph1.dat,1
6202.dat,0
29cc01.dat,1
22385p001.dat,0
6216.dat,0
50231p01c01.dat,0
713b.dat,1
93094a.dat,0
194305e.dat,0
72632c01.dat,1
6142275y.dat,0
30367bps3.dat,1
2345p01.dat,1
92246.dat,0
6138629k.dat,0
2716.dat,0
30181.dat,1
168365d.dat,0
56204.dat,1
765c03.dat,0
4622303c.dat,0
60581d04.dat,1
195515a.dat,0
u8033.dat,0
11202p01c01.dat,0
4162p11.dat,0
2431pzg.dat,0
760.dat,0
4188571h.dat,0
3005pf2.dat,1
u9328ac01.dat,0
4162p1p.dat,0
191485h.dat,0
3626cpd8f.dat,1
80679p03.dat,0
004219a.dat,0
69779.dat,0
3068bp9b.dat,0
3385.dat,1
31512.dat,0
3817bpbe.dat,0
92198p08c03.dat,1
3430c02-f1.dat,1
59826c.dat,0
15068d01.dat,0
75350.dat,0
65143.dat,0
10312ps1.dat,0
92241p03c01.dat,0
98138pa5.dat,0
99244p02.dat,0
91968.dat,0
13710e.dat,0
71122.dat,0
3004d0s.dat,1
3068bp8f.dat,0
55981c05.dat,0
3062b.dat,1
3004d02.dat,1
60749.dat,0
3069bpw0.dat,0
4162p05.dat,0
774.dat,0
3626bp0k.dat,1
3626bp31.dat,1
6216d.dat,1
4162p0t.dat,0
2586ps1.dat,0
2919.dat,0
3127b.dat,1
85984d50.dat,0
11198.dat,0
30156.dat,1
79230.dat,0
26439-f2.dat,0
3840d02.dat,0
4162p1g.dat,0
4542886b.dat,0
2431pz1.dat,0
30350bp02.dat,0
2431pzp.dat,0
6442p01.dat,0
984.dat,0
3005p05.dat,1
821420c.dat,0
32027.dat,0
2454adq6.dat,1
3068bp94.dat,0
3815caw.dat,0
6213p01.dat,1
30624.dat,0
3068bp80.dat,0
3004d0d.dat,1
5904.dat,1
2707p06.dat,0
u9488.dat,0
64275.dat,0
30124bp04.dat,0
98138pb9.dat,0
12893p01.dat,0
4162p0c.dat,0
990.dat,1
87688.dat,0
18816.dat,0
71372k02.dat,0
6309pta.dat,0
49668.dat,1
3193a.dat,1
3144.dat,0
50956p01.dat,1
31111p04.dat,0
55527.dat,0
949ac01.dat,1
22977.dat,0
15535p01.dat,0
u9107.dat,0
15103.dat,0
u609.dat,1
73200pc67.dat,0
93084p04.dat,0
3622.dat,1
20461pd92.dat,0
76607c01.dat,0
33464p01.dat,0
4616559b.dat,0
3069bpb1.dat,0
20952p02.dat,1
87079p0d.dat,0
4066b.dat,0
973d08.dat,0
190605a.dat,0
3068bpz2.dat,0
4159.dat,0
3069bpc5.dat,0
2528.dat,0
3011pt6.dat,0
90109.dat,1
u9113.dat,0
u8026c01.dat,0
4868ad02.dat,1
98233.dat,0
4182d01.dat,1
44358.dat,0
6028.dat,0
91884p03.dat,1
1747.dat,0
u454p02.dat,0
004757b.dat,0
t1012.dat,0
3626bpsm.dat,1
86025.dat,0
31111p0b.dat,0
87610ps0.dat,0
194145d.dat,0
4617.dat,0
50305.dat,1
191915i.dat,0
20460bpdg3.dat,0
4171.dat,0
604553.dat,0
u9187f.dat,0
87079p02.dat,0
30397.dat,0
2500.dat,1
103c.dat,1
45708.dat,0
973pc00.dat,0
12888.dat,0
164557a.dat,0
32580.dat,0
4504371.dat,0
73200pc6a.dat,0
42073.dat,1
81038.dat,1
26280c01.dat,0
80326.dat,0
u66.dat,0
604547.dat,0
10053.dat,0
3069bpcc.dat,0
2514.dat,0
30383.dat,1
3817bpw2.dat,0
3069bp52.dat,0
26287.dat,0
u9649.dat,0
t1006.dat,0
20461bpdg3.dat,0
3626bpq3.dat,1
4263304d.dat,0
9327.dat,0
2849k02.dat,0
6014.dat,0
22385p203.dat,0
973pd99.dat,0
35032d.dat,0
98138px7.dat,0
32219.dat,0
47224c01-f2.dat,0
6372023k.dat,0
3187.dat,0
u1852p07.dat,0
79768.dat,0
60601p02.dat,0
3839.dat,1
30368.dat,0
92911.dat,0
9326t01.dat,0
2842c02.dat,1
3040p01.dat,1
6941.dat,1
562.dat,0
88517c01.dat,0
92246p03.dat,0
6142275aa.dat,0
24309.dat,0
576.dat,0
814c01-f1.dat,0
28533.dat,0
3816bp41.dat,0
21271.dat,1
38301p01.dat,0
10054p01.dat,0
3193.dat,1
4824.dat,0
85984dyo.dat,0
55296.dat,0
3464c03.dat,0
210.dat,1
39370.dat,0
68881.dat,0
3069bp85.dat,0
970cs5.dat,0
26603pz0.dat,0
238.dat,0
98138pxa.dat,0
753c02.dat,1
32225.dat,0
92241p22.dat,0
22750.dat,0
57539p03.dat,0
57895p06.dat,0
6542a.dat,0
4346d04.dat,0
4650854j.dat,0
4085a.dat,1
6255869oc01.dat,0
004490f.dat,0
70770.dat,0
3068bpt9.dat,0
2335p41.dat,0
3811.dat,1
10090.dat,0
30340.dat,1
4864p34.dat,1
196945r.dat,0
64711.dat,0
32557.dat,0
45907.dat,0
6969.dat,0
2598ps1.dat,1
62360.dat,0
54092p02c01.dat,1
4449d01-f1.dat,0
30218-f1.dat,1
u8001b.dat,1
85984dy9.dat,0
3030.dat,1
6009254g.dat,0
64683d02.dat,0
4142925.dat,1
3821d07.dat,1
6148.dat,1
3626cpm5.dat,1
973px6.dat,0
2440p68.dat,0
2726c02.dat,0
4106752d.dat,0
u9073.dat,0
87515.dat,0
2448.dat,1
247b.dat,1
70823.dat,1
191075c.dat,0
58177.dat,0
71682pt4.dat,0
11211.dat,1
4277932.dat,1
3815bp0o.dat,0
77180.dat,1
3742.dat,0
3068bdf3.dat,0
2359p04.dat,1
925p0z.dat,1
2038d01.dat,1
u9067.dat,0
10130c01.dat,0
2408p04.dat,1
4210a.dat,0
53988.dat,1
91405.dat,1
3068bd0b.dat,0
98347.dat,0
973py2.dat,0
3024.dat,1
14769ps6.dat,0
57536.dat,0
6177949d.dat,0
3821d0a.dat,1
92713c01.dat,0
84746.dat,1
46413.dat,1
21019bp01.dat,0
2312.dat,0
2474.dat,0
3626cp8h.dat,1
u9142p01c11.dat,0
4181p03.dat,1
4624296c.dat,0
69633c01.dat,0
3660p01.dat,1
3068bdfe.dat,0
75973.dat,1
u9142p01c05.dat,0
89510.dat,1
925p0m.dat,1
10127.dat,0
2460.dat,0
46361.dat,1
3018.dat,0
84752.dat,0
6142617uc01.dat,0
6160.dat,1
3068bd04.dat,0
3626cpbl.dat,1
19476-f1.dat,0
53787.dat,0
370.dat,1
3004p51.dat,1
3010p24.dat,1
3070bpti.dat,0
92244p12.dat,0
61053.dat,0
35714p01.dat,0
3795.dat,1
003437a.dat,0
92241p11c01.dat,0
26603d06.dat,0
18590.dat,0
004608a.dat,0
u1850p02.dat,0
3626cp7g.dat,1
99930.dat,0
76382p08.dat,0
3815pbe.dat,0
73200bpq0.dat,0
3023b.dat,1
30208.dat,0
3959.dat,0
3010p30.dat,1
u9324p01.dat,1
197905d.dat,0
3070bpv7.dat,0
92244p06.dat,0
20461bpx3.dat,0
4788.dat,0
53793.dat,0
98130p02.dat,0
98384.dat,1
973pu1.dat,0
3010p18.dat,1
92252p07c01.dat,0
35787pt01.dat,0
70162.dat,0
973pw9.dat,0
6178096d.dat,0
u9231c01.dat,1
14396.dat,0
87950-f2.dat,0
76382p1j.dat,0
194295d.dat,0
3626cp71.dat,1
6809.dat,0
78258.dat,0
20033.dat,1
u9331c01.dat,0
30234.dat,1
92695.dat,0
4093a.dat,1
6372023fc01.dat,0
169685b.dat,0
76382p0n.dat,0
4515d01.dat,0
51874p02.dat,0
973pug.dat,0
32345.dat,0
6141875o.dat,0
u9004c02.dat,1
30552.dat,0
30361dpsi.dat,0
11013.dat,0
2892.dat,1
6153754a.dat,0
16001p07.dat,0
4617a.dat,0
74781-f1.dat,1
35962p01.dat,0
3298p15.dat,1
973p6a.dat,0
15427p01.dat,0
u9271.dat,0
55889.dat,0
43755.dat,0
73696.dat,1
u9517.dat,0
6042677a.dat,0
27507p01.dat,0
4247a.dat,0
u9503c01.dat,1
32374p02.dat,1
6197394f.dat,0
3817cps2.dat,0
6177969f.dat,0
43747p01.dat,0
51345.dat,0
3070bpb2.dat,0
948cc01.dat,1
9.dat,1
15527p01.dat,0
973pau.dat,0
u9503.dat,0
973pa4.dat,0
973pbn.dat,0
22385p149.dat,0
93221p04.dat,1
3298p01.dat,1
u9265.dat,0
50944p01.dat,0
3648b.dat,0
48172.dat,1
2886.dat,0
28686.dat,1
41630.dat,1
30166ps0.dat,1
973p67.dat,0
u9150p01c02.dat,0
35199.dat,1
973p6v.dat,0
61406p07.dat,1
4207.dat,0
4297014h.dat,0
79387.dat,1
47753pq2.dat,0
30480ps0.dat,0
32190.dat,0
3069bd01.dat,0
99100p01.dat,0
3069bd0p.dat,0
30158d.dat,0
22385p161.dat,0
73200-f1.dat,0
u9132c03.dat,1
2723p07.dat,0
32184.dat,0
973pby.dat,0
199.dat,1
973pb8.dat,0
73200bp0h.dat,0
973pab.dat,0
3069p68.dat,0
75902p05.dat,0
71917.dat,0
4213.dat,1
19467.dat,0
2662.dat,1
79393.dat,0
973p4i.dat,0
67.dat,0
15429p04.dat,1
973p73.dat,0
87079d51.dat,0
827.dat,1
973p7r.dat,0
20460p01.dat,0
973p9y.dat,0
36036ph0.dat,0
127c03-f1.dat,0
3817cpc34.dat,0
973p98.dat,0
55237h.dat,0
68881p01.dat,0
45481.dat,0
14769p0f.dat,0
3597.dat,1
47296.dat,0
004595b.dat,0
3009p11.dat,1
2851.dat,0
9326p11.dat,0
20905ps0.dat,0
4521703o.dat,0
2431d07.dat,0
172.dat,0
53585.dat,0
3626cpx4.dat,1
973pm7.dat,0
166.dat,0
3816cpc34.dat,0
41748ps1.dat,1
61523.dat,0
2845.dat,0
3009p05.dat,1
3004pzb.dat,1
600.dat,0
88930p02.dat,0
98.dat,1
608p33.dat,1
14769p00.dat,0
2431df0.dat,0
3998b.dat,0
30022.dat,1
6153a.dat,1
3816cp01.dat,0
18976.dat,1
14769p0q.dat,0
3008d02.dat,1
3351a.dat,0
973p9n.dat,0
3008d0s.dat,1
4548064b.dat,0
2431d0a.dat,0
30375ps7.dat,1
196705d.dat,0
11946.dat,0
4493c00.dat,1
3626cpxb.dat,1
3678ap01.dat,1
973pma.dat,0
776pt0.dat,0
92198p04c03.dat,1
3004pz4.dat,1
973p8j.dat,0
30036.dat,1
163115a.dat,0
60601.dat,0
2879.dat,0
41817.dat,0
21767-f1.dat,0
93789.dat,0
96890-f2.dat,0
32146.dat,0
35787d01.dat,0
2361p01.dat,1
3326b.dat,0
33009dm0.dat,0
43967.dat,1
3626cpxc.dat,1
4493c01.dat,1
11947.dat,0
30375ps6.dat,1
2878.dat,1
41816.dat,0
3009p0b.dat,1
60481a.dat,1
30037.dat,1
4624c01.dat,0
14181.dat,1
973p8k.dat,0
3004pz5.dat,1
u595.dat,0
92198p04c02.dat,1
96828.dat,0
973p9o.dat,0
3008d0r.dat,1
3008d03.dat,1
3816p3j.dat,0
18977.dat,0
14769p0p.dat,0
60614.dat,0
3816cp3j.dat,0
3007p01.dat,1
14769p01.dat,0
57906.dat,1
4603014a.dat,0
4226995.dat,0
11953.dat,0
4548064c.dat,0
270c01.dat,1
t1010c02.dat,0
2335df0.dat,0
20380p01c01.dat,0
30350ad01.dat,0
3443bc06.dat,1
973pm6.dat,0
167.dat,0
3626cpx5.dat,1
99.dat,1
601.dat,0
3004pzc.dat,1
2844.dat,0
3009p04.dat,1
3582.dat,0
7039c01.dat,1
61522.dat,0
18787.dat,0
3009p10.dat,1
4180d.dat,0
2850.dat,0
896p01.dat,1
47297.dat,0
3596.dat,0
2688.dat,0
14769p0g.dat,0
46189.dat,0
4171849.dat,0
55237i.dat,0
973p99.dat,0
36036ph1.dat,0
3008d0e.dat,1
973p9x.dat,0
32086ps1.dat,1
4198678dc01.dat,0
173.dat,0
3037dq0.dat,1
92254p02.dat,0
2431d06.dat,0
20905ps1.dat,0
27205.dat,0
75902p04.dat,0
51378.dat,0
198.dat,1
973pac.dat,0
973pb9.dat,0
87058.dat,1
973pbx.dat,0
32185.dat,0
54200.dat,0
u9132c02.dat,1
4108c01.dat,1
20460p00.dat,0
973p7s.dat,0
826.dat,1
87079d50.dat,0
44775.dat,0
45406c01.dat,1
973p72.dat,0
15429p05.dat,1
973p4h.dat,0
6405.dat,0
19466.dat,0
4212.dat,1
11459p01.dat,0
2677.dat,1
4206.dat,0
61406p06.dat,1
3569.dat,1
3961px0.dat,1
80045.dat,0
973p6w.dat,0
3298p1b.dat,1
72.dat,0
2878c02.dat,1
973p66.dat,0
22385p160.dat,0
3069bd0q.dat,0
9044.dat,0
6180p01.dat,1
6377.dat,0
32191.dat,0
u586p02c04.dat,0
47753pq3.dat,0
20595.dat,0
22385p148.dat,0
973pbo.dat,0
973pa5.dat,0
u9502.dat,1
973pat.dat,0
40249.dat,1
8.dat,1
75902p0b.dat,0
14397p03c01.dat,0
51344.dat,0
61287.dat,0
32183c02.dat,0
2887.dat,0
u9264.dat,0
33267c01.dat,1
s12a.dat,0
32807.dat,1
93221p05.dat,1
u9270.dat,0
267a.dat,0
71944k01.dat,0
2893.dat,0
6347356o.dat,0
3233.dat,1
3817cps3.dat,0
6197394g.dat,0
u9106p01c01.dat,0
73697.dat,1
u9516.dat,0
43056c01.dat,1
98150.dat,0
22631.dat,0
44375bps2.dat,1
76382p0o.dat,0
169685c.dat,0
92694.dat,0
76260.dat,0
30235.dat,1
30362a.dat,0
60602d01.dat,0
30361dpsh.dat,0
30553.dat,0
6625c02.dat,0
flowers.dat,1
6141875n.dat,0
973puf.dat,0
32344.dat,0
51874p03.dat,0
6178096e.dat,0
u9231c00.dat,1
973ptb.dat,0
973pw8.dat,0
30639p02.dat,1
004690b.dat,0
70163.dat,0
191995a.dat,0
26603d0a.dat,0
15068pb0.dat,0
4107539.dat,0
6808.dat,0
3626cp70.dat,1
u9371p01.dat,0
2350a.dat,1
14397.dat,0
18585.dat,1
3958.dat,1
21839-f1.dat,0
30209.dat,1
67351.dat,0
3957a.dat,0
73200bpq1.dat,0
3815pbd.dat,0
76382p09.dat,0
973pu0.dat,0
98385.dat,0
98130p03.dat,0
53792.dat,0
2468p54.dat,1
4789.dat,1
20461bpx2.dat,0
92244p07.dat,0
u590p01c02.dat,0
3070bpv6.dat,0
3010p31.dat,1
3815bphb.dat,0
92244p13.dat,0
65497p01.dat,1
3070bpth.dat,0
3010p25.dat,1
u9364c01.dat,0
3004p50.dat,1
371.dat,0
973pt4.dat,0
42853.dat,1
3626cpbm.dat,1
35365.dat,1
3626cp7f.dat,1
u1850p03.dat,0
18591.dat,0
26603d07.dat,0
3794.dat,1
2431ds0.dat,0
93549.dat,1
51560-f1.dat,0
10126.dat,0
75972.dat,1
u9142p01c04.dat,0
3068bdfd.dat,0
3068bd05.dat,0
6161.dat,1
13349.dat,1
25866c01.dat,0
3002dm2.dat,1
11303c01.dat,0
21019bp00.dat,0
84747.dat,0
4762.dat,1
973pxa.dat,0
3068bd11.dat,0
9246.dat,1
4624296b.dat,0
6055874ac01.dat,0
4181p02.dat,1
u9142p01c10.dat,0
6009254gc02.dat,0
3626cp8i.dat,1
48083c02.dat,0
2475.dat,1
10132.dat,0
2408p05.dat,1
953b.dat,1
66155c01.dat,0
u9066.dat,0
3068bdf2.dat,0
u768.dat,0
3743.dat,0
93575.dat,0
6190a.dat,0
6177969aa.dat,0
4277933.dat,1
6177949e.dat,0
3816cps6.dat,0
973py3.dat,0
6074343d.dat,0
3068bd0c.dat,0
53989.dat,0
973px7.dat,0
88646p03.dat,1
3626cpm4.dat,1
95676.dat,0
3058b.dat,1
64683d03.dat,0
6009254f.dat,0
3031.dat,1
62498c01.dat,0
58176.dat,0
191075b.dat,0
2449.dat,1
6142275zc01.dat,0
u9072.dat,0
3815bpdg6.dat,0
2440p69.dat,0
2726c03.dat,0
62361.dat,1
t1095p01.dat,0
32556.dat,0
4864p35.dat,1
3816bp4f.dat,0
10091.dat,0
3817p4f.dat,0
2335p40.dat,0
85984dy8.dat,0
4180536.dat,1
38630p02.dat,0
79741.dat,0
u8001c.dat,1
90508p01.dat,0
32230.dat,0
92241p23.dat,0
239.dat,0
21835-f1.dat,0
26603pz1.dat,0
92092.dat,0
3069bp84.dat,0
57029b.dat,0
3068bpt8.dat,0
87997p01.dat,0
30355.dat,1
004490g.dat,0
4650854k.dat,0
13809p01.dat,0
57539p02.dat,0
3816bp40.dat,0
577.dat,1
92246p02.dat,0
48245c02.dat,0
35563.dat,1
3464c02.dat,0
211.dat,1
30361aps2.dat,0
55297.dat,0
85984dyn.dat,0
27167.dat,1
3817pba.dat,0
433c01.dat,0
3192.dat,1
3816bpba.dat,0
60601p03.dat,0
2298.dat,0
u1852p06.dat,0
3186.dat,1
10907.dat,0
62233-f2.dat,0
6372023j.dat,0
4129790a.dat,0
u589p01c01.dat,0
4823c01.dat,1
32218.dat,0
98138px6.dat,0
973pcj5.dat,0
35032e.dat,0
205.dat,0
4347c01d08.dat,1
2547bc01.dat,0
65426.dat,1
949a.dat,0
563.dat,0
30027d.dat,0
6940.dat,1
92910.dat,0
30369.dat,0
67498-f2.dat,0
3838.dat,0
3069bpcb.dat,0
30382.dat,1
10052.dat,0
21709a.dat,0
98568.dat,0
u1454p01.dat,1
44772c01.dat,0
973pdb8.dat,0
588.dat,0
22385p202.dat,0
6015.dat,0
9326.dat,0
2849k03.dat,0
90652.dat,0
3626bpq2.dat,1
t1007.dat,0
3626bpc21.dat,1
4865ad08.dat,0
u9142p03c01.dat,0
3069bp53.dat,0
3817bpw3.dat,0
27198.dat,0
50304.dat,1
87610ps1.dat,0
31111p0c.dat,0
86024.dat,0
3626bpsl.dat,1
t1013.dat,0
6092p01.dat,1
64780p01.dat,0
004757c.dat,0
33847.dat,0
12889.dat,0
103b.dat,0
2501.dat,0
30396.dat,1
87079p03.dat,0
u9187g.dat,0
4170.dat,1
604552.dat,0
49098py1.dat,0
37364pdea.dat,0
14301k02.dat,0
191915h.dat,0
38301p01c02.dat,0
u9112.dat,0
973pda4.dat,0
70942.dat,0
3011pt7.dat,0
98570p01.dat,0
3069bpc4.dat,0
2529.dat,0
4158.dat,0
3068bpz3.dat,0
20461pd87.dat,0
48205.dat,1
973d09.dat,0
5520.dat,0
u454p03.dat,0
1746.dat,1
91884p02.dat,1
44359.dat,0
4182d00.dat,1
98138pt5.dat,0
31111p05.dat,0
3145.dat,1
36069ap01.dat,0
71372k03.dat,0
87079p0e.dat,0
825ap01.dat,1
4616559c.dat,0
47122.dat,1
3623.dat,1
u608.dat,1
u9106.dat,0
164575cc01.dat,0
71735c01.dat,0
73194c04.dat,1
98138pb8.dat,0
32032.dat,0
u9489.dat,0
u9363p01.dat,0
26047.dat,1
3004d0e.dat,1
3068bp81.dat,0
30625.dat,1
11833.dat,1
76116.dat,0
6255869wc01.dat,0
87689.dat,0
991.dat,0
749.dat,1
6009194dc01.dat,0
4162p0b.dat,0
u9324p01c01.dat,1
985.dat,0
76543a.dat,1
2431pzq.dat,0
3040ad01.dat,1
24122.dat,0
4162p1f.dat,0
3840d03.dat,0
2431pz0.dat,0
4542886c.dat,0
30157.dat,1
3626cpd81.dat,1
2918.dat,0
302101.dat,1
3068bp95.dat,0
92290.dat,0
2429c01.dat,1
32026.dat,0
821420b.dat,0
2454adq7.dat,1
004848a.dat,0
3005p04.dat,1
30619.dat,1
55981c04.dat,0
3068bp8g.dat,0
3228bc02.dat,1
3004d0r.dat,1
13710d.dat,0
4586246a.dat,0
98138pa4.dat,0
10312ps0.dat,0
64248.dat,0
35007.dat,1
3626bp3q.dat,1
4162p0u.dat,0
25214.dat,0
6216e.dat,1
775.dat,0
3626bp30.dat,1
3626bp0j.dat,1
4162p04.dat,0
51595.dat,1
71645.dat,0
3069bpw1.dat,0
60748.dat,0
3815c6u.dat,0
3897d01.dat,0
80679p02.dat,0
20551c01.dat,0
191485i.dat,0
4162p1q.dat,0
3005pf3.dat,1
6217a.dat,0
761.dat,0
4162p10.dat,0
2431pzf.dat,0
65142.dat,0
170884a.dat,0
165385a.dat,0
59826b.dat,0
21700.dat,0
92198p08c02.dat,1
3384.dat,1
35017c01.dat,1
303223.dat,1
71137.dat,0
6138629j.dat,0
92247.dat,0
501bc01.dat,1
6142275x.dat,0
30367bps2.dat,1
194305d.dat,0
6217.dat,0
98088p01.dat,0
370226.dat,1
4740p01.dat,1
u8032.dat,0
6571.dat,0
4622303b.dat,0
65817.dat,0
765c02.dat,0
4582471.dat,1
33299a.dat,0
u9140p02c02.dat,0
374726.dat,1
30180.dat,1
2717.dat,0
168365e.dat,0
3039p58.dat,1
54923c01.dat,1
16709p0a.dat,1
2703.dat,0
30194.dat,0
194535g.dat,0
4106592.dat,0
37720a.dat,1
u8026.dat,0
6565.dat,1
u9338.dat,0
65803.dat,1
24076p02.dat,0
6062886a.dat,0
54360.dat,0
22385p014.dat,0
3068bp56.dat,0
19201p01.dat,0
10202p03.dat,0
92253.dat,0
971p63.dat,0
3039pci.dat,1
98138pm7.dat,0
u9476.dat,0
80686p01.dat,0
57899.dat,0
47452.dat,1
58572.dat,1
3596d27.dat,0
3626cpce7.dat,1
57539k02.dat,0
60637p02.dat,0
3039p70.dat,1
2582pa1.dat,1
6005724a2.dat,0
004632a.dat,0
u9310.dat,0
15314.dat,0
970c02.dat,0
3081cc01.dat,1
u9304.dat,0
4215ad0l.dat,1
30190c01.dat,0
004452b.dat,0
3069bpz6.dat,0
41989.dat,0
51542.dat,1
4638848k.dat,0
3068bpc1.dat,0
26912.dat,1
3001pt2.dat,1
16709p07.dat,1
41751.dat,1
3815c8i.dat,0
61481.dat,0
4585450.dat,0
003497k.dat,0
95342p02.dat,0
3347.dat,0
69963.dat,1
u9462.dat,0
62836.dat,0
3960p09.dat,1
15466.dat,0
22385p028.dat,0
3039pcm.dat,1
4410.dat,0
3817pw2.dat,0
u9107p05c02.dat,0
48995.dat,0
3068bp52.dat,0
3815cm0.dat,0
3816bpw2.dat,0
4533401j.dat,0
92257.dat,0
3626bph4.dat,1
22385p010.dat,0
6062886e.dat,0
26603pn0.dat,0
942.dat,0
99464.dat,0
194535c.dat,0
u8022.dat,0
u9494p01c01.dat,0
37720e.dat,1
2707.dat,0
41769.dat,1
30190.dat,0
16709p0e.dat,1
3069bpzd.dat,0
168365a.dat,0
30184.dat,1
2713.dat,1
3626cpd6h.dat,1
u9328.dat,0
956.dat,1
27925p02.dat,0
4622303f.dat,0
89663.dat,0
6575.dat,0
u8036.dat,0
6213.dat,1
4740p05.dat,1
22385p004.dat,0
72078p01.dat,0
30367bps6.dat,1
362626.dat,1
2345p04.dat,1
6100p03.dat,1
10532.dat,0
802ap02.dat,1
92243.dat,0
3626bphb.dat,1
15462.dat,0
u9466.dat,0
24629p03.dat,0
3068bp5d.dat,0
30562d02.dat,1
49309.dat,0
61485.dat,0
16709p03.dat,1
191936b.dat,0
3069bpz2.dat,0
004452f.dat,0
93613.dat,0
60475b.dat,1
4215ad0h.dat,1
73081.dat,0
71533k02.dat,0
u9501c01.dat,1
6580a.dat,0
35860p01.dat,1
43745p01.dat,0
u9314.dat,0
98138p88.dat,0
63286.dat,0
15525p01.dat,0
4622303q.dat,0
948ac01.dat,1
3176c01-f2.dat,1
6549.dat,0
71682.dat,0
21019bpde1.dat,0
3245bdq0.dat,1
3039p74.dat,1
64835p01c01.dat,0
3431.dat,0
20460pd92.dat,0
47330.dat,0
4438.dat,0
47456.dat,1
11610.dat,1
3596d23.dat,0
40339.dat,0
6142275k.dat,0
2049.dat,0
50946p01.dat,1
22385p038.dat,0
98138pm3.dat,0
59718b.dat,0
32181c03.dat,0
u9472.dat,0
15068d0b.dat,0
80690.dat,0
2454adq3.dat,1
32022.dat,0
u9499.dat,0
90483.dat,0
3188d01.dat,1
30635.dat,0
3068bp91.dat,0
3623pt3.dat,1
3815ca3.dat,0
850c01-f1.dat,0
u9569p01.dat,1
39611.dat,1
87570p01.dat,0
3626cpd85.dat,1
30153.dat,0
60644p03.dat,0
759.dat,0
2431pz4.dat,0
34335.dat,0
3840d07.dat,0
4162p1b.dat,0
13952.dat,0
981.dat,0
2431pzu.dat,0
24132.dat,0
3626bp08.dat,1
4162p0f.dat,0
995.dat,0
3069bpt9.dat,0
2908.dat,0
3852a.dat,0
30147.dat,1
30621.dat,1
3068bp85.dat,0
92280.dat,1
69754.dat,1
2707p03.dat,0
3004d0a.dat,1
30124bp01.dat,0
821421b.dat,0
35759.dat,0
42060d01.dat,1
10715p01.dat,0
70184-f1.dat,0
127c01-f1.dat,0
92198p08c06.dat,1
59826f.dat,0
65146.dat,0
2336p01.dat,1
765.dat,0
3626bp20.dat,1
2431pzb.dat,0
4162p14.dat,0
191485m.dat,0
35017.dat,0
14639p08.dat,0
3626cpd8c.dat,1
3817bp41.dat,0
67037.dat,0
18905p01.dat,0
2920.dat,0
37614.dat,0
3626bp34.dat,1
4197pt0.dat,0
6216a.dat,1
44822.dat,0
65634.dat,1
3960ph1.dat,1
4162p0q.dat,0
98138pa0.dat,0
63523.dat,1
4586246e.dat,0
192375k.dat,0
4022c01.dat,0
3068bp8c.dat,0
3004d0v.dat,1
87079ps1.dat,0
3004d07.dat,1
u9187c.dat,0
4211536.dat,0
191915l.dat,0
20460bpdg6.dat,0
4616559p.dat,0
6168a.dat,0
10042.dat,0
u9105p04c01.dat,0
87079p07.dat,0
68495p03.dat,0
u8028c01.dat,0
4610c01.dat,0
92693c02.dat,0
98578.dat,0
80337.dat,1
11241p01.dat,1
44375.dat,1
t1017.dat,0
3626bpsh.dat,1
31111p0g.dat,0
973pcfd.dat,0
87610ps5.dat,0
99100.dat,0
22385p212.dat,0
6538a.dat,0
266ac01.dat,1
6005.dat,1
4505a.dat,0
194145a.dat,0
4612.dat,1
19066.dat,1
84637.dat,0
5518.dat,1
3741ac02.dat,1
3626bpc25.dat,1
194325b.dat,0
t1003.dat,0
20461bpdg6.dat,0
4182d0b.dat,1
22385p206.dat,0
4263304a.dat,0
973pc11.dat,0
12899.dat,0
43368.dat,0
6142617wc01.dat,0
21019p09.dat,0
30386.dat,1
3069bpcf.dat,0
15535p04.dat,0
22972.dat,0
64228c01.dat,1
93084p01.dat,0
u9102.dat,0
64681d02.dat,0
3627.dat,0
60599.dat,1
825ap05.dat,1
2539.dat,1
87079p0a.dat,0
4616559g.dat,0
52572c01.dat,1
98222.dat,0
74656p03.dat,0
4182d10.dat,1
197875bc01.dat,0
244c01.dat,1
31111p01.dat,0
98138pt1.dat,0
6039.dat,1
2594a.dat,0
973pd6e.dat,0
4270894a.dat,0
4182d04.dat,1
4865bdx0.dat,0
79306-f2.dat,0
48201.dat,1
3068bpz7.dat,0
3633.dat,0
3069bpc0.dat,0
3011pt3.dat,0
3068ap17.dat,0
3666py0.dat,1
u595p01c09.dat,0
u9116.dat,0
24133p02.dat,1
26051p01.dat,0
4346d01.dat,0
92252p05c01.dat,0
24324.dat,1
57895p03.dat,0
61678.dat,0
19119c02.dat,1
4650854o.dat,0
004490c.dat,0
u9233c01.dat,1
78329.dat,1
3069bp80.dat,0
3039pt2.dat,1
4809.dat,0
98138pxd.dat,0
32220.dat,0
2431p79.dat,0
973pckc.dat,0
229.dat,1
47899c01d02.dat,1
74261.dat,0
u9333c01.dat,1
6372023dc01.dat,0
57028b.dat,0
10095.dat,0
30345.dat,0
2335p44.dat,0
32552.dat,0
61200ps0.dat,0
19474-f1.dat,0
3040p04.dat,1
75174p01c01.dat,1
99841.dat,1
73261-f1.dat,1
65422.dat,0
567.dat,0
35032a.dat,0
98138px2.dat,0
92241p13c01.dat,0
u1852p02.dat,0
6372023n.dat,0
85651c01.dat,0
37364.dat,0
3404dc01.dat,1
3816bpbe.dat,0
3817pbe.dat,0
2431p51.dat,0
32208.dat,0
92246p06.dat,0
6142275ad.dat,0
2525p30.dat,0
64728.dat,0
948a.dat,0
62359.dat,0
65384c01.dat,0
3828.dat,0
3940a.dat,0
79180.dat,1
2471.dat,0
3067apti.dat,1
4000.dat,0
93559.dat,0
6436c01.dat,0
44567.dat,1
3626cp8m.dat,1
370626.dat,0
4181p06.dat,1
33089.dat,1
13359.dat,0
973pxe.dat,0
3068bd15.dat,0
3009.dat,1
21019bp04.dat,0
77813.dat,0
4772.dat,0
93088p01.dat,0
3350d01.dat,0
49731.dat,0
6165.dat,1
98376p01.dat,0
30218k01.dat,1
6153p7a.dat,1
973pya.dat,0
3068bd01.dat,0
3815bpc67.dat,0
54760.dat,0
925p0h.dat,1
81149.dat,1
79194.dat,1
2465.dat,1
519c01.dat,0
61903.dat,0
27956.dat,0
3065d02.dat,1
3815bpdg2.dat,0
4106752a.dat,0
u9076.dat,0
3626cp8z.dat,1
952b.dat,1
191075f.dat,0
67095px0.dat,0
71682pt1.dat,0
11214.dat,0
93565.dat,0
6009254b.dat,0
42531p01.dat,0
949cc01.dat,1
3035.dat,1
3815bpde.dat,0
85582p01.dat,0
21019bp0b.dat,0
3821d02.dat,1
80519.dat,0
973px3.dat,0
3626cpm0.dat,1
88646p07.dat,1
3010p928.dat,1
6159.dat,1
973py7.dat,0
73485.dat,0
3068bd0g.dat,0
3816cps2.dat,0
47720.dat,1
15680p01.dat,0
3021.dat,1
14769ps3.dat,0
6177949a.dat,0
3070bpz1.dat,0
59278.dat,1
3747.dat,1
93571.dat,0
u9062.dat,1
u66p01c02.dat,0
3068bdf6.dat,0
3815bpc6a.dat,0
43220.dat,1
2359p01.dat,1
2408p01.dat,1
64847.dat,0
65581.dat,1
76382p1o.dat,0
182c01.dat,1
4865apt1.dat,0
3626cp74.dat,1
194295a.dat,0
76270.dat,0
30225.dat,1
18605p08.dat,1
335c01.dat,0
3815bph0.dat,0
3298ps2.dat,1
6255869mc01.dat,0
4285a.dat,1
76382pdd.dat,0
6178096a.dat,0
32340.dat,0
973pub.dat,0
6141875j.dat,0
19478-f1.dat,0
4874c01.dat,1
4533401gc01.dat,0
58827.dat,1
3010p09.dat,1
30361dpsl.dat,0
3817cp01.dat,0
92690.dat,1
3960.dat,1
30231.dat,1
3195p03.dat,1
76382p0k.dat,0
u66c02.dat,0
564c01.dat,1
471p01.dat,0
3665b.dat,1
26603d03.dat,0
30219.dat,1
3678bp41.dat,1
76382p19.dat,0
3404e.dat,0
73200bpsk.dat,0
64648.dat,1
3626cp7b.dat,1
73264c01.dat,1
973pt0.dat,0
36756p01.dat,0
375.dat,0
3010p21.dat,1
3070bptl.dat,0
2454ph0.dat,1
3815bphf.dat,0
28324.dat,1
92244p03.dat,0
18895p02.dat,1
65128c01p01.dat,0
6022692b.dat,0
3070bpv2.dat,0
3070bpuh.dat,0
197905a.dat,0
56908c02.dat,0
10907c01.dat,0
98130p07.dat,0
98381.dat,0
973pu4.dat,0
7284.dat,0
44658c01.dat,0
33062.dat,1
407.dat,1
3069bds2.dat,0
u977.dat,0
6180ps3.dat,1
2362p54.dat,1
14653-f1.dat,0
15529p01.dat,0
57719.dat,0
3009pk0.dat,1
004760a.dat,0
2494p02.dat,0
3069bd04.dat,0
32195.dat,0
30158a.dat,0
22385p164.dat,0
188.dat,1
3069bd0u.dat,0
973p62.dat,0
76.dat,0
52107.dat,1
u9248.dat,0
47206p02.dat,0
61406p02.dat,1
4202.dat,1
90462bpq3.dat,1
195125b.dat,0
4216.dat,1
30292b.dat,0
3579.dat,1
18973p08.dat,1
29ac01.dat,1
4266c02.dat,0
973p4l.dat,0
62.dat,1
15429p01.dat,1
973p76.dat,0
24085.dat,0
54562.dat,1
973p7w.dat,0
20460p04.dat,0
44771.dat,0
35188.dat,0
822.dat,0
22392.dat,0
3308ad01.dat,1
2723p02.dat,0
32181.dat,0
73200bp0m.dat,0
973pag.dat,0
512p01.dat,1
53543.dat,0
90508.dat,0
u9512.dat,0
3069bd0b.dat,0
43750.dat,0
39266p03.dat,1
22385p158.dat,0
u9349p01.dat,0
4858d02.dat,1
6197394c.dat,0
3070bpc3.dat,0
16001p02.dat,0
6153754d.dat,0
11016.dat,0
3622p09.dat,1
s13a.dat,0
6081d02.dat,1
973p6d.dat,0
3298p10.dat,1
35962p04.dat,0
3069bdf3.dat,0
32803.dat,1
65783.dat,0
3298p04.dat,1
93221p01.dat,1
u768c01.dat,0
u9260.dat,0
2883.dat,1
11002.dat,1
3794a.dat,1
3545.dat,1
266a.dat,1
6177969c.dat,0
98368p01.dat,0
43744.dat,1
98140.dat,0
973pa1.dat,0
973pbk.dat,0
60635p03.dat,0
24314p01.dat,0
3069bph.dat,0
783p11.dat,0
60176.dat,0
11957.dat,0
4603014e.dat,0
30741.dat,1
30027.dat,0
14769p05.dat,0
2868.dat,1
u9470c01.dat,0
14769p0t.dat,0
6024p02.dat,1
18973.dat,1
89918.dat,0
3008d0v.dat,1
973p9k.dat,0
6575b.dat,0
65768.dat,0
u600p01.dat,0
92198p04c06.dat,1
2536b.dat,1
2335d03.dat,0
4864apt4.dat,1
3004pz1.dat,1
64462.dat,1
973p8o.dat,0
57796ac01.dat,0
4624c05.dat,0
30033.dat,0
163115d.dat,0
26912c01.dat,1
71709.dat,0
41812.dat,0
196705a.dat,0
30375ps2.dat,1
12891p01.dat,0
20546.dat,0
3815bpq2.dat,0
973pmd.dat,0
4378a.dat,1
9326p14.dat,0
11202p03c01.dat,0
20460bpx3.dat,0
2431d02.dat,0
61254.dat,0
u9334p01.dat,0
177.dat,0
3003px0.dat,1
3004px9.dat,1
63325.dat,1
62537p02.dat,0
3430c00-f1.dat,1
89.dat,0
611.dat,1
70181c01.dat,0
71721.dat,0
14769p0c.dat,0
u9001p02.dat,0
2854.dat,0
3009p14.dat,1
2698.dat,0
50923.dat,0
92241p01c01.dat,0
3818p01.dat,0
18783.dat,0
606p33.dat,1
2840.dat,0
12884c01.dat,0
60638.dat,1
3586.dat,1
6267174h.dat,0
973p8x.dat,0
973p89.dat,0
605.dat,1
163.dat,1
973pm2.dat,0
3443bc02.dat,1
3626cpx1.dat,1
70081c01.dat,1
3149c01.dat,1
604.dat,1
973p88.dat,0
23714.dat,0
63330.dat,1
973p8y.dat,0
6267174i.dat,0
3587.dat,1
60639.dat,0
3009p01.dat,1
2841.dat,1
37467-f1.dat,0
50922.dat,0
2699.dat,0
6177969yc01.dat,0
9326p01.dat,0
3626cpx0.dat,1
3443bc03.dat,1
973pm3.dat,0
u9374c01.dat,0
6501596fc01.dat,0
3003px1.dat,1
22378.dat,0
58123p01.dat,1
176.dat,0
38320.dat,0
2431d03.dat,0
20460bpx2.dat,0
70358.dat,1
9326p15.dat,0
4180a.dat,0
2855.dat,1
67142.dat,0
u9001p03.dat,0
71720.dat,0
14769p0b.dat,0
37775.dat,0
822ec01.dat,0
610.dat,1
55237l.dat,0
74880.dat,0
62537p03.dat,0
63324.dat,0
3004px8.dat,1
41813.dat,0
14769p10.dat,0
71708.dat,0
4624c04.dat,0
4495a.dat,1
973p8n.dat,0
4864apt5.dat,1
2335d02.dat,0
3004pz0.dat,1
u590.dat,0
2536c.dat,1
6255869uc01.dat,0
3626cpxf.dat,1
30089a.dat,1
4493c04.dat,1
30375ps3.dat,1
69635.dat,0
4603014d.dat,0
29211.dat,0
64311.dat,0
4121921.dat,1
78522p01.dat,0
3069bpi.dat,0
3008d0w.dat,1
973p9j.dat,0
3008d06.dat,1
14769p0u.dat,0
18972.dat,1
45755p02.dat,0
2869.dat,1
14769p04.dat,0
49283.dat,0
20546p01.dat,0
4113993.dat,1
4616a.dat,1
3544.dat,1
2882.dat,0
93772.dat,1
u9261.dat,0
15265.dat,0
973p4z.dat,0
3298p05.dat,1
u9579b.dat,0
973p7a.dat,0
32802.dat,1
s12d.dat,0
60635p02.dat,0
973pbj.dat,0
98141.dat,0
43745.dat,0
u9507.dat,0
15503.dat,0
973paq.dat,0
3081ac01.dat,1
3070bpc2.dat,0
6347356j.dat,0
3817cps6.dat,0
6197394b.dat,0
44375bp01.dat,1
22385p159.dat,0
39266p02.dat,1
3069bd0c.dat,0
85984ps1.dat,0
43751.dat,0
u9513.dat,0
3003pt2.dat,1
90509.dat,1
6239p01.dat,0
3069bdf2.dat,0
4297014hc01.dat,0
35962p05.dat,0
973p6e.dat,0
3298p11.dat,1
u9209c01.dat,0
6081d03.dat,1
3622p08.dat,1
28696.dat,1
16001p03.dat,0
6153754e.dat,0
823.dat,0
88408.dat,1
35189.dat,0
20460p05.dat,0
973p7v.dat,0
69963c01.dat,1
24246p08.dat,0
973p77.dat,0
973p4m.dat,0
30230p01.dat,1
18973p09.dat,1
4742p01.dat,0
4217.dat,1
303c01.dat,1
75902p01.dat,0
304c08.dat,1
509c01-f2.dat,1
6501596f.dat,0
973paf.dat,0
2207c01.dat,0
6156d01.dat,1
32180.dat,0
2723p03.dat,0
3069bd11.dat,0
3069bd0t.dat,0
189.dat,1
22385p165.dat,0
2494p03.dat,0
3069bd05.dat,0
22387.dat,1
2454apa0.dat,1
57718.dat,0
3009pk1.dat,1
6347355f.dat,0
u586p02c01.dat,0
90462bpq2.dat,1
2672.dat,1
4203.dat,1
61406p03.dat,1
837.dat,1
u9249.dat,0
19203p01.dat,0
77.dat,0
973p63.dat,0
61856p40.dat,0
973pu5.dat,0
98130p06.dat,0
3070bpv3.dat,0
6022692c.dat,0
2535c01.dat,0
92244p02.dat,0
21301.dat,1
6180ps2.dat,1
3815pba.dat,0
3069bds3.dat,0
3626cp7c.dat,1
3404d.dat,1
412.dat,0
76382p18.dat,0
301021.dat,1
3678bp40.dat,1
26603d02.dat,0
3949.dat,0
4521664a.dat,0
56823.dat,0
3070bptm.dat,0
3010p20.dat,1
30402p01.dat,1
374.dat,1
2453a.dat,1
2466p68.dat,1
6299663ac01.dat,0
3626cpbh.dat,1
973pt1.dat,0
11598.dat,0
t1052c06-f2.dat,1
t1097p01.dat,0
3010p08.dat,1
62576.dat,1
15926.dat,0
92593py0.dat,1
3815p4f.dat,0
6141875k.dat,0
32341.dat,1
973puc.dat,0
80295.dat,0
88811.dat,0
76382p0j.dat,0
3195p02.dat,1
30230.dat,1
3961.dat,1
92691.dat,0
3817cp3j.dat,0
30224.dat,0
4092a.dat,0
6078419a.dat,0
21837-f1.dat,0
30346c01.dat,1
3626cp75.dat,1
92198p14c02.dat,1
4865apt0.dat,0
53168-f1.dat,0
2350d.dat,1
76382p1n.dat,0
3087bc01.dat,1
80028-f2.dat,0
3070bptz.dat,0
18605p09.dat,1
3070bpz0.dat,0
94318c01.dat,0
10679.dat,0
14769ps2.dat,0
3020.dat,1
93216.dat,0
3816cps3.dat,0
3068bd0f.dat,0
6074343a.dat,0
925a.dat,1
6158.dat,0
1411p01.dat,0
43221.dat,0
3068bdf7.dat,0
u9063.dat,0
2458.dat,1
93564.dat,0
11215.dat,1
71682pt0.dat,0
67095px1.dat,0
3752.dat,0
3815bpdg3.dat,0
6037721a.dat,0
u9077.dat,0
3626cpm1.dat,1
973px2.dat,0
3821d03.dat,1
21019bp0c.dat,0
95673.dat,0
3034.dat,1
6009254c.dat,0
3815cc44.dat,0
99061.dat,1
6164.dat,0
2302.dat,0
4773.dat,0
3065d03.dat,1
u9310c08.dat,1
51542dq0.dat,1
2464.dat,1
43702p01.dat,0
65080p02.dat,1
3068bdfa.dat,0
80256.dat,1
44572.dat,1
u9142p01c01.dat,0
75977.dat,1
4181p07.dat,1
3626cp8l.dat,1
3067apth.dat,1
2470.dat,0
61678p01.dat,0
604bc01.dat,1
21019bp05.dat,0
3008.dat,1
40066.dat,1
4767.dat,0
3068bd14.dat,0
973pxd.dat,0
13358.dat,0
33088.dat,1
16360pd7f.dat,0
4544143.dat,0
32209.dat,0
42936.dat,1
1126pt0.dat,0
3464b.dat,0
60189p01.dat,1
3817pbd.dat,0
29580p01.dat,0
31066.dat,0
3829.dat,0
196945a.dat,0
30378.dat,0
6256p01.dat,0
572.dat,1
2525p31.dat,0
92246p07.dat,0
58125b.dat,0
21490c01.dat,0
566.dat,0
24319.dat,0
30027a.dat,0
3040p05.dat,1
5294.dat,0
18386.dat,0
37365.dat,0
6372023o.dat,0
u1852p03.dat,0
3183.dat,1
u572p02.dat,0
98138px3.dat,0
200.dat,0
59494.dat,0
92083.dat,0
57028c.dat,0
58124c01.dat,1
47899c01d03.dat,1
32235.dat,0
822bp01.dat,0
3815.dat,0
3741a.dat,1
2335p45.dat,0
30344.dat,1
29601.dat,0
u9233c00.dat,1
004490b.dat,0
4650854n.dat,0
30350.dat,0
57895p02.dat,0
770ps1.dat,0
45917.dat,1
32221.dat,0
2431p78.dat,0
973pcjf.dat,0
98138pxe.dat,0
u9109p02c01.dat,0
163155a.dat,0
3039pt3.dat,1
3069bp81.dat,0
3192a.dat,1
182c01d01.dat,1
4182d05.dat,1
15675.dat,0
73200p3j.dat,0
u9117.dat,0
u595p01c08.dat,0
4207a.dat,0
52258.dat,1
3011pt2.dat,0
3069bpc1.dat,0
19729.dat,0
3068bpz6.dat,0
4616559f.dat,0
825ap04.dat,1
2538.dat,1
60598.dat,1
3626.dat,1
3937c01.dat,1
25971p01.dat,0
64681d03.dat,0
15107.dat,0
u9103.dat,0
455p01.dat,1
4209ad01.dat,1
22973.dat,0
3068ap02.dat,0
15535p05.dat,0
10172p01.dat,0
98138pt0.dat,0
81772.dat,0
98223.dat,0
74656p02.dat,0
6142275xc01.dat,0
66857.dat,0
3066p01.dat,1
86035.dat,0
22385p207.dat,0
t1002.dat,0
44360.dat,0
194325c.dat,0
4607.dat,1
3741ac03.dat,1
u9142p03c04.dat,0
3069bp56.dat,0
4088b.dat,1
95049.dat,0
30387.dat,1
3069bpcg.dat,0
10057.dat,1
21019p08.dat,0
3755ap02.dat,1
4161.dat,1
3822p01.dat,1
43369.dat,0
80336.dat,0
92693c03.dat,0
68495p02.dat,0
2544c01.dat,0
87079p06.dat,0
191915m.dat,0
196695a.dat,0
u9187b.dat,0
4175.dat,1
4613.dat,1
3068p10.dat,0
59443.dat,0
87610ps4.dat,0
22385p213.dat,0
99101.dat,0
31111p0f.dat,0
004757f.dat,0
44374.dat,0
t1016.dat,0
3960ph0.dat,1
4162p0p.dat,0
4162p01.dat,0
65635.dat,1
3626bp35.dat,1
770.dat,0
30350cd01.dat,0
3069bpw4.dat,0
3395.dat,1
87079ps0.dat,0
3004d0w.dat,1
55981c01.dat,0
3068bp8b.dat,0
13710a.dat,0
192375j.dat,0
u592p02c01.dat,0
4586246d.dat,0
63522.dat,1
98138pa1.dat,0
3941p01.dat,0
3070bds0.dat,0
59826g.dat,0
3817bpba.dat,0
92198p08c07.dat,1
3004d12.dat,1
303226.dat,1
24087p01.dat,0
30608.dat,0
3063b.dat,1
2921.dat,1
3817bp40.dat,0
2527c01.dat,0
46882p01.dat,0
35016.dat,1
92251p02c01.dat,0
191485l.dat,0
2431pzc.dat,0
4162p15.dat,0
2412a.dat,0
4188571l.dat,0
764.dat,0
190595a.dat,0
3741c01.dat,1
4158884a.dat,0
3815c6g.dat,0
76113.dat,1
2909.dat,0
59349p01.dat,1
3069bpt8.dat,0
63278.dat,0
994.dat,0
4162p0g.dat,0
3626bp09.dat,1
24133.dat,1
73194c01.dat,1
21825-f1.dat,0
821421c.dat,0
2707p02.dat,0
69755.dat,0
3068bp84.dat,0
35019c01.dat,1
30620.dat,1
26056.dat,0
2985c01.dat,1
16195.dat,0
57877.dat,0
3815ca2.dat,0
3068bp90.dat,0
3623pt2.dat,1
66965p01.dat,0
3754p01.dat,1
43802.dat,1
3684p22.dat,1
3005p01.dat,1
u9498.dat,0
2454adq2.dat,1
32023.dat,0
3040ad04.dat,1
2431pzt.dat,0
980.dat,1
98138p62.dat,0
2431pz5.dat,0
4542886f.dat,0
4162p1c.dat,0
3840d06.dat,0
758.dat,0
30152.dat,0
3817bp4f.dat,0
48002.dat,1
93606.dat,0
45411p01.dat,1
3430.dat,1
3039p75.dat,1
11177.dat,0
41740.dat,1
u9210p01.dat,0
3245bdq1.dat,1
2341px0.dat,1
14397p01c01.dat,0
4622303p.dat,0
13760.dat,1
4460b.dat,1
98138p89.dat,0
u9315.dat,0
u9473.dat,0
32181c02.dat,0
59718c.dat,0
98138pm2.dat,0
22385p039.dat,0
14769.dat,0
6142275j.dat,0
2048.dat,1
3596d22.dat,0
6138629x.dat,0
93160.dat,0
4439.dat,0
47457.dat,1
3068bp5e.dat,0
11605.dat,0
24629p02.dat,0
24866.dat,1
u9467.dat,0
54359.dat,0
13971c01.dat,0
99798-f2.dat,0
71533k03.dat,0
4215ad0i.dat,1
u9301.dat,0
u9106p03c01.dat,0
93612.dat,0
47325.dat,0
20460pd87.dat,0
3069bpz3.dat,0
191936c.dat,0
16709p02.dat,1
61484.dat,1
49308.dat,1
89662.dat,0
u8037.dat,0
6574.dat,0
55709.dat,0
4622303g.dat,0
80120.dat,1
957.dat,0
u9329.dat,0
4363.dat,1
3626cpd6i.dat,1
37365pdea.dat,0
30359a.dat,1
2712.dat,1
30185.dat,1
u9205c01.dat,1
572a.dat,1
92242.dat,0
802ap03.dat,1
6100p02.dat,1
2345p05.dat,1
68488.dat,0
30367bps7.dat,1
194305a.dat,0
6082p01.dat,1
4740p04.dat,1
22385p005.dat,0
98088p04.dat,0
3829c01.dat,0
6212.dat,1
712b.dat,1
6062886d.dat,0
93273dy2.dat,0
22385p011.dat,0
6206.dat,0
3626bph5.dat,1
76113c01.dat,1
2943ac01.dat,0
92256.dat,0
3829a.dat,0
3815cm1.dat,0
4533401k.dat,0
3816bpw3.dat,0
3068bp53.dat,0
10202p06.dat,0
u9107p05c03.dat,0
3817pw3.dat,0
3039pcl.dat,1
50665.dat,0
3069bpze.dat,0
16709p0d.dat,1
30191.dat,0
2706.dat,0
41768.dat,1
6142617oc01.dat,0
37720d.dat,0
u8023.dat,0
194535b.dat,0
42090p01.dat,0
943.dat,0
42511.dat,1
22385p007.dat,0
4740p06.dat,1
004845a.dat,0
194305c.dat,0
30367bps5.dat,1
3039pa0.dat,1
802ap01.dat,1
10531.dat,0
92240.dat,1
572c.dat,0
2440d01.dat,0
53788c01.dat,0
30187.dat,1
2710.dat,0
168365b.dat,0
37365pdec.dat,0
3069bpx9.dat,0
3626cpd6k.dat,1
60581d02.dat,1
4622303e.dat,0
27925p01.dat,0
u8035.dat,0
6576.dat,1
2431pw0.dat,0
941.dat,0
168105a.dat,0
799.dat,0
u8021.dat,0
6562.dat,0
u9494p01c02.dat,0
20380.dat,0
2704.dat,0
30193.dat,0
16709p0f.dat,1
3069bpzg.dat,0
4375.dat,1
u9496p01.dat,0
3039pcn.dat,1
69958.dat,1
3596d08.dat,0
3817pw1.dat,0
3068bp51.dat,0
u9107p05c01.dat,0
10202p04.dat,0
92254.dat,0
3816bpw1.dat,0
4533401i.dat,0
3626bph7.dat,1
93273dy0.dat,0
22385p013.dat,0
99301.dat,1
6062886f.dat,0
4362a.dat,1
80650.dat,1
3960p0h.dat,1
47455.dat,0
3596d20.dat,0
6142275h.dat,0
3068bp79.dat,0
86209.dat,0
4141502a.dat,0
59718a.dat,0
98138pm0.dat,0
u9471.dat,0
u9317.dat,0
969.dat,0
15525p02.dat,0
3176c01-f1.dat,1
98989.dat,0
4622303r.dat,0
948ac02.dat,1
3245bdq3.dat,1
u9210p03.dat,0
58213.dat,0
93604.dat,1
4638848l.dat,0
646ac01.dat,1
2738.dat,0
3069bpz1.dat,0
004452e.dat,0
191936a.dat,0
60475a.dat,1
4349.dat,1
u9303.dat,0
4215ad0k.dat,1
6580b.dat,0
u9328a.dat,0
71533k01.dat,0
89648.dat,1
4616559fc01.dat,0
65421p01.dat,0
3626bpha.dat,1
6238.dat,1
44148.dat,0
u9465.dat,0
15461.dat,0
3039pc8.dat,1
2335pw1.dat,0
69964.dat,0
2609a.dat,0
30562d01.dat,1
3068bp86.dat,0
30622.dat,0
3817bpc1.dat,0
3004d0b.dat,1
821421a.dat,0
25549.dat,0
30124bp02.dat,0
81599.dat,1
73194c03.dat,1
24131.dat,0
4162p0e.dat,0
996.dat,0
59349p03.dat,1
3852b.dat,0
92198p01c09.dat,1
30144.dat,1
87570p02.dat,0
30150.dat,1
13789.dat,0
44809.dat,0
3840d04.dat,0
4162p1a.dat,0
4542886d.dat,0
2431pz7.dat,0
982.dat,0
98138p60.dat,0
t43267.dat,0
2431pzv.dat,0
32021.dat,1
2454adq0.dat,1
26603pb0.dat,0
3005p03.dat,1
30296p01.dat,1
3754p03.dat,1
37702c01.dat,0
92250p04c01.dat,0
3068bp92.dat,0
30636.dat,0
3068bp9s.dat,0
850c01-f2.dat,0
59858.dat,0
32009.dat,0
98138pa3.dat,0
2454dm0.dat,1
192375h.dat,0
13710c.dat,0
4022c02.dat,0
55981c03.dat,0
3004d04.dat,1
6109079bc01.dat,0
78666.dat,1
2937.dat,1
3068bpn1.dat,0
30178.dat,0
3815c63.dat,0
6216b.dat,1
42288.dat,1
772.dat,1
6589.dat,0
4162p03.dat,0
385ap01.dat,1
4162p0r.dat,0
3960ph2.dat,1
99498.dat,0
24119.dat,0
766.dat,0
4162p17.dat,0
2431pza.dat,0
35014.dat,0
191485n.dat,0
3005pf4.dat,1
u9499p01c01.dat,0
18838.dat,1
2923.dat,0
18905p02.dat,0
3817bp42.dat,0
10715p02.dat,0
23766p01.dat,0
70184-f2.dat,0
3817bpa9.dat,0
3383.dat,1
3004d10.dat,1
92198p08c05.dat,1
3817bpbc.dat,0
127c01-f2.dat,0
25561.dat,0
59826e.dat,0
33303.dat,0
3822p03.dat,1
53178.dat,0
16424.dat,0
3069bpce.dat,0
30385.dat,0
2512.dat,1
10055.dat,0
31925.dat,1
3069bp54.dat,0
47545p01.dat,0
3741ac01.dat,1
19071.dat,1
t1000.dat,0
3626bpq5.dat,1
194325a.dat,0
4182d0a.dat,1
24496.dat,0
22385p205.dat,0
4263304b.dat,0
4692c01.dat,1
t1014.dat,0
90641.dat,0
11241p02.dat,1
801a.dat,1
004757d.dat,0
22385p211.dat,0
87610ps6.dat,0
24482.dat,0
31111p0d.dat,0
6538b.dat,0
194145b.dat,0
314d.dat,1
11439.dat,0
50303.dat,1
4611.dat,0
19065.dat,0
93348.dat,1
196695c.dat,0
30391.dat,0
87079p04.dat,0
10041.dat,1
u9105p04c02.dat,0
190736a.dat,0
13548.dat,1
42061.dat,1
13710ac01.dat,0
92693c01.dat,0
75815.dat,1
48202.dat,0
3068bpz4.dat,0
11377.dat,0
3069bpc3.dat,0
24133p01.dat,1
u9115.dat,0
15677.dat,0
4182d07.dat,1
79306-f1.dat,0
3678p4h.dat,1
3069bp68.dat,0
28290.dat,0
67144p01.dat,0
497c01.dat,1
66855.dat,1
47643.dat,1
t1028.dat,0
t1024c01.dat,0
197875bc02.dat,0
31111p02.dat,0
98138pt2.dat,0
244c02.dat,1
65384.dat,0
2594b.dat,0
93084p02.dat,0
64681d01.dat,0
u9101.dat,0
3624.dat,0
87079p0b.dat,0
825ap06.dat,1
4616559d.dat,0
88644p01.dat,1
30346.dat,1
30350d01.dat,0
3817.dat,0
32551.dat,0
3960ps8.dat,1
42908.dat,0
67100p01k01.dat,0
47899c01d01.dat,1
58124c03.dat,0
15673p01.dat,0
57028a.dat,0
10928.dat,0
92081.dat,0
3039pt1.dat,1
3069bp83.dat,0
163155c.dat,0
98138pxg.dat,0
4346d02.dat,0
25269p61.dat,0
23448.dat,0
76307.dat,0
19119c01.dat,0
3803.dat,0
4650854l.dat,0
6636py1.dat,0
u9233c02.dat,1
56904c01.dat,0
26530.dat,0
92246p05.dat,0
98590.dat,0
948b.dat,0
62792p01.dat,1
570.dat,1
28535.dat,1
6221655hc01.dat,0
3940b.dat,0
92903.dat,1
3195.dat,1
70038.dat,0
3816bpbf.dat,0
11055p30.dat,0
3817pbf.dat,0
216.dat,0
23306.dat,1
2431p52.dat,0
202.dat,1
35032b.dat,0
98138px1.dat,0
92241p18.dat,0
64059.dat,0
u1852p01.dat,0
85651c02.dat,0
6372023m.dat,0
18384.dat,0
3404dc02.dat,1
60601p04.dat,0
30408.dat,0
19474-f2.dat,0
3040p07.dat,1
30027c.dat,0
65421.dat,0
54824.dat,0
73261-f2.dat,1
564.dat,1
44570.dat,1
u9142p01c03.dat,0
3068bdfc.dat,0
925p0k.dat,1
2466.dat,1
3778.dat,0
3065d01.dat,1
4771.dat,1
4124456.dat,0
66909.dat,1
2300.dat,0
59521.dat,0
6166.dat,1
63871.dat,0
30218k02.dat,0
3068bd02.dat,0
389.dat,1
98369.dat,0
973pxf.dat,0
4773a.dat,0
57518.dat,0
21019bp07.dat,0
4003.dat,1
u9049.dat,1
3626cp8n.dat,1
u8204p01.dat,1
22385p403.dat,0
4181p05.dat,1
49311ps0.dat,1
11203.dat,1
u9061.dat,0
2359p02.dat,1
6342851ec01.dat,0
80268.dat,0
u66p01c01.dat,0
3068bdf5.dat,0
2408p02.dat,1
973py4.dat,0
199014a.dat,0
6074343c.dat,0
98341.dat,0
3068bd0d.dat,0
3816cps1.dat,0
13710mc01.dat,0
3022.dat,1
6177949b.dat,0
17114.dat,1
6009254a.dat,0
3036.dat,1
42531p02.dat,0
949cc02.dat,1
304826.dat,0
21019bp0a.dat,0
3821d01.dat,1
973px0.dat,0
739p01.dat,0
3626cpm3.dat,1
87513.dat,1
15071.dat,1
4106752b.dat,0
u9075.dat,0
3626cp88.dat,1
952a.dat,1
3626cp8y.dat,1
6628.dat,0
191075e.dat,0
71682pt2.dat,0
11217.dat,0
3750.dat,0
58171.dat,0
3963.dat,1
49097.dat,1
92693.dat,0
3817cp02.dat,0
76382p0h.dat,0
169685d.dat,0
u66c01.dat,0
74967p01.dat,0
564c02.dat,1
6141875i.dat,0
973pua.dat,0
t1052c08.dat,1
73479.dat,1
34732.dat,1
19478-f2.dat,0
30554.dat,0
47904.dat,0
21459.dat,0
53450c01.dat,0
30540.dat,1
61069.dat,0
335c02.dat,0
3070bptx.dat,0
3298ps1.dat,1
6221655dc01.dat,0
4285b.dat,1
6178096b.dat,0
76382p1l.dat,0
3004pc0.dat,1
12939.dat,1
4865apt2.dat,0
300301.dat,1
194295b.dat,0
t43111.dat,0
3626cp77.dat,1
98389p01.dat,0
30226.dat,1
404.dat,1
3069bds1.dat,0
3815pa9.dat,0
31110.dat,0
3787.dat,1
40931.dat,0
2499.dat,0
18895p01.dat,1
28327.dat,1
197905b.dat,0
6022692a.dat,0
3070bpv1.dat,0
25560c01.dat,0
30361dps9.dat,0
20461bpx5.dat,0
4182p03d01.dat,1
973pu7.dat,0
98130p04.dat,0
98382.dat,0
56908c01.dat,0
2468p53.dat,1
6199.dat,0
33061.dat,0
973pt3.dat,0
71372-f1.dat,0
3626cpbj.dat,1
376.dat,1
92244p14.dat,0
003441a.dat,0
3070bpto.dat,0
3010p22.dat,1
3665a.dat,1
64893.dat,0
u1850p04.dat,0
3626cp7a.dat,1
22391.dat,1
u9539.dat,0
4780c01.dat,0
2723p01.dat,0
32182.dat,0
3308ad02.dat,1
51719c01.dat,0
u9132c05.dat,1
973pad.dat,0
75902p03.dat,0
6177969w.dat,0
30292a.dat,0
4215.dat,1
4266c01.dat,0
u9169c01.dat,1
973p4o.dat,0
61.dat,0
15429p02.dat,1
973p75.dat,0
31cc01.dat,1
20460p07.dat,0
973p7t.dat,0
821.dat,1
44772.dat,0
32828.dat,1
973p61.dat,0
75.dat,0
47206p01.dat,0
4201.dat,1
28870.dat,0
61406p01.dat,1
195125a.dat,0
2670.dat,1
6153754p.dat,0
90462bpq0.dat,1
60808.dat,1
14653-f2.dat,0
20592.dat,0
u586p02c03.dat,0
15529.dat,0
22385.dat,0
32196.dat,0
004760b.dat,0
3675dx0.dat,1
3069bd07.dat,0
2494p01.dat,0
30158b.dat,0
3069bd0v.dat,0
32474px0.dat,0
3069p52.dat,0
61280.dat,0
11767.dat,1
57518c01.dat,0
973pas.dat,0
15501.dat,0
43747.dat,0
35809.dat,0
24314p02.dat,0
973pa2.dat,0
973pbh.dat,0
973p49.dat,0
u768c02.dat,0
93221p02.dat,1
973p4x.dat,0
u9263.dat,1
2880.dat,0
4229.dat,1
58367.dat,0
3794b.dat,1
266b.dat,1
2894.dat,1
6153754g.dat,0
16001p01.dat,0
11015.dat,0
3298p13.dat,1
973p6g.dat,0
6081d01.dat,1
3069bdf0.dat,0
88422.dat,1
809.dat,1
6239p03.dat,0
u9511.dat,0
15515.dat,0
53540.dat,1
99249.dat,0
u9349p02.dat,0
33009c01.dat,0
44375bp03.dat,1
18031.dat,0
4858d01.dat,1
3817cps4.dat,0
6347356h.dat,0
4211119.dat,1
3070bpc0.dat,0
4218868.dat,0
30375ps1.dat,1
57915.dat,0
3815bpq1.dat,0
4378b.dat,0
32627.dat,1
3004pz2.dat,1
2536a.dat,1
u592.dat,0
92198p04c05.dat,1
973p8l.dat,0
57796ac02.dat,0
30030.dat,1
4155708.dat,1
41811.dat,1
60607.dat,0
20546p03.dat,0
14769p06.dat,0
18970.dat,1
15068pz1.dat,0
14769p0w.dat,0
u586.dat,0
3008d04.dat,1
u9288.dat,0
73109.dat,1
6575a.dat,0
73200bphb.dat,0
973p9h.dat,0
3008d0u.dat,1
u600p02.dat,0
148.dat,0
3002p18b.dat,1
57901.dat,0
4603014f.dat,0
11954.dat,0
2431d0g.dat,0
20551.dat,0
4548064d.dat,0
973pm1.dat,0
3443bc01.dat,1
3001d08.dat,1
3626cpx2.dat,1
70081c02.dat,0
88393.dat,1
28125.dat,0
50920.dat,0
92250p08c01.dat,0
2843.dat,0
3009p03.dat,1
3585.dat,1
12884c02.dat,0
22408.dat,1
606.dat,1
63326.dat,1
3008d0b.dat,1
44799.dat,0
62537p01.dat,0
64449.dat,1
3430c00-f2.dat,1
612.dat,1
75544.dat,0
30018.dat,1
61531.dat,1
u9001p01.dat,0
37777.dat,0
71722.dat,0
3009p17.dat,1
67140.dat,0
2857.dat,0
4180c.dat,0
31460.dat,0
9326p17.dat,0
20460bpx0.dat,0
4598.dat,1
2431d01.dat,0
2473a.dat,0
174.dat,1
3590.dat,0
67141.dat,0
4180b.dat,1
2856.dat,0
41838.dat,0
14769p0a.dat,0
37776.dat,0
613.dat,1
75545.dat,1
64448.dat,1
3008d0c.dat,1
63327.dat,0
3003px2.dat,1
23065.dat,0
132-old.dat,0
175.dat,1
18836pq0.dat,0
100662p01.dat,0
4599.dat,1
20460bpx1.dat,0
9326p16.dat,0
197925a.dat,0
9326p02.dat,0
821435h.dat,0
4107073.dat,0
3001d09.dat,1
3626cpx3.dat,1
973pm0.dat,0
161.dat,1
607.dat,1
24078.dat,1
u9041c01.dat,1
22409.dat,1
973p8z.dat,0
63333.dat,1
37467-f2.dat,0
2842.dat,1
21100.dat,0
3009p02.dat,1
6643k01.dat,0
37762.dat,0
61524.dat,0
50921.dat,0
973p9i.dat,0
3008d0t.dat,1
u9289.dat,0
3008d05.dat,1
u587.dat,0
4214921.dat,0
14769p0v.dat,0
15068pz0.dat,0
45755p01.dat,0
14769p07.dat,0
20546p02.dat,0
69636.dat,0
4603014g.dat,0
57900.dat,0
2431d0f.dat,0
11955.dat,0
783p13.dat,0
149.dat,1
32140.dat,0
30089b.dat,1
3815bpq0.dat,0
6582c01.dat,0
196705c.dat,0
49294.dat,0
30031.dat,0
4495b.dat,1
973p8m.dat,0
92198p04c04.dat,1
3004pz3.dat,1
2335d01.dat,0
808.dat,0
3069bdf1.dat,0
3004pt8.dat,1
74698.dat,0
3298p12.dat,1
973p6f.dat,0
48.dat,0
11014.dat,0
6153754f.dat,0
2895.dat,0
16001p00.dat,0
4162628.dat,1
3070bpc1.dat,0
6197394a.dat,0
2976c01.dat,1
6347356i.dat,0
39266p01.dat,1
6239p02.dat,0
u9510.dat,0
3003pt1.dat,1
45337.dat,1
4629down.dat,0
973pbi.dat,0
973pa3.dat,0
60635p01.dat,0
43746.dat,1
973par.dat,0
5650.dat,0
51342.dat,0
4616b.dat,1
772p01.dat,1
4228.dat,1
2881.dat,0
u9262.dat,0
973p4y.dat,0
93221p03.dat,1
65781.dat,0
973p48.dat,0
973p7b.dat,0
u9579a.dat,0
2671.dat,1
95328.dat,0
90462bpq1.dat,1
6153754q.dat,0
19203p02.dat,0
24093.dat,0
37383p01c01.dat,1
973p60.dat,0
3069bd0w.dat,0
22385p166.dat,0
30158c.dat,0
32197.dat,0
3069bd06.dat,0
3675dx1.dat,1
47508.dat,0
u586p02c02.dat,0
3009pk2.dat,1
21699.dat,0
6177969v.dat,0
75902p02.dat,0
4346pw01.dat,0
509c01-f1.dat,1
73200bpc39.dat,0
73861.dat,1
973pae.dat,0
73200bp0o.dat,0
u9132c04.dat,1
32183.dat,0
u9538.dat,0
22390.dat,1
44773.dat,1
820.dat,1
973p7u.dat,0
23930.dat,0
20460p06.dat,0
24087.dat,0
73200bpd6e.dat,0
973p74.dat,0
15429p03.dat,1
60.dat,0
973p4n.dat,0
30230p02.dat,1
4214.dat,0
3010p23.dat,1
3070bptn.dat,0
61054.dat,0
2453b.dat,1
3626cpap.dat,1
3626cpbk.dat,1
98397.dat,0
973pt2.dat,0
20461b.dat,0
17351p01.dat,0
3005-1b.dat,1
64892.dat,0
26603d01.dat,0
2498.dat,0
40930.dat,1
31111.dat,0
6180ps1.dat,1
405.dat,0
6198.dat,0
98383.dat,1
98130p05.dat,0
973pu6.dat,0
30361dps8.dat,0
197905c.dat,0
3070bpuj.dat,0
3070bpv0.dat,0
28326.dat,1
92244p01.dat,0
33048.dat,0
6178096c.dat,0
3298ps0.dat,1
80028-f1.dat,0
3070bpty.dat,0
611p01.dat,1
61068.dat,0
30541.dat,1
4092b.dat,0
93598.dat,1
4211483.dat,1
21837-f2.dat,0
3626cp76.dat,1
53168-f2.dat,0
92198p14c01.dat,1
3195p01.dat,1
24246.dat,0
76382p0i.dat,0
88812.dat,0
92692.dat,1
3962.dat,1
004486a.dat,0
t1052c06-f1.dat,1
196725a.dat,0
47905.dat,1
t1052c09.dat,1
32342.dat,0
6141875h.dat,0
3626cpm2.dat,1
88646p05.dat,1
973px1.dat,0
3037.dat,1
57525.dat,0
4758.dat,0
61929.dat,1
3751.dat,1
11216.dat,1
71682pt3.dat,0
191075d.dat,0
6629.dat,0
3626cp8x.dat,1
3626cp89.dat,1
u9074.dat,0
4106752c.dat,0
33909.dat,1
15070.dat,1
3068bdf4.dat,0
2359p03.dat,1
u9060.dat,0
15064.dat,0
3815bp0h.dat,0
11202.dat,0
49311ps1.dat,1
69c01.dat,0
6177949c.dat,0
3816ps0.dat,0
3023.dat,1
14769ps1.dat,0
3816cps0.dat,0
48411.dat,1
3068bd0e.dat,0
6074343b.dat,0
21019bp06.dat,0
61678p02.dat,0
57519.dat,0
3068bd17.dat,0
973pxg.dat,0
98368.dat,0
388.dat,1
48933ps1.dat,1
63864.dat,0
195555b.dat,0
4181p04.dat,1
42114.dat,1
4624296d.dat,0
3626cp8o.dat,1
u9048.dat,0
27940.dat,0
10134.dat,0
6324084s.dat,0
2473.dat,0
46372.dat,0
2467.dat,1
65080p01.dat,1
925p0j.dat,1
3068bdfb.dat,0
75974.dat,0
u9142p01c02.dat,0
44571.dat,1
3068bd03.dat,0
6167.dat,0
95658.dat,0
2301.dat,0
4770.dat,0
2490p4j.dat,1
16237.dat,0
30409.dat,0
4215p24.dat,1
37366.dat,0
3229bc01.dat,1
92241p0cc01.dat,0
6372023l.dat,0
16529p02c01.dat,0
u572p01.dat,0
6142622ic01.dat,0
92241p19.dat,0
92253p03c01.dat,0
32282c03.dat,1
98138px0.dat,0
203.dat,0
565.dat,0
21490c02.dat,0
58125a.dat,0
4740ps1.dat,1
30027b.dat,0
98585.dat,0
32578.dat,0
3040p06.dat,1
19474-f3.dat,0
3940c.dat,0
6256p02.dat,0
571.dat,0
948c.dat,0
2525p32.dat,0
92246p04.dat,0
2431p53.dat,0
972phb.dat,0
35565.dat,1
4858p90.dat,1
217.dat,1
30361aps4.dat,0
3068bpd13.dat,0
4823.dat,1
3817pbg.dat,0
3194.dat,1
u197.dat,0
98138pxf.dat,0
163155b.dat,0
27149.dat,0
u9109p02c02.dat,0
92094.dat,0
3069bp82.dat,0
3596cw1.dat,0
4349p01.dat,1
26531.dat,0
29602.dat,0
4650854m.dat,0
6636py0.dat,0
004490a.dat,0
77127p01c01.dat,1
559.dat,1
57895p01.dat,0
24326.dat,1
25269p60.dat,0
4346d03.dat,0
57539p04.dat,0
407026.dat,1
4864p33.dat,1
3816.dat,0
58124c02.dat,1
15851.dat,0
244c03.dat,1
98138pt3.dat,0
31111p03.dat,0
74656p01.dat,0
98220.dat,0
t1029.dat,0
2864c01.dat,0
10350p01c01.dat,0
4616559e.dat,0
87079p0c.dat,0
20460bpdgb.dat,0
3625.dat,0
25971p02.dat,0
455p02.dat,1
u9100.dat,0
47510p01.dat,0
93084p03.dat,0
3068ap01.dat,0
004613a.dat,0
15535p06.dat,0
u9114.dat,0
4207b.dat,0
3069bpc2.dat,0
3011pt1.dat,0
3068bpz5.dat,0
48203.dat,0
18352.dat,1
91884p04.dat,1
u9399c01.dat,0
4182d06.dat,1
20461bpdgb.dat,0
4610.dat,0
3023bp00.dat,1
11438.dat,0
3626bpc33.dat,1
314e.dat,1
6009254ec01.dat,0
46212a.dat,1
6007.dat,1
31111p0e.dat,0
22385p210.dat,0
87610ps7.dat,0
004757e.dat,0
t1015.dat,0
90640.dat,0
4107488.dat,0
775c01.dat,0
42060.dat,1
13549.dat,0
68495p01.dat,0
87079p05.dat,0
10040.dat,1
30390.dat,1
2507.dat,0
4176.dat,1
4247772.dat,1
u9187a.dat,0
196695b.dat,0
46212.dat,1
4088a.dat,1
70978.dat,0
10352c01.dat,1
10054.dat,0
3069bpcd.dat,0
2513.dat,1
30384.dat,0
23945p01.dat,1
37364pdg9.dat,0
4162.dat,0
3755ap01.dat,1
3822p02.dat,1
42074.dat,0
72206p01.dat,0
4263304c.dat,0
52501.dat,1
22385p204.dat,0
3626bpq4.dat,1
t1001.dat,1
19070.dat,0
26280.dat,0
3068p07.dat,0
3069bp55.dat,0
76138.dat,0
3068ps1.dat,0
18905p03.dat,0
3596c90.dat,0
3005pf5.dat,1
191485o.dat,0
61898bc01.dat,0
35015.dat,1
4162p16.dat,0
190595b.dat,0
33464.dat,0
767.dat,1
99499.dat,0
24118.dat,0
2412b.dat,0
65144.dat,0
59826d.dat,0
25560.dat,0
92198p08c04.dat,1
3817bpbb.dat,0
3004d11.dat,1
88294p01.dat,0
24087p02.dat,0
3068bp9e.dat,0
3063a.dat,1
3396.dat,0
3004d05.dat,1
11809.dat,0
3004d0t.dat,1
55981c02.dat,0
3068bp8a.dat,0
13710b.dat,0
192375i.dat,0
4257p01.dat,0
6148328ayc01.dat,0
u592p02c02.dat,0
98138pa2.dat,0
32008.dat,1
63521.dat,1
4162p0s.dat,0
4162p02.dat,0
6588.dat,0
773.dat,0
42289.dat,1
3626bp36.dat,1
3626bp0l.dat,1
6216c.dat,1
4197pt2.dat,0
6148328vc01.dat,0
30350cd02.dat,0
30179.dat,1
3068bpn0.dat,0
35787pz1.dat,0
23893.dat,1
98138p61.dat,0
983.dat,0
3840d05.dat,0
34337.dat,0
2431pz6.dat,0
4542886e.dat,0
13788.dat,0
60644p01.dat,0
58148p01c01.dat,1
73200ps5.dat,0
30151.dat,1
39613.dat,1
49492.dat,0
30637.dat,0
3623pt1.dat,1
3068bp93.dat,0
3754p02.dat,1
3005p02.dat,1
32020.dat,0
821420d.dat,0
2454adq1.dat,1
73194c02.dat,1
21825-f2.dat,0
80686.dat,0
32034.dat,0
3004d0c.dat,1
2707p01.dat,0
30587c01.dat,0
20430.dat,1
3068bp87.dat,0
92198p06c01.dat,1
76110.dat,0
27149p01.dat,0
30145.dat,1
92198p01c08.dat,1
59349p02.dat,1
2399dt0.dat,1
997.dat,1
4162p0d.dat,0
24130.dat,1
87857.dat,0
89649.dat,0
99798-f1.dat,0
63290.dat,0
12622p01.dat,1
u9302.dat,0
4215ad0j.dat,1
47326.dat,0
u9106p03c02.dat,0
004452d.dat,0
3069bpz0.dat,0
61487.dat,1
16709p01.dat,1
2739.dat,0
3815pc6a.dat,0
195475bc01.dat,0
3039pc9.dat,1
24629p01.dat,0
15460.dat,0
u9464.dat,0
6239.dat,0
u9470.dat,0
32181c01.dat,0
98138pm1.dat,0
80679.dat,0
86208.dat,0
3068bp78.dat,0
6142275i.dat,0
3596d21.dat,0
4206504.dat,0
47454.dat,1
3039p76.dat,1
45411p02.dat,1
3433.dat,0
u9210p02.dat,0
3245bdq2.dat,1
4622303s.dat,0
6148328bgc01.dat,0
6005724a4.dat,0
4118782.dat,1
968.dat,1
4460a.dat,1
u9316.dat,0
3069bpzf.dat,0
16709p0g.dat,1
30192.dat,0
2705.dat,0
3815c89.dat,0
u8020.dat,0
194535a.dat,0
712a.dat,1
3960p0i.dat,1
80651.dat,1
6062886g.dat,0
22385p012.dat,0
3626bph6.dat,1
6205.dat,1
3626-4t.dat,1
4533401h.dat,0
3829b.dat,0
3815cm2.dat,0
92255.dat,0
3815pc67.dat,0
10202p05.dat,0
3068bp50.dat,0
2582p6u.dat,1
3596d09.dat,0
3039pco.dat,1
4412.dat,0
572b.dat,0
92241.dat,0
6100p01.dat,1
4211044.dat,1
30838.dat,0
30367bps4.dat,1
22385p006.dat,0
90001p01.dat,1
4740p07.dat,1
6577.dat,0
u8034.dat,0
2431pw1.dat,0
80123.dat,1
4622303d.dat,0
60581d03.dat,1
954.dat,0
4360.dat,1
3626cpd6j.dat,1
3069bpx8.dat,0
30359b.dat,1
37365pdeb.dat,0
2711.dat,1
30186.dat,0
168365c.dat,0
18937p01.dat,1
15413.dat,0
4613908o.dat,0
6037767a.dat,0
u9417.dat,0
199025a.dat,0
63585.dat,0
u595p02c01.dat,0
6277168n.dat,0
4620858l.dat,0
3068a.dat,0
60932.dat,0
18651.dat,0
004589a.dat,0
3039p11.dat,1
58148p01.dat,0
970c63.dat,0
80178.dat,0
87617.dat,0
u589p01.dat,0
u9371.dat,0
25975p01.dat,0
43127.dat,1
15361.dat,0
u9365.dat,0
6142622j.dat,0
650b.dat,1
6538.dat,0
3626bp86.dat,1
6179ps4.dat,1
51523.dat,1
3068bpfj.dat,0
3626cpd2e.dat,1
2986.dat,1
3039p05.dat,1
2383c01p02.dat,1
3326.dat,0
4150p00.dat,0
4449.dat,0
4620859h.dat,0
87079px3.dat,0
2038.dat,1
22385p049.dat,0
14719.dat,0
43899.dat,0
53452.dat,1
15407.dat,1
u9403.dat,0
10178p04.dat,0
4461.dat,1
19215.dat,1
191767.dat,0
168315b.dat,0
004511c.dat,0
3068bp23.dat,0
93606p02.dat,0
22385p061.dat,0
826a.dat,1
24309dy3.dat,0
32090.dat,0
95343c02.dat,0
933.dat,0
6510.dat,0
91049.dat,1
30477p01.dat,1
2775c02.dat,0
3068bpg8.dat,0
92755p01.dat,0
6177ps1.dat,1
3468.dat,0
43903-f1.dat,0
59143.dat,0
30152ap01.dat,0
44674.dat,1
99401.dat,0
3626bpn1.dat,1
453ac01.dat,1
24633p02.dat,0
89646p01.dat,0
32084.dat,1
40374.dat,1
3817bph0.dat,0
66857p00.dat,0
87079pxe.dat,0
3087a.dat,1
003238o.dat,0
26073p04.dat,0
19201.dat,0
4475.dat,1
3068bp0m.dat,0
6636p02.dat,0
35700.dat,0
3005-z.dat,1
24093p04.dat,0
6234010a.dat,0
3626bp51.dat,1
3245cpzc.dat,1
4185177.dat,0
98138p1d.dat,0
4093ad01.dat,1
6309p11.dat,0
3817bp30.dat,0
6196575i.dat,0
2951.dat,0
3497.dat,1
6296256f.dat,0
6309p05.dat,0
49309p01.dat,0
3483.dat,0
6309p0t.dat,0
2350cd01.dat,1
4160689.dat,0
3626bp45.dat,1
700.dat,1
307024.dat,0
88295.dat,0
73741.dat,1
35714.dat,0
4867p11.dat,1
3010d03.dat,1
61345.dat,1
3817bpde.dat,0
87079pt0.dat,0
32374p02c01.dat,1
58120c01.dat,1
32053.dat,0
3005-m.dat,1
56823k02.dat,0
30644.dat,1
85941.dat,1
6636p0d.dat,0
u9142p02.dat,0
4620857c.dat,0
2572d02.dat,1
6258203c.dat,0
22969ac01.dat,0
92583.dat,1
3245cpz5.dat,1
98138p1s.dat,0
728.dat,1
55976.dat,0
98138p2h.dat,0
98138p12.dat,0
64573.dat,1
4109603.dat,1
98138p0w.dat,0
3626bp4c.dat,1
63208.dat,1
98138p06.dat,0
2979.dat,1
6309p0c.dat,0
3069bps8.dat,0
85984d0j.dat,0
18862.dat,0
30136.dat,1
28779.dat,0
30363ps3.dat,1
3846p44.dat,0
30650.dat,0
48933.dat,1
3846p4u.dat,0
4620856g.dat,0
33037c02.dat,1
4613906d.dat,0
3010d0e.dat,1
50990bp01.dat,1
3626bpb2.dat,1
4448d04.dat,0
163555a.dat,0
2654bp01.dat,0
3005pvi.dat,1
2528ap33.dat,0
4740px1.dat,1
54929c01.dat,1
12618.dat,0
92198p02.dat,1
47157.dat,0
3001pk1.dat,1
92241p21c01.dat,0
2548.dat,0
6283148m.dat,0
466e.dat,0
3130.dat,0
11477.dat,0
43457.dat,0
73594.dat,1
6048.dat,0
973pd1d.dat,0
73200p6u.dat,0
98138ps0.dat,0
73200p70.dat,0
u9601.dat,0
6069ps1.dat,1
6299663b.dat,0
61184.dat,1
41889c01.dat,0
5555.dat,0
2340d02.dat,1
11305.dat,0
41532.dat,0
3005pt7.dat,1
3005pwm.dat,1
u9167.dat,0
3005ptv.dat,1
u9151p01c01.dat,0
92198p16.dat,1
u669.dat,0
28981c01.dat,0
99617c01.dat,0
14718px1.dat,1
2574.dat,1
3005pue.dat,1
973pdgc.dat,0
20461p09.dat,0
42013.dat,1
99617.dat,0
3024pz1.dat,1
3622d03.dat,1
6279911h.dat,0
54671.dat,1
4345a.dat,1
u9550c01.dat,1
3626bpw3.dat,1
t1066.dat,0
14533.dat,0
973pd12.dat,0
55209.dat,0
4100418c.dat,0
63864p02.dat,0
30485.dat,1
3069bp0h.dat,0
4744p04.dat,1
4663.dat,0
30491.dat,0
2206.dat,0
10168p01.dat,0
004751b.dat,0
t1072.dat,0
88068.dat,0
52572.dat,1
6060.dat,1
u9107p01c03.dat,0
4449k03.dat,0
3005pta.dat,1
6142617kc01.dat,0
52214.dat,1
3349p02.dat,0
4542422a.dat,0
92756.dat,0
13760c01.dat,1
2560.dat,1
31002.dat,0
486k03.dat,0
6051a.dat,0
276c01.dat,1
u9107p06.dat,0
3960pv2.dat,1
3437pe1.dat,0
270.dat,1
2372c01.dat,1
t1099.dat,0
185c01d01.dat,1
4844.dat,1
87544dq1.dat,1
4688.dat,1
u9007p06.dat,0
32021p01c01.dat,1
890p01.dat,0
197915d.dat,0
264.dat,0
98284.dat,0
30350bpx3.dat,0
73200p8i.dat,0
30191k01.dat,0
21828c01.dat,0
3009d0l.dat,1
502.dat,0
3069bph2.dat,0
92252p02.dat,0
92251p06c01.dat,0
4150ps6.dat,0
30320.dat,1
6014ac01.dat,0
58088.dat,0
u8007b.dat,1
3678ad26.dat,1
47326p02.dat,0
3626bpc83.dat,1
3039ps3.dat,1
92198p02c02.dat,1
32251.dat,0
2431p08.dat,0
86652c01.dat,0
258.dat,1
2454dq8.dat,1
87398.dat,1
6565dt0.dat,1
3001p01.dat,1
685p01.dat,0
71368.dat,0
84637bp03.dat,0
66614.dat,0
4650852j.dat,0
3865.dat,1
3008p25.dat,1
32523.dat,0
49295p02.dat,0
31512p03.dat,0
15068dx0.dat,0
25269p07.dat,0
6142617s.dat,0
u9007.dat,0
10164p01.dat,0
87561.dat,0
6148328f.dat,0
776p02.dat,0
4215ap04.dat,1
4616ac01.dat,1
71591.dat,0
72514p03.dat,0
48310.dat,1
004462a.dat,0
3044.dat,0
56890.dat,0
3183a.dat,1
41334.dat,0
4180c02.dat,1
6142617gc01.dat,0
3009pta.dat,1
20460px0.dat,0
4864ap03.dat,1
3596p01.dat,0
6128.dat,0
18603c02p0f.dat,1
14769pt2.dat,0
92709c05.dat,1
14769pts.dat,0
11202p01.dat,0
4215ap10.dat,1
2428.dat,0
3815bp41.dat,0
10351p02.dat,0
3736.dat,0
u9013.dat,0
73392.dat,1
61189ps0.dat,0
88646.dat,1
2400.dat,1
4215ap0b.dat,1
4071.dat,1
18836p41.dat,0
6255869l.dat,0
163145ac01.dat,0
168135e.dat,0
6148328q.dat,0
6142617d.dat,0
3004ph1.dat,1
11203d06.dat,1
6100.dat,1
t1112.dat,1
004747b.dat,0
3009pt7.dat,1
98568p01.dat,0
2366.dat,1
3443bc02d01.dat,1
14769ptd.dat,0
84726.dat,0
47222a.dat,0
2372.dat,0
92747p01.dat,0
3834p01.dat,0
t1106.dat,0
4544258gc01.dat,0
32494.dat,0
3037d53.dat,1
70501a.dat,0
30183p01.dat,1
30283.dat,1
3817cp8i.dat,0
25375k02.dat,0
2431dt5.dat,0
64452p01.dat,1
38628p02.dat,0
3816bpcbd.dat,0
3678bp30.dat,1
6148328af.dat,0
3939.dat,1
3002d03.dat,1
3815pde.dat,0
3626cp0c.dat,1
973ps1.dat,0
87079dq3.dat,0
2454a.dat,1
304.dat,1
71645p01.dat,0
889c01.dat,0
3475b.dat,1
973psp.dat,0
4066bp0a.dat,0
u9105p03.dat,0
15068p0h.dat,0
u9370c01.dat,1
2399.dat,1
93552p04.dat,0
20033c02.dat,1
14769px1.dat,0
3816cpx0.dat,0
s1.dat,0
973pr5.dat,0
62698-f3.dat,0
92250p07.dat,0
4066bp1e.dat,0
37178k02.dat,0
3817bpcbd.dat,0
822ac01.dat,0
3003p0b.dat,1
476.dat,1
u8016c01.dat,0
3245a.dat,1
73351.dat,0
22678.dat,0
70880.dat,1
20460bp0a.dat,0
35011c01.dat,1
4174735f.dat,0
22888.dat,1
3003p10.dat,1
62274.dat,0
3626cp05.dat,1
4586574c.dat,0
3351ap02.dat,0
6148328aq.dat,0
4179107f.dat,0
3817cp6u.dat,0
3003941.dat,0
6255869qc01.dat,0
4211396.dat,1
57901p01.dat,0
4620860e.dat,0
48489.dat,0
1874.dat,1
6009194bc01.dat,0
4066bp0v.dat,0
821410a.dat,0
11477dyl.dat,0
4100545.dat,0
338.dat,1
30173a.dat,0
4066bp07.dat,0
47899c03.dat,1
u9534p01.dat,0
2698c01.dat,0
3846d03.dat,0
973prc.dat,0
4066bp1r.dat,0
6160c02.dat,1
300401.dat,1
4066bp13.dat,0
18675ps3.dat,0
47976.dat,1
30526.dat,1
13786p02.dat,0
553ps2.dat,1
60477.dat,1
20460bp07.dat,0
10190.dat,1
51344p01.dat,0
30240.dat,0
3817cp70.dat,0
u9150p02.dat,0
3003p04.dat,1
96487.dat,0
12787.dat,0
35338.dat,0
76110p01.dat,0
43721.dat,1
192385a.dat,0
65080.dat,1
64424c01.dat,0
973pg4.dat,0
004655b.dat,0
22385p129.dat,0
3816cpc97.dat,0
14769pm0.dat,0
3816cpm1.dat,0
4529.dat,0
35252p02.dat,0
67697.dat,0
3816pm1.dat,0
3070bp19.dat,0
2431dma.dat,0
13670.dat,1
973p1e.dat,0
6221655aj.dat,0
646b.dat,1
3298p61.dat,1
u9205.dat,1
44728.dat,1
2384p07.dat,0
3298p75.dat,1
973p0a.dat,0
73200bpb1.dat,0
3817cpc97.dat,0
87777.dat,0
u9211.dat,0
99141p01.dat,0
973p3z.dat,0
64275c01.dat,0
21019bpx0.dat,0
6567c01.dat,1
93064.dat,0
3070bpe6.dat,0
4544258h.dat,0
190265c.dat,0
15573.dat,1
92759p01.dat,0
u9577.dat,0
73200bpdga.dat,0
57028p04.dat,0
6133216lc01.dat,0
65094.dat,1
3626cps3.dat,1
973pf0.dat,0
4865ap06.dat,0
4266d01.dat,0
56476.dat,0
4515.dat,0
11778p02.dat,0
99207.dat,1
22385p115.dat,0
973pgb.dat,0
93606dy8.dat,0
28424p01.dat,0
973p13.dat,0
973p2i.dat,0
973p1r.dat,0
4760c01d04.dat,1
6142275pc01.dat,0
122c07.dat,1
28802.dat,1
4273.dat,0
46103.dat,0
2431dm7.dat,0
6005745a.dat,0
30095.dat,0
3070bp0k.dat,0
4267.dat,0
3664p05.dat,0
2680a.dat,1
41678.dat,0
30081.dat,0
4568123e.dat,0
191815a.dat,0
10351.dat,0
3815pq2.dat,0
66855p05.dat,1
87993.dat,1
195505a.dat,0
973p3m.dat,0
13.dat,1
73200bpbg.dat,0
973p07.dat,0
14137.dat,1
4121723a.dat,0
853.dat,0
54275.dat,0
15466p01.dat,0
3009p18b.dat,1
22385p101.dat,0
27328p03k04.dat,0
57877c01.dat,0
93058.dat,0
3070bph1.dat,0
3816pa2.dat,0
4106329a.dat,0
820673k.dat,0
3816cpa2.dat,0
92240p02.dat,1
72046p01.dat,0
004659a.dat,0
24779.dat,0
4515dx0.dat,0
99249c03.dat,0
88493.dat,1
164585d.dat,0
004159h.dat,0
50946.dat,1
2825.dat,0
3816cp6g.dat,0
4492p01.dat,0
3010py9.dat,1
3010pzc.dat,1
53934p01.dat,1
3816p6g.dat,0
u9210p02c01.dat,0
005048a.dat,0
73200bpn2.dat,0
6285381g.dat,0
33211.dat,0
165395cc02.dat,0
112.dat,0
2686c01.dat,0
15210d02.dat,0
35660.dat,0
57783.dat,1
3857p01.dat,1
3817cpy1.dat,0
6259665d.dat,0
821430c.dat,0
91968c01.dat,0
4345ad02.dat,1
76382px9.dat,0
52031d51.dat,1
16091.dat,0
820670g.dat,0
20461bp02.dat,0
30056.dat,1
3137b.dat,1
2819.dat,1
884.dat,1
14661-f1.dat,0
3817cpdd1.dat,0
87944.dat,1
55816.dat,0
21833-f1.dat,0
815c02.dat,0
890.dat,0
601926.dat,1
648.dat,1
30259p04.dat,0
3010pzt.dat,1
30042.dat,1
3816cp61.dat,0
92198p10c02.dat,1
3010pz5.dat,1
6221655r.dat,0
997c01.dat,1
30380p03.dat,0
822dp01c01.dat,0
3067ap08.dat,1
3816cpdd1.dat,0
49661p02.dat,0
93595p03.dat,0
3245bp04.dat,1
74166.dat,1
32133.dat,0
u588p01c03.dat,0
41862.dat,1
3010pz4.dat,1
6221655s.dat,0
4526562.dat,0
3816cp60.dat,0
30043.dat,1
3010pzu.dat,1
30259p05.dat,0
649.dat,0
3817cpde4.dat,0
85959p01.dat,0
891.dat,0
3680c02.dat,1
55817.dat,1
u588p01c02.dat,0
32132.dat,0
3245bp05.dat,1
93595p02.dat,0
27259.dat,1
2651c02.dat,0
30380p02.dat,0
87566p01.dat,0
3816cpde4.dat,0
820670f.dat,0
30259ad01.dat,0
76764.dat,0
85834.dat,0
328b.dat,0
52031d50.dat,1
35649.dat,0
821430b.dat,0
32126.dat,0
10a.dat,1
62711.dat,0
6259665e.dat,0
12590.dat,0
885.dat,0
30057.dat,1
28618.dat,0
20461bp03.dat,0
675.dat,0
63341.dat,1
4107767.dat,0
3009p70.dat,1
3816p6f.dat,0
69944p01.dat,0
3010pzb.dat,1
3010py8.dat,1
3816cp6f.dat,0
6221655d.dat,0
44567a.dat,1
3817cpy0.dat,0
87568p04.dat,0
4629677f.dat,0
15210d03.dat,0
11055d04.dat,0
740p02.dat,0
6285381f.dat,0
99249c02.dat,0
165395a.dat,0
92240p03.dat,1
3816cpa3.dat,0
820673j.dat,0
3816pa3.dat,0
75174p01.dat,1
3070bph0.dat,0
4865p01.dat,0
50947.dat,0
20461bp0e.dat,0
2944c02.dat,0
193445a.dat,0
37365p01.dat,0
30258d02.dat,0
43085.dat,1
88492.dat,1
96874.dat,1
852.dat,0
22484.dat,0
973p06.dat,0
73200bpbf.dat,0
12.dat,0
973p3l.dat,0
66855p04.dat,1
4568123d.dat,0
10350.dat,0
30080.dat,1
2617.dat,1
41679.dat,0
3664p04.dat,0
4266.dat,0
3070bp0j.dat,0
3070bp30.dat,0
3039p101.dat,1
4500.dat,0
93059.dat,0
27328p03k05.dat,0
43708.dat,1
973pgc.dat,0
22385p114.dat,0
99206.dat,1
94722.dat,0
98372p01.dat,0
3587d02.dat,1
3069p09.dat,0
2431dm6.dat,0
30094.dat,1
32532a.dat,1
122c06.dat,1
40573.dat,1
3070bp1n.dat,0
44079-f1.dat,0
973p1s.dat,0
80031.dat,1
846.dat,0
u9253p01.dat,0
4116859.dat,0
u9238.dat,0
973p2h.dat,0
973p12.dat,0
93606dy9.dat,0
50990.dat,1
u9417c01.dat,0
2881a.dat,0
u9346c01.dat,1
21019bpx1.dat,0
3535.dat,0
2924bc01d01.dat,1
u9210.dat,0
87776.dat,0
3298p74.dat,1
2384p06.dat,0
13665.dat,0
973pf1.dat,0
3626cps2.dat,1
52639.dat,0
88323.dat,0
u9576.dat,0
53527.dat,1
3939p68.dat,1
98130.dat,0
190265b.dat,0
2947bc01.dat,0
4544258i.dat,0
6133216e.dat,0
93065.dat,0
3069p21.dat,0
65130k01.dat,0
3816pm0.dat,0
67696.dat,1
4528.dat,0
3816cpm0.dat,0
14769pm1.dat,0
u9495c02.dat,0
22385p128.dat,0
973pg5.dat,0
59231p40.dat,0
4618c01.dat,1
53533.dat,0
57029bc01.dat,0
43720.dat,1
98642.dat,0
u9204.dat,1
6221655ak.dat,0
973p1d.dat,0
646c.dat,1
s14a.dat,0
92409.dat,0
16709.dat,1
41889.dat,0
3070bp18.dat,0
95831.dat,0
3240bc01.dat,1
30527.dat,0
13786p03.dat,0
30554b.dat,0
18675ps2.dat,0
4518b.dat,0
4066bp12.dat,0
80582.dat,1
6160c03.dat,1
3846d02.dat,0
4066bp1s.dat,0
973prb.dat,0
3192ad01.dat,1
3817bpc4b.dat,0
u9325c01.dat,1
96486.dat,0
3003p05.dat,1
3024ptc1.dat,1
3817cp71.dat,0
20460bp06.dat,0
60476.dat,1
30255.dat,1
6148328bk.dat,0
6148328ap.dat,0
3351ap03.dat,0
4586574b.dat,0
3626cp04.dat,1
62275.dat,0
3003p11.dat,1
22889.dat,1
3004p18.dat,1
4066bp06.dat,0
339.dat,0
11477dym.dat,0
973psf.dat,0
4066bp0w.dat,0
12895p01.dat,0
32324.dat,1
6055874a.dat,0
3816bpc4b.dat,0
4066bp1d.dat,0
6636d50.dat,0
62698-f2.dat,0
92250p06.dat,0
163555bc01.dat,0
973pr4.dat,0
73436.dat,1
35463.dat,0
3816cpx1.dat,0
3817cpaw.dat,0
14769px0.dat,0
73696c04.dat,1
40942.dat,0
196955d.dat,0
67325.dat,0
15396c02.dat,1
317626.dat,1
4760p01c01.dat,1
3817bpc44.dat,0
85947p01.dat,0
73200bpw1.dat,0
35700p01.dat,0
3626cp0b.dat,1
92241p05c01.dat,0
826ap01.dat,1
10908p01.dat,0
3002d02.dat,1
3938.dat,1
6148328ag.dat,0
3678bp31.dat,1
60616bdx0.dat,1
93552p05.dat,0
6551c01.dat,0
3816bpc44.dat,0
15068p0i.dat,0
u9105p02.dat,0
973psq.dat,0
305.dat,0
87079dq2.dat,0
973ps0.dat,0
35477.dat,1
16178p02.dat,0
18603c02p01.dat,1
t1107.dat,0
99010.dat,0
14657-f1.dat,0
2839a.dat,0
2373.dat,1
3678bph1.dat,1
84727.dat,0
14769pte.dat,0
2431dt4.dat,0
3815bp4f.dat,0
3817cp8h.dat,0
2415.dat,1
10152.dat,0
88323c01.dat,0
3037d52.dat,1
47380p01.dat,0
32495.dat,0
65151-f1.dat,0
6142617e.dat,0
6148328p.dat,0
168135d.dat,0
6255869m.dat,0
18836p40.dat,0
4070.dat,1
72634c01.dat,1
2401.dat,1
30296.dat,1
2367.dat,1
3009pt6.dat,1
73090a.dat,1
4716.dat,0
s15.dat,0
t1113.dat,1
3815bpaz.dat,0
30261p01.dat,0
14769ptr.dat,0
92709c04.dat,1
3815bpba.dat,0
4296207e.dat,0
581c02.dat,1
6129.dat,0
96479.dat,0
87574.dat,1
u9012.dat,0
61189ps1.dat,0
3737.dat,0
3815bp40.dat,0
736c02.dat,1
2429.dat,1
11264.dat,0
72514p02.dat,0
4215ap05.dat,1
776p03.dat,0
503c01.dat,1
t1032c02.dat,0
6148328g.dat,0
u9351-f1.dat,0
u9006.dat,0
6142617r.dat,0
20460px1.dat,0
4864ap02.dat,1
236a.dat,0
56891.dat,0
93273.dat,0
813c03-f1.dat,1
3045.dat,1
84637bp02.dat,0
92241p09c01.dat,0
79735.dat,0
53992k02.dat,0
62473.dat,0
572c01.dat,1
259.dat,0
u9109p02.dat,0
25269p06.dat,0
31512p02.dat,0
49295p03.dat,0
54701p01.dat,1
3008p24.dat,1
4650852k.dat,0
48995pt1.dat,0
3068plc.dat,0
30321.dat,0
4150ps7.dat,0
15068dy5.dat,0
30112b.dat,0
163345a.dat,0
242021.dat,1
32250.dat,0
2431p09.dat,0
92198p02c03.dat,1
3039ps2.dat,1
3626ap01.dat,1
21761-f1.dat,0
47326p03.dat,0
3678ad27.dat,1
36036.dat,0
73200p8h.dat,0
30350bpx2.dat,0
32278.dat,0
98285.dat,1
87948-f2.dat,0
265.dat,1
197915e.dat,0
28220.dat,0
u9007p07.dat,0
87544dq0.dat,1
4221407ec01.dat,0
60583a.dat,1
3680.dat,0
92252p03.dat,0
3069bph3.dat,0
49242p01.dat,1
503.dat,1
3009d0m.dat,1
2525p40.dat,0
15068dyc.dat,0
517.dat,0
3960pv3.dat,1
2793c01-f1.dat,0
6934.dat,0
73230.dat,1
486k02.dat,0
76348.dat,0
19467c01.dat,0
971ps5.dat,0
4150psa.dat,0
71427.dat,1
196935b.dat,0
3044a.dat,0
t1098.dat,0
33172.dat,0
271.dat,1
6246a.dat,0
3437pe0.dat,0
192425b.dat,0
u600p02c02.dat,0
4449k02.dat,0
6061.dat,1
u9107p01c02.dat,0
9352.dat,1
t1073.dat,0
90626.dat,0
97149.dat,0
46506.dat,1
2207.dat,0
59426.dat,0
2561.dat,0
49153.dat,0
21700p01.dat,0
73200paw.dat,0
52215.dat,1
30117p6v.dat,1
3622d02.dat,1
6279911i.dat,0
t1094k02p02.dat,0
2528ap3d.dat,0
32123a.dat,0
20461p08.dat,0
973pdgb.dat,0
2575.dat,1
51708.dat,1
4251162.dat,0
92743.dat,0
14718px0.dat,1
60672c03p01.dat,1
4744p05.dat,1
3069bp0i.dat,0
63864p03.dat,0
168335a.dat,0
4100418b.dat,0
2586p4h.dat,0
4502a.dat,0
973pd13.dat,0
6075.dat,1
t1067.dat,0
3626bpw2.dat,1
44342p02.dat,1
32293.dat,0
2340d03.dat,1
4141698a.dat,0
3008ph0.dat,1
40359a.dat,0
6299663c.dat,0
3678p01.dat,1
4858p1k.dat,1
73200p71.dat,0
u9600.dat,0
3228a.dat,0
92198p17.dat,1
3005ptw.dat,1
u9166.dat,0
45755.dat,0
3005pwl.dat,1
3005pt6.dat,1
41533.dat,1
3678a.dat,1
3623p05.dat,1
2549.dat,1
50990b.dat,1
3001pk0.dat,1
47156.dat,0
92198p03.dat,1
87414.dat,0
93273d02.dat,0
973pdg4.dat,0
2528ap32.dat,0
3005pvh.dat,1
98138ps1.dat,0
30278c01.dat,1
62498.dat,0
32523p02.dat,0
973pd1e.dat,0
4629791a.dat,0
98252.dat,0
72853.dat,0
30529c01.dat,1
11476.dat,1
3131.dat,1
466d.dat,0
5540.dat,0
4744p0c.dat,1
3817phb.dat,0
61191.dat,1
3048b.dat,0
30363ps2.dat,1
92252p01c01.dat,0
3855a.dat,0
30137.dat,1
60700.dat,0
18863.dat,0
3069bps9.dat,0
6309p0b.dat,0
2978.dat,0
64566.dat,1
55963.dat,0
98138p07.dat,0
579p01.dat,1
41767d01.dat,1
3626bp4b.dat,1
98138p0v.dat,0
7930c01.dat,0
4109602.dat,1
3626bpb3.dat,1
50990bp00.dat,1
74013.dat,1
3010d0d.dat,1
4613906e.dat,0
4620856f.dat,0
3846p4t.dat,0
3846p45.dat,0
4620857b.dat,0
u9142p03.dat,0
85940.dat,0
6636p0e.dat,0
76610.dat,0
30645.dat,1
74981a.dat,0
69730.dat,0
56823k03.dat,0
3005-l.dat,1
32052.dat,0
4613907a.dat,0
64572.dat,1
98138p13.dat,0
90395.dat,0
98138p2i.dat,0
u9180c01.dat,1
729.dat,1
98138p1r.dat,0
3245cpz4.dat,1
92582.dat,1
59195.dat,1
6258203b.dat,0
3626cpcob.dat,1
2572d03.dat,1
4739a.dat,0
98138p0a.dat,0
u9117p02.dat,0
003667a.dat,0
44852.dat,0
3626bp44.dat,1
6337749a.dat,0
64835p02.dat,0
6309p0u.dat,0
31215.dat,0
3482.dat,0
2944.dat,0
6309p04.dat,0
92241p17c01.dat,0
87079pt1.dat,0
3846p4c.dat,0
3443a.dat,0
170882a.dat,0
3010d02.dat,1
4867p10.dat,1
88294.dat,0
243101.dat,0
64228.dat,1
27191c01.dat,1
6636p03.dat,0
6296256g.dat,0
3496.dat,0
6196575h.dat,0
2950.dat,0
6309p10.dat,0
4111899j.dat,0
47397.dat,1
98138p1e.dat,0
4106981a.dat,0
3245cpzb.dat,1
715.dat,1
3626bp50.dat,1
3626bp8a.dat,1
92715c01.dat,1
851b.dat,0
44675.dat,0
3626cpcbe.dat,1
67644p03.dat,0
59142.dat,0
3068bp36.dat,0
3068bp0l.dat,0
2454bd04.dat,1
26073p05.dat,0
003238n.dat,0
4474.dat,0
48729.dat,0
87079pxd.dat,0
11245p01.dat,0
40375.dat,0
66857p01.dat,0
32085.dat,1
22296.dat,0
43743-f1.dat,1
4162510a.dat,0
24309dy2.dat,0
22385p060.dat,0
93606p03.dat,0
3068bp22.dat,0
191766.dat,0
004511b.dat,0
168315c.dat,0
67906.dat,0
47392p01.dat,0
4460.dat,1
3821p09.dat,1
10178p05.dat,0
85983.dat,1
3068bpg9.dat,0
2775c03.dat,0
932.dat,0
44661.dat,0
6142617sc01.dat,0
2383c01p03.dat,1
3039p04.dat,1
3068bpfk.dat,0
3039p0u.dat,1
6179ps5.dat,1
2415c01.dat,1
4220b.dat,0
3626bp87.dat,1
6142622k.dat,0
6539.dat,0
650c.dat,0
u9364.dat,0
98722.dat,1
u9402.dat,0
15406.dat,0
14718.dat,1
43898.dat,1
22385p048.dat,0
2039.dat,1
71194.dat,0
87079px2.dat,0
511c01.dat,1
4620859i.dat,0
4448.dat,0
4150p01.dat,0
47432.dat,1
u9416.dat,0
4613908n.dat,0
81267.dat,0
u9370.dat,1
87616.dat,1
3455.dat,1
3039p10.dat,1
4150p03.dat,0
87079px0.dat,0
4620859k.dat,0
3068bp08.dat,0
3350p08.dat,0
53451.dat,0
25975p02.dat,0
u9366.dat,0
15362.dat,0
918.dat,0
650a.dat,1
6142622i.dat,0
32905.dat,0
3626bp85.dat,1
3068bpfi.dat,0
18646.dat,1
2985.dat,0
11025p01.dat,0
3443.dat,0
2383c01p01.dat,1
3039p06.dat,1
60931.dat,0
004589b.dat,0
28949.dat,0
2991.dat,1
3039p12.dat,1
3960pb4.dat,1
u9372.dat,1
u589p02.dat,0
87614.dat,1
6249.dat,1
u9414.dat,0
62840.dat,0
4613908l.dat,0
63586.dat,0
u595p02c02.dat,0
71182.dat,0
3068b.dat,0
41041.dat,0
6009254ac01.dat,0
24633p01.dat,0
4162510c.dat,0
6261.dat,1
43743-f3.dat,1
32087.dat,1
66857p03.dat,0
40377.dat,0
4476.dat,1
003238l.dat,0
87079pxf.dat,0
3087b.dat,1
3068bp0n.dat,0
3068bp34.dat,0
2761.dat,0
67644p01.dat,0
30152ap02.dat,0
27328p01k02.dat,0
u454.dat,0
924.dat,0
3626bp8c.dat,1
95343c01.dat,0
3038d01.dat,1
2775c01.dat,0
59154.dat,0
2775.dat,0
4304.dat,1
10178p07.dat,0
87079pz8.dat,0
3068bp20.dat,0
93606p01.dat,0
168315a.dat,0
191764.dat,0
22385p062.dat,0
88296.dat,1
73742.dat,1
98085.dat,1
92241p0gc01.dat,0
32078.dat,0
4867p12.dat,1
170882c.dat,0
6142622mc01.dat,0
67737.dat,1
87079pt3.dat,0
4489.dat,0
6309p06.dat,0
3480.dat,0
39893.dat,1
30109.dat,0
6309p0w.dat,0
6637e.dat,1
6337749c.dat,0
4345bp03.dat,1
3626bp46.dat,1
003667c.dat,0
919c01.dat,1
98138p0c.dat,0
6234010b.dat,0
98138p1g.dat,0
2952.dat,0
6196575j.dat,0
004585a.dat,0
4111899h.dat,0
6309p12.dat,0
6296256e.dat,0
38541.dat,0
48918.dat,0
6636p01.dat,0
21019pd92.dat,0
645cc01.dat,1
3005-y.dat,1
3846p47.dat,0
817c04.dat,1
21019bpd87.dat,0
32533p677.dat,0
4866d01.dat,1
4620856d.dat,0
4613906g.dat,0
33037c01.dat,1
74011.dat,1
3010d0f.dat,1
96094.dat,0
163555b.dat,0
3626bpb1.dat,1
4109600.dat,1
73200pu1.dat,0
98138p0t.dat,0
98138p05.dat,0
u9399.dat,0
85984d0i.dat,0
30135.dat,0
30363ps0.dat,1
2572d01.dat,1
30121.dat,0
22969ac02.dat,0
92580.dat,1
4182dt0.dat,1
3245cpz6.dat,1
98138p1p.dat,0
64570.dat,1
90397.dat,1
98138p2k.dat,0
98138p11.dat,0
3005-n.dat,1
56823k01.dat,0
30647.dat,0
6636p0g.dat,0
32533p663.dat,0
u9142p01.dat,0
94318.dat,0
3641.dat,0
10202px0.dat,0
3899.dat,0
41531.dat,0
3005pt4.dat,1
65487.dat,0
u9151p01c02.dat,0
3005ptu.dat,1
64799.dat,1
u9164.dat,0
92198p15.dat,1
3228c.dat,0
98100p01.dat,1
15606.dat,0
6069ps2.dat,1
81715.dat,0
4890.dat,0
6299663a.dat,0
3049d.dat,0
46538.dat,0
3069bp19.dat,0
41889c02.dat,0
2340d01.dat,1
3127.dat,1
168335t.dat,0
59826ac01.dat,0
t1059.dat,0
98138ps3.dat,0
55236.dat,0
73200p6v.dat,0
2528ap30.dat,0
22900.dat,0
2654bp02.dat,0
u9170.dat,1
92198p01.dat,1
47154.dat,0
48267.dat,0
18450.dat,0
76389.dat,0
6148328bcc01.dat,0
3005ptb.dat,1
u9158.dat,1
3349p01.dat,0
4542422b.dat,0
6318649bc01.dat,0
4211550.dat,0
92755.dat,0
13760c02.dat,1
2563.dat,1
30492.dat,1
2205.dat,0
85976c02.dat,1
3069bp25.dat,0
54100.dat,0
004751a.dat,0
t1071.dat,0
6063.dat,1
298.dat,0
32291.dat,0
4615865h.dat,0
4162pt4.dat,0
4345b.dat,1
3626bpw0.dat,1
t1065.dat,0
90630.dat,0
973pd11.dat,0
4502c.dat,0
2586p4j.dat,0
3817bpq1.dat,0
168335c.dat,0
63864p01.dat,0
10756.dat,1
6283148y.dat,0
4744p07.dat,1
20695.dat,0
3069bp0k.dat,0
14718px2.dat,1
28981c02.dat,0
4106.dat,0
2577.dat,1
35298.dat,0
6279911k.dat,0
54672.dat,1
3009d0o.dat,1
3069bph1.dat,0
92252p01.dat,0
3037ps5.dat,1
21560.dat,0
32021p01c02.dat,1
u9007p05.dat,0
3001p0d.dat,1
20460bpckc.dat,0
3149ec01.dat,1
267.dat,0
98287.dat,1
30191k02.dat,0
6088.dat,1
273.dat,1
3437pe2.dat,0
4179873.dat,1
6246c.dat,0
72892.dat,0
185c01d02.dat,1
3044c.dat,0
37316.dat,0
4150psc.dat,0
2588.dat,0
31001.dat,0
50747ps0.dat,0
u9107p05.dat,0
20461bpckc.dat,0
6936.dat,0
3960pv1.dat,1
23405.dat,1
4650852i.dat,0
30337.dat,0
28578.dat,0
28925c05.dat,1
10p08.dat,1
4100340.dat,1
3009d09.dat,1
49295p01.dat,0
25269p04.dat,0
32246.dat,0
64000.dat,0
6285381cc01.dat,0
3001p02.dat,1
3626bpc94.dat,1
685p02.dat,0
6179p01.dat,1
3678ad25.dat,1
47326p01.dat,0
92198p02c01.dat,1
6021257a.dat,0
90195.dat,1
2903c01.dat,0
163345c.dat,0
33cc01.dat,1
32534.dat,0
4193528.dat,1
529.dat,0
54869.dat,1
15068dy7.dat,0
14295.dat,0
607p01.dat,1
4150ps5.dat,0
30323.dat,0
48298.dat,1
4201018bc01.dat,0
61795.dat,0
6177949fc01.dat,0
3815bp42.dat,0
10351p01.dat,0
11272.dat,0
87576.dat,1
u9010.dat,0
776p15.dat,0
64835.dat,0
4296207g.dat,0
190245b.dat,0
3815bpa9.dat,0
14769pt1.dat,0
676p01.dat,0
30261p03.dat,0
14769ptp.dat,0
11202p02.dat,0
20905.dat,0
4728.dat,1
25452c01.dat,0
3183b.dat,1
66788.dat,0
3009ptb.dat,1
4180c01.dat,1
2359.dat,1
3596p02.dat,0
6142617p.dat,0
u9004.dat,1
6148328e.dat,0
776p01.dat,0
30114c01.dat,0
10178.dat,0
4215ap07.dat,1
40574c01.dat,1
004462b.dat,0
54712.dat,0
47380p03.dat,0
459923.dat,1
3037d50.dat,1
75904.dat,0
13459.dat,1
99774.dat,1
88323c03.dat,0
70501b.dat,0
60593c01.dat,1
2417.dat,1
25375k01.dat,1
3709.dat,1
14769ptg.dat,0
40001.dat,1
84725.dat,1
4700.dat,0
49743.dat,1
2371.dat,1
47222b.dat,0
37341e.dat,0
99012.dat,0
24593.dat,1
6148328boc01.dat,0
92747p02.dat,0
6117.dat,1
89201.dat,0
t1105.dat,0
80543.dat,1
18603c02p03.dat,1
42602.dat,0
9230.dat,1
11203d05.dat,1
t1111.dat,0
004747a.dat,0
3815bpc1.dat,0
4714.dat,1
30367cps8.dat,1
98568p02.dat,0
3009pt4.dat,1
4215ap0a.dat,1
30294.dat,1
2403.dat,0
18836p42.dat,0
4072.dat,0
285c01.dat,1
6255869o.dat,0
6148328r.dat,0
168135f.dat,0
u9038.dat,1
6142617g.dat,0
9556.dat,0
3004ph2.dat,1
3003p0a.dat,1
3899p09.dat,0
3245b.dat,1
41486.dat,0
40940.dat,0
30213d01.dat,0
14769px2.dat,0
102285.dat,1
3816cpx3.dat,0
s2.dat,0
973pr6.dat,0
25672.dat,0
92250p04.dat,0
313.dat,0
37178k01.dat,0
4066bp1f.dat,0
u9145c01.dat,0
3004p0h.dat,1
973ps2.dat,0
11477dy9.dat,0
71645p02.dat,0
307.dat,1
87079dq0.dat,0
2454b.dat,1
973pss.dat,0
4066bp0b.dat,0
3475a.dat,1
u9370c02.dat,1
15068p0k.dat,0
20033c01.dat,1
64452p02.dat,1
67095ps1.dat,0
55707e.dat,0
6148328ae.dat,0
u9102p09.dat,0
28424.dat,0
38628p01.dat,0
71551.dat,0
10908p03.dat,0
826ap03.dat,1
3005-6b.dat,1
6009194d.dat,0
461.dat,1
73200bpw3.dat,0
77108.dat,0
60474.dat,1
20460bp04.dat,0
3024ptc3.dat,1
6148328aqc01.dat,0
u9150p01.dat,0
96484.dat,0
3003p07.dat,1
449.dat,0
25128.dat,1
3351ap15.dat,0
6160c01.dat,1
4066bp1q.dat,0
65414c01.dat,0
34743.dat,0
4066bp10.dat,0
13786p01.dat,0
3817cpb8.dat,0
27059.dat,0
47975.dat,1
553ps1.dat,1
19859p09.dat,0
4211395.dat,1
95827.dat,0
90787.dat,1
42819.dat,1
11477dyo.dat,0
821410b.dat,0
12895p03.dat,0
4066bp0u.dat,0
30173b.dat,0
53914.dat,1
4066bp04.dat,0
4174735e.dat,0
96490.dat,0
3003p13.dat,1
3351ap01.dat,0
4179107e.dat,0
6148328ar.dat,0
31149.dat,0
3817cp6v.dat,0
11299.dat,0
95199.dat,0
6148328bi.dat,0
10187.dat,0
3070bpe5.dat,0
3251.dat,0
4544258k.dat,0
3626cpsq.dat,1
15570.dat,1
3626cps0.dat,1
973pf3.dat,0
973p0b.dat,0
973p38.dat,0
3298p76.dat,1
2384p04.dat,0
u9212.dat,0
85543-f4.dat,0
21019bpx3.dat,0
6567c02.dat,1
6237277e.dat,0
4258.dat,0
2629.dat,1
3816p89.dat,0
47222.dat,0
866c04.dat,1
5152.dat,1
50986.dat,0
3816cp89.dat,0
646a.dat,1
38.dat,0
6221655ai.dat,0
973p1f.dat,0
u9206.dat,1
878.dat,0
3134d01.dat,1
43722.dat,1
76110p02.dat,0
192385b.dat,0
53531.dat,0
73839.dat,0
973pg7.dat,0
004655a.dat,0
14769pm3.dat,0
3816cpm2.dat,0
35252p01.dat,0
65130k03.dat,0
3816pm2.dat,0
46882.dat,0
54276.dat,1
u9548.dat,1
3626cpsf.dat,1
22385p102.dat,0
3070bp0h.dat,0
2680b.dat,1
3622p53.dat,1
3664p06.dat,0
10352.dat,0
6159a.dat,1
4568123f.dat,0
191815b.dat,0
24201d01.dat,1
30082.dat,0
688.dat,0
87990.dat,0
66855p06.dat,1
3815pq1.dat,0
23798.dat,0
973p3n.dat,0
10.dat,1
73200bpbd.dat,0
973p04.dat,0
195505b.dat,0
87748.dat,0
4121723b.dat,0
850.dat,0
4116683.dat,0
28424p02.dat,0
68488c01.dat,0
973p2j.dat,0
844.dat,0
973p1q.dat,0
3070bp1l.dat,0
122c04.dat,1
2431dm4.dat,0
6005745b.dat,0
194175e.dat,0
94720.dat,0
11778p01.dat,0
973pga.dat,0
22385p116.dat,0
6285381d.dat,0
2686c02.dat,0
33212.dat,0
165395cc01.dat,0
111.dat,0
4629677d.dat,0
3817cpy2.dat,0
3857p02.dat,1
61521c01.dat,1
50951.dat,0
4492p02.dat,0
2832.dat,0
54696p01c01.dat,0
747p09.dat,0
193445bc01.dat,0
005048b.dat,0
43093.dat,0
24008.dat,1
92247p08.dat,0
193445c.dat,0
75535.dat,0
4211815.dat,0
20461bp0g.dat,0
30069.dat,1
67131.dat,1
2826.dat,1
6186799c.dat,0
4106329b.dat,0
820673h.dat,0
72046p02.dat,0
92240p01.dat,1
105.dat,0
004659b.dat,0
165395c.dat,0
87775pk4.dat,0
32ac01.dat,1
49661p01.dat,0
3245bp07.dat,1
65068.dat,1
72514.dat,0
815c01.dat,0
21833-f2.dat,0
85959p03.dat,0
30124b.dat,0
3010pzw.dat,1
3816cp62.dat,0
30041.dat,1
6221655q.dat,0
3010pz6.dat,1
92198p10c01.dat,1
997c02.dat,1
20461bp01.dat,0
30055.dat,1
3137a.dat,1
887.dat,0
14661-f2.dat,0
6142622ac01.dat,0
23997.dat,0
41879ap04.dat,1
973ph8.dat,0
6259665g.dat,0
32124.dat,1
80796.dat,1
4345ad01.dat,1
76766.dat,1
64779p01.dat,1
820670d.dat,0
47373-f4.dat,0
23996.dat,1
886.dat,1
37366pdg9.dat,0
20461bp00.dat,0
820670e.dat,0
71396p01c01.dat,0
87566p02.dat,0
30259ad02.dat,0
328a.dat,0
821430a.dat,0
32125.dat,1
62712.dat,1
6259665f.dat,0
10b.dat,1
138.dat,0
973ph9.dat,0
76382pxz.dat,0
30361ps4.dat,0
u588p01c01.dat,0
93595p01.dat,0
3245bp06.dat,1
820671a.dat,0
2651c01.dat,0
30380p01.dat,0
41861.dat,0
3816p63.dat,0
6221655p.dat,0
3010pz7.dat,1
3816cp63.dat,0
30259p06.dat,0
3010pzv.dat,1
32004bc01.dat,0
85959p02.dat,0
892.dat,0
3680c01.dat,1
6186799b.dat,0
30068.dat,1
4865p02.dat,0
50944.dat,0
4211814.dat,1
71752.dat,1
51482.dat,1
2944c01.dat,0
193445b.dat,0
37365p02.dat,0
30258d01.dat,0
43086.dat,1
99249c01.dat,0
165395b.dat,0
33207.dat,0
104.dat,0
2340p90.dat,1
004659c.dat,0
2474a.dat,0
80973.dat,1
820673i.dat,0
27266.dat,0
44567b.dat,1
57781.dat,0
3817cpy3.dat,0
47592.dat,0
4629677e.dat,0
740p01.dat,0
73200bp8a.dat,0
110.dat,0
33213.dat,1
6285381e.dat,0
23766.dat,0
u1854.dat,0
676.dat,0
747p08.dat,0
2833.dat,0
3010pza.dat,1
50950.dat,0
4492p03.dat,0
30097.dat,1
6005745c.dat,0
2431dm5.dat,0
32532b.dat,1
122c05.dat,1
44079-f2.dat,0
973p1p.dat,0
4694c04.dat,1
845.dat,0
45408.dat,0
973p2k.dat,0
973p11.dat,0
99563.dat,0
28424p03.dat,0
22385p117.dat,0
20841c01.dat,1
3278.dat,0
94721.dat,0
4517.dat,0
194175d.dat,0
3587d01.dat,1
46667.dat,0
56474.dat,0
4503.dat,0
22385p103.dat,0
3298pa0.dat,1
3626cpsg.dat,1
u9549.dat,0
851.dat,0
4121723c.dat,0
87749.dat,0
973p05.dat,0
73200bpbe.dat,0
11.dat,1
973p3o.dat,0
23799.dat,0
3815pq0.dat,0
87991.dat,0
66855p07.dat,1
24201d00.dat,1
30083.dat,0
2614.dat,1
10353.dat,1
3664p07.dat,0
48138.dat,1
4265.dat,0
3070bp0i.dat,0
43045.dat,1
23969.dat,0
87761.dat,0
879.dat,1
u9207.dat,0
u9622c01.dat,1
973p1g.dat,0
6221655ah.dat,0
39.dat,1
71949.dat,0
4633881.dat,0
65130k02.dat,0
47545.dat,0
67695.dat,0
18041.dat,0
14769pm2.dat,0
u9495c01.dat,0
76798.dat,1
973pg6.dat,0
192385c.dat,0
13710ic01.dat,0
43723.dat,1
76110p03.dat,0
98127.dat,0
973pf2.dat,0
3626cps1.dat,1
15571.dat,0
u9575.dat,0
190265a.dat,0
4544258j.dat,0
3250.dat,0
3070bpe4.dat,0
84133p01.dat,0
93066.dat,1
3822d08.dat,1
2628.dat,1
4259.dat,1
6237277d.dat,0
21019bpx2.dat,0
973p3x.dat,0
87775.dat,0
85543-f5.dat,0
u9213.dat,0
2384p05.dat,0
973p39.dat,0
973p0c.dat,0
3298p77.dat,1
4066bp05.dat,0
47899c01.dat,1
821410c.dat,0
973pse.dat,0
4066bp0t.dat,0
12895p02.dat,0
11477dyn.dat,0
6055874b.dat,0
30530.dat,0
19859p08.dat,0
6148328bh.dat,0
95198.dat,0
30256.dat,1
3817cp6w.dat,0
2431dy0.dat,0
31148.dat,0
6148328as.dat,0
98286c01.dat,1
4179107d.dat,0
4586574a.dat,0
3626cp07.dat,1
3003p12.dat,1
96491.dat,0
3351ap14.dat,0
3003p06.dat,1
96485.dat,0
448.dat,1
3024ptc2.dat,1
3817cp72.dat,0
20460bp05.dat,0
3010pb1.dat,1
30242.dat,0
60475.dat,1
39266.dat,1
95832.dat,0
47974.dat,1
3240bc02.dat,1
3817cpb9.dat,0
3817pc67.dat,0
18675ps1.dat,0
30554a.dat,0
4066bp11.dat,0
4518a.dat,0
34742.dat,1
2727ac01.dat,0
4066bp1p.dat,0
973pra.dat,0
3846d01.dat,0
32333.dat,1
80581.dat,0
93552p06.dat,0
15068p0j.dat,0
u9105p01.dat,0
u9370c03.dat,1
3626b-4t.dat,1
4066bp0c.dat,0
973psr.dat,0
87079dq1.dat,0
306.dat,0
11477dy8.dat,0
973ps3.dat,0
16178p01.dat,0
73200bpw2.dat,0
35700p02.dat,0
30587c01p01.dat,0
6009194e.dat,0
33763.dat,0
826ap02.dat,1
10908p02.dat,0
3002d01.dat,1
6148328ad.dat,0
u9102p08.dat,0
55707d.dat,0
51858.dat,1
98138pd11.dat,0
20460bp0c.dat,0
4195004.dat,0
15396c01.dat,1
3245c.dat,1
3899p08.dat,0
4066bp1g.dat,0
1686.dat,0
92250p05.dat,0
62698-f1.dat,0
973pr7.dat,0
73435.dat,1
67440.dat,1
3816cpx2.dat,0
14769px3.dat,0
30518.dat,1
4188055.dat,0
3817pc6a.dat,0
3009pt5.dat,1
98568p03.dat,0
970p4f.dat,0
30367cps9.dat,1
73090b.dat,1
4715.dat,0
s16.dat,0
t1110.dat,0
11203d04.dat,1
30027ac01.dat,0
42603.dat,1
65151-f2.dat,0
6142617f.dat,0
u9039.dat,0
168135g.dat,0
32482.dat,0
6148328s.dat,0
6255869n.dat,0
4073.dat,1
46303.dat,0
72634c02.dat,1
30295.dat,1
30838pk0.dat,0
3708.dat,0
27925.dat,0
64808.dat,0
70501c.dat,0
88323c02.dat,0
3037d51.dat,1
32496.dat,0
54713.dat,0
47380p02.dat,0
18603c02p02.dat,1
80542.dat,0
t1104.dat,0
6116.dat,0
14657-f2.dat,0
92747p03.dat,0
99013.dat,0
53992-f4.dat,0
37341d.dat,0
2370.dat,1
4701.dat,0
84724.dat,0
40000.dat,0
14769ptf.dat,0
47759pq1.dat,1
4864ap01.dat,1
3596p03.dat,0
2358.dat,1
236b.dat,1
3009ptc.dat,1
3183c.dat,1
66789.dat,1
4729.dat,0
20904.dat,0
3046.dat,1
813c03-f2.dat,1
004462c.dat,0
58101.dat,1
11267.dat,1
51643.dat,0
40996.dat,1
37777c01.dat,0
72514p01.dat,0
4215ap06.dat,1
61780.dat,0
6148328d.dat,0
783pt0.dat,0
t1032c01.dat,0
u9005.dat,1
u9351-f2.dat,0
6142617q.dat,0
89534p01.dat,0
776p14.dat,0
88644.dat,1
61189ps2.dat,0
u9011.dat,0
87577.dat,1
736c01.dat,1
u9078p01.dat,0
61794.dat,0
11202p03.dat,0
14769ptq.dat,0
30261p02.dat,0
47753.dat,0
4174735bc01.dat,0
199013a.dat,0
4296207f.dat,0
581c01.dat,1
3039ps1.dat,1
21761-f2.dat,0
u9009p01.dat,0
3001p17.dat,1
29115.dat,1
3678ad24.dat,1
11244p04c01.dat,0
4210698.dat,1
66645ap01.dat,0
30322.dat,0
4150ps4.dat,0
3873.dat,0
15068dy6.dat,0
6311459bc01.dat,0
32535.dat,0
163345b.dat,0
90194.dat,1
25269p05.dat,0
31512p01.dat,0
u9109p01.dat,0
3009d08.dat,1
10p09.dat,1
4100341.dat,1
64767.dat,0
16497.dat,0
28925c04.dat,1
4650852h.dat,0
3867.dat,1
84637bp01.dat,0
685p03.dat,0
3001p03.dat,1
27956px1.dat,0
4125165fc01.dat,0
53992k01.dat,0
32247.dat,0
62470.dat,0
572c02.dat,1
4183048.dat,1
87079pm0.dat,0
71342.dat,0
3044b.dat,0
30478.dat,1
185c01d03.dat,1
6142622uc01.dat,0
196935a.dat,0
4179872.dat,1
3437pe3.dat,0
6246b.dat,0
272.dat,1
192425a.dat,0
2793c01-f2.dat,0
u9107p04.dat,0
31000.dat,0
17979.dat,0
486k01.dat,0
28551.dat,0
19954.dat,1
15038p01.dat,0
60583b.dat,1
3069bph0.dat,0
3005px6.dat,1
500.dat,1
6923.dat,0
25061.dat,1
30191k03.dat,0
98286.dat,1
30350bpx1.dat,0
87948-f1.dat,0
266.dat,1
197915f.dat,0
22969a.dat,0
3001p0e.dat,1
u9007p04.dat,0
54696c01.dat,0
3037ps4.dat,1
3626bpc42.dat,1
50373.dat,1
3069bp0j.dat,0
20694.dat,0
4744p06.dat,1
4100418a.dat,0
3817bpq0.dat,0
2210.dat,0
168335b.dat,0
2586p4k.dat,0
4502b.dat,0
t1064.dat,1
3626bpw1.dat,1
44342p01.dat,1
32290.dat,0
3622d01.dat,1
6279911j.dat,0
t1094k02p01.dat,0
35299.dat,0
32123b.dat,0
4210883.dat,1
61810.dat,0
3668.dat,1
2562.dat,0
92754.dat,0
26597.dat,1
4542422c.dat,0
u9159.dat,0
52216.dat,1
3005ptc.dat,1
30117p6u.dat,1
4449k01.dat,0
299.dat,1
u600p02c01.dat,0
u9107p01c01.dat,0
90625.dat,0
t1070.dat,0
u9492p01.dat,0
73200pd6e.dat,0
98279.dat,0
54101.dat,1
19001.dat,1
6142275acc01.dat,0
32523p01.dat,0
73200p6w.dat,0
98138ps2.dat,0
t1058.dat,0
4629791b.dat,0
6283148o.dat,0
3048a.dat,0
50990a.dat,1
47155.dat,1
93273d01.dat,0
2654bp03.dat,0
64954.dat,1
973pdg7.dat,0
2528ap31.dat,0
92198p14.dat,1
u9165.dat,0
u9151p01c03.dat,0
u9487c01.dat,0
64798.dat,0
3005ptt.dat,1
65486.dat,1
3005pt5.dat,1
41530.dat,0
51723.dat,0
3898.dat,0
3678b.dat,1
3640.dat,1
17010.dat,0
3069bp18.dat,0
40359b.dat,0
4891.dat,0
81714.dat,0
6069ps3.dat,1
3228b.dat,0
98138p10.dat,0
98138p2j.dat,0
98138p1q.dat,0
3245cpz7.dat,1
4182dt1.dat,1
30120.dat,0
6258203a.dat,0
61409.dat,0
4739b.dat,0
4620857a.dat,0
6636p0f.dat,0
85943.dat,1
30646.dat,1
74981b.dat,0
21019bpd92.dat,0
20455.dat,1
72475.dat,1
3005-o.dat,1
24633.dat,0
32051.dat,0
4620855dc01.dat,0
4613907b.dat,0
163555c.dat,0
3010d0g.dat,1
4613906f.dat,0
4620856e.dat,0
29303.dat,0
76607.dat,0
21987.dat,0
3846p46.dat,0
3855b.dat,0
30363ps1.dat,1
30134.dat,1
27448.dat,0
85984d0h.dat,0
18860.dat,1
60601px1.dat,0
6309p0a.dat,0
u9398.dat,0
98138p04.dat,0
62114.dat,0
98138p0u.dat,0
3626bp4a.dat,1
4109601.dat,1
6296256d.dat,0
4111899i.dat,0
47394.dat,0
6309p13.dat,0
6196575k.dat,0
98138p1f.dat,0
716.dat,1
3245cpza.dat,1
6234010c.dat,0
47753d01.dat,0
88283.dat,0
3005-x.dat,1
4488.dat,1
21019pd87.dat,0
87079pt2.dat,0
31570.dat,0
99250p01.dat,0
3443b.dat,0
6316625e.dat,0
170882b.dat,0
23969p01.dat,0
4867p13.dat,1
32079.dat,0
3010d01.dat,1
98138p0b.dat,0
u9117p01.dat,0
003667b.dat,0
702.dat,1
3626bp47.dat,1
64835p01.dat,0
6337749b.dat,0
6637d.dat,0
6309p0v.dat,0
3481.dat,1
6309p07.dat,0
47380.dat,0
2947.dat,0
4187376a.dat,0
28974.dat,1
50944p01c01.dat,0
59155.dat,0
2774.dat,1
24196.dat,1
931.dat,0
3960pbc.dat,1
22385p063.dat,0
004511a.dat,0
191765.dat,0
3068bp21.dat,0
3816bpsk.dat,0
21788.dat,0
87079pz9.dat,0
4463.dat,0
4106331h.dat,0
10178p06.dat,0
3817psk.dat,0
3068bp35.dat,0
20482.dat,0
3087c.dat,1
87079pxg.dat,0
4477.dat,1
19203.dat,0
971p3j.dat,0
003238m.dat,0
66857p02.dat,0
40376.dat,0
32086.dat,1
970ca2.dat,0
15439.dat,0
43743-f2.dat,1
6260.dat,1
4162510b.dat,0
u9499c01.dat,0
3626bp8b.dat,1
4796c01.dat,1
44676.dat,0
851a.dat,0
925.dat,1
27328p01k03.dat,0
3039p0a.dat,1
13710ec01.dat,0
11170p01.dat,0
59141.dat,0
87615.dat,1
u9373.dat,1
3960pb5.dat,1
3039p13.dat,1
593c01.dat,1
3456.dat,1
28948.dat,0
004589c.dat,0
48064.dat,0
18653.dat,1
38583.dat,1
2748.dat,1
92218.dat,0
4226869.dat,0
71183.dat,0
47431.dat,1
93106.dat,1
u595p02c03.dat,0
4613908m.dat,0
15411.dat,1
u9415.dat,0
6248.dat,1
6296256fc01.dat,0
67611p01.dat,1
37383c01.dat,1
53450.dat,0
u9401.dat,0
3350p09.dat,0
3068bp09.dat,0
4620859j.dat,0
87079px1.dat,0
69900.dat,0
4150p02.dat,0
3324.dat,1
3039p07.dat,1
93674.dat,0
67040p01.dat,0
2984.dat,1
3068bpfh.dat,0
41732.dat,0
3626bp84.dat,1
4220a.dat,0
6142622h.dat,0
87601.dat,1
919.dat,1
u9367.dat,0
98721.dat,0
92552.dat,0
4150pf1.dat,0
4315.dat,1
28964.dat,1
921.dat,0
3626bp8f.dat,1
14045.dat,0
4162510f.dat,0
6264.dat,0
003238i.dat,0
26073p02.dat,0
87079pxc.dat,0
3817pq1.dat,0
66857p06.dat,0
3068bp0k.dat,0
3068bp31.dat,0
u9393c01.dat,0
2454bd03.dat,1
3816bpq1.dat,0
4467.dat,0
10178p02.dat,0
3308.dat,1
85984.dat,0
93606p04.dat,0
168315d.dat,0
92220.dat,0
u9251p03.dat,0
6270.dat,1
22385p067.dat,0
15429.dat,1
935.dat,0
44666.dat,1
6516.dat,0
2772-f1.dat,1
95229.dat,0
4221858.dat,0
16646.dat,0
u9363.dat,0
33011a.dat,0
43121.dat,1
6005724f1.dat,0
3626bp80.dat,1
6142622l.dat,0
3068bpfl.dat,0
46413d01.dat,1
6179ps2.dat,1
2383c01p04.dat,1
3039p03.dat,1
2980.dat,0
87079px5.dat,0
4150p06.dat,0
190765i.dat,0
4493pw1.dat,1
u9405.dat,0
53454.dat,0
48918c03.dat,0
4613908i.dat,0
6005724r.dat,0
4620858j.dat,0
3334.dat,1
69910.dat,0
3068bp19.dat,0
77710p01.dat,0
6170752h.dat,0
190155j.dat,0
2994.dat,0
004589g.dat,0
u9377.dat,0
87611.dat,1
3960pb1.dat,1
44882.dat,1
52038.dat,1
3626bp4e.dat,1
98138p0q.dat,0
98138p00.dat,0
32cc01.dat,1
55964.dat,0
90386.dat,0
2913c01.dat,1
4738b.dat,0
6309p0e.dat,0
92591.dat,1
30130.dat,0
817c01.dat,1
191895n.dat,0
4620856a.dat,0
3010d0c.dat,1
2654bps1.dat,0
4613906b.dat,0
4448d02.dat,0
163555g.dat,0
92198p12c01.dat,1
3193p01.dat,1
30175c01.dat,0
56823k04.dat,0
3005-k.dat,1
6135a.dat,1
30642.dat,1
4620857e.dat,0
u9142p04.dat,0
85947.dat,0
6636p0b.dat,0
18870.dat,1
92585.dat,0
6258203e.dat,0
30124.dat,0
24151.dat,1
98100ps2.dat,1
3245cpz3.dat,1
u9147p02c01.dat,0
98138p1u.dat,0
98138p2n.dat,0
55970.dat,0
u9388.dat,1
6069p01.dat,1
98138p14.dat,0
6234010p.dat,0
2943.dat,0
6309p03.dat,0
50820.dat,1
6309p0r.dat,0
6005724j2.dat,0
3626bp43.dat,1
6337749f.dat,0
98138p0f.dat,0
35809p03.dat,0
60581dm2.dat,1
3010d05.dat,1
88293.dat,1
3626bpa8.dat,1
6316625a.dat,0
4624282.dat,0
3846p4d.dat,0
87079pt6.dat,0
59349pa0.dat,1
6636p10.dat,0
4512p01.dat,0
6640b.dat,0
4498.dat,0
6636p04.dat,0
92245p08.dat,0
32069.dat,0
24093p02.dat,0
98138p2y.dat,0
3245cpze.dat,1
712.dat,1
98138p1b.dat,0
98138p28.dat,0
4412p01.dat,0
96907.dat,0
3491.dat,1
67040.dat,0
6196575o.dat,0
92242p01.dat,0
6309p17.dat,0
3068bph1.dat,0
30118.dat,1
20684.dat,1
3069bp20.dat,0
30497.dat,1
11459.dat,0
3815cs5.dat,0
t1074.dat,0
30527c03.dat,1
87552p02.dat,1
6066.dat,1
63971.dat,0
3005ptg.dat,1
61800.dat,0
3678.dat,1
6148328bmc01.dat,0
2566.dat,1
56074.dat,1
2383c01.dat,1
362321.dat,1
2572.dat,1
87079p70.dat,0
75904p02.dat,0
2550c02.dat,0
2528ap3c.dat,0
3005pv9.dat,1
12622.dat,1
3622d05.dat,1
6279911n.dat,0
u9149.dat,1
53118.dat,0
44302.dat,1
3626bpw5.dat,1
t1060.dat,1
3403c01.dat,1
32294.dat,0
4162pt1.dat,0
289.dat,1
63965.dat,0
6072.dat,1
973pd14.dat,0
9341.dat,0
4744p02.dat,1
3069bp0n.dat,0
168335f.dat,0
63864p04.dat,0
30483.dat,0
2214.dat,0
4100418e.dat,0
3068p66.dat,0
t1048.dat,0
4276a.dat,1
3049a.dat,0
6299663d.dat,0
37178-f1.dat,0
004402a.dat,0
2340d04.dat,1
3623p02.dat,1
11303.dat,0
3644.dat,0
10066p02.dat,0
3005pt1.dat,1
3005pwk.dat,1
92198p10.dat,1
3005ptp.dat,1
87407.dat,0
71405b.dat,0
u9161.dat,1
2296p01.dat,1
3005pvo.dat,1
2528ap35.dat,0
4182c01.dat,1
43337.dat,0
92198p04.dat,1
93090p03.dat,0
3650.dat,0
18455.dat,1
3069bp08.dat,0
61196.dat,0
60288.dat,0
3136.dat,1
6283148k.dat,0
466c.dat,0
79717p02-f2.dat,0
168335q.dat,0
4125165j.dat,0
90609.dat,0
3229b.dat,0
73200p89.dat,0
3001p07.dat,1
84637bp05.dat,0
51595p01.dat,1
32074c02.dat,0
30332.dat,0
3008p23.dat,1
4650852l.dat,0
2335p33.dat,0
65151c02-f2.dat,0
25059.dat,1
73200pm2.dat,0
32525.dat,0
25375-f1.dat,1
u9190c03.dat,1
25269p01.dat,0
551ps1.dat,1
163345f.dat,0
32531.dat,1
6342869a.dat,0
92240p01c01.dat,1
15210pc0.dat,0
4150ps0.dat,0
4650853h.dat,0
4114324.dat,1
4181p02d01.dat,1
24108pe3.dat,1
29111.dat,0
66606.dat,1
3039ps5.dat,1
92198p02c04.dat,1
35538.dat,0
2462d01.dat,1
429c02.dat,0
3001p0a.dat,1
3037ps0.dat,1
197915b.dat,0
4856.dat,1
262.dat,1
6099.dat,1
98282.dat,1
75652.dat,0
3009d0j.dat,1
2599.dat,1
609p01.dat,1
92252p04.dat,0
2654b.dat,0
821472i.dat,0
14769d09.dat,0
u9372c02.dat,1
6342869bc01.dat,0
510.dat,1
3960pv4.dat,1
276.dat,1
6246f.dat,0
6141955t.dat,0
4842.dat,0
84867.dat,1
37461-f2.dat,0
14769ptb.dat,0
2374.dat,1
6112.dat,1
16360pd1d.dat,0
80546.dat,1
18603c02p06.dat,1
t1100.dat,0
u9029.dat,0
54717.dat,0
88323c06.dat,0
65094p01.dat,1
59233.dat,0
30285.dat,0
2412.dat,0
2431dt3.dat,0
190815b.dat,0
32474p01.dat,0
31000p1m.dat,0
47408p01.dat,0
6255869j.dat,0
6177949hc01.dat,0
23816a.dat,0
54703.dat,0
6148328w.dat,0
168135c.dat,0
6142617b.dat,0
9553.dat,0
6106.dat,1
86123.dat,0
42607.dat,1
93273pz3.dat,0
93248.dat,0
u595p02.dat,0
60481ady1.dat,1
2360.dat,1
3009pt1.dat,1
47223c.dat,0
4864ap11.dat,1
4739.dat,0
47757.dat,1
92709c03.dat,1
3815bpbf.dat,0
30191-f2.dat,0
2348.dat,0
3817cpm2.dat,0
5427.dat,0
14769ptu.dat,0
3817cp89.dat,0
10169.dat,0
u768p01c01.dat,0
3730.dat,1
u9015.dat,0
776p10.dat,0
u9495p01c01.dat,0
87567.dat,0
u9001.dat,0
6142617u.dat,0
6580bc01.dat,0
776p04.dat,0
4215ap02.dat,1
11263.dat,0
2626d02.dat,1
93274.dat,1
19159.dat,0
3816cpu1.dat,0
2513d01.dat,1
66955.dat,0
3042.dat,0
3009ptg.dat,1
4864ap05.dat,1
6148328bac01.dat,0
6160c04.dat,1
3846d05.dat,0
973pre.dat,0
4066bp1t.dat,0
35458.dat,0
25893.dat,1
4066bp15.dat,0
62500.dat,1
33029.dat,1
30520.dat,1
13786p04.dat,0
18675ps5.dat,0
39262.dat,1
905c01.dat,1
51874.dat,0
60471.dat,1
95188.dat,1
30246.dat,1
20460bp01.dat,0
6285381ac01.dat,0
3003p02.dat,1
96481.dat,0
3024ptc6.dat,1
65509.dat,1
3351ap10.dat,0
t43171.dat,0
62272.dat,0
458.dat,0
3003p16.dat,1
6109079b.dat,0
3351ap04.dat,0
10679b.dat,0
3626cp03.dat,1
3712c03.dat,0
6148328aw.dat,0
3817cp62.dat,0
6148328bl.dat,0
163145c.dat,0
33ac01.dat,1
15068p08.dat,0
3815b.dat,0
4620860c.dat,0
3818px3.dat,0
49949.dat,1
12895p06.dat,0
4066bp0p.dat,0
973psa.dat,0
1872.dat,0
34752.dat,0
4066bp01.dat,0
4760p03.dat,1
73696c03.dat,1
004382a.dat,0
3010p42.dat,1
57587.dat,0
14769px7.dat,0
s7.dat,0
973pr3.dat,0
35464.dat,1
4066bp1c.dat,0
973prr.dat,0
24852c01.dat,0
61898dc01.dat,0
92250p01.dat,0
316.dat,0
470.dat,0
4226636c.dat,0
54930.dat,0
86876.dat,1
25111.dat,0
194295bc02.dat,0
196955c.dat,0
20460bp0g.dat,0
95195c01.dat,0
792c02.dat,1
31170.dat,0
4088.dat,1
3002d05.dat,1
826ap06.dat,1
464.dat,1
6009194a.dat,0
22587a.dat,0
973ps7.dat,0
35470.dat,1
973psv.dat,0
4066bp0g.dat,0
47223a-f1.dat,0
302.dat,1
93552p02.dat,0
90397d02.dat,1
44301a.dat,1
3816cpy2.dat,0
4261.dat,0
3070bp0m.dat,0
4568123c.dat,0
30087.dat,1
2610.dat,0
43741-f3.dat,0
3664p03.dat,0
20294.dat,0
33048c01.dat,0
973p3k.dat,0
15.dat,1
73200bpba.dat,0
973p01.dat,0
4116692.dat,0
66855p03.dat,1
87995.dat,0
23945.dat,1
92084p01.dat,0
73200bpaz.dat,0
80022.dat,0
4121723g.dat,0
22483.dat,0
6091dy1.dat,1
73200bp40.dat,0
27328p03k02.dat,0
22385p107.dat,0
33009df0.dat,0
4182p08.dat,1
92340.dat,1
4507.dat,1
69858.dat,0
94725.dat,0
56823-f1.dat,0
10354c01.dat,1
u9559.dat,0
170876a.dat,0
973pgd.dat,0
22385p113.dat,0
44375bpa0.dat,1
973p15.dat,0
973p2o.dat,0
699.dat,1
168115a.dat,0
973p1t.dat,0
841.dat,1
4275.dat,1
122c01.dat,1
40574.dat,0
4760c01d02.dat,1
67017p01.dat,0
2431dm1.dat,0
30093.dat,0
3298p73.dat,1
973p0g.dat,0
29.dat,1
2384p01.dat,0
4121723p.dat,0
u9217.dat,0
85543-f1.dat,0
3070bp0z.dat,0
u9153p02c01.dat,0
25977p02.dat,0
28192.dat,0
4629up.dat,0
4544258n.dat,0
93062.dat,0
3070bpe0.dat,0
88324.dat,0
18835p02.dat,0
98137.dat,0
190265e.dat,0
73200bp4f.dat,0
28192dy0.dat,0
57028p02.dat,0
65092.dat,0
u9565.dat,0
7026.dat,1
62931.dat,1
15561.dat,0
973pg2.dat,0
93140c01.dat,1
85614.dat,1
6283148q2.dat,0
94719.dat,0
48729b.dat,0
3010pt8.dat,1
2638.dat,1
866c01.dat,0
973p29.dat,0
973p1c.dat,0
6221655al.dat,0
3298p67.dat,1
u9203.dat,0
3684adq1.dat,1
15207.dat,0
63539-f2.dat,0
23986.dat,1
85959p06.dat,0
896.dat,1
64415.dat,0
3817cpde3.dat,0
30044.dat,1
3816p6v.dat,0
3010pzr.dat,1
30259p02.dat,0
3842b.dat,0
3816cp6v.dat,0
37366pdec.dat,0
18910.dat,1
3010pz3.dat,1
60673.dat,1
6221655t.dat,0
60115.dat,0
26603dx1.dat,0
49661p04.dat,0
801ap01.dat,1
63710p01.dat,0
128.dat,0
30152a.dat,0
3245bp02.dat,1
u588p01c05.dat,0
3939p90.dat,1
6259665b.dat,0
43900.dat,0
30408p02.dat,0
93089.dat,0
3816cpde3.dat,0
820670a.dat,0
3816cpb8.dat,0
3815bpw1.dat,0
20461bp04.dat,0
18904.dat,1
3961ps0.dat,1
55804.dat,0
41879ap01.dat,1
u9140p01.dat,0
43903k02.dat,0
92241p0ec01.dat,0
30078.dat,1
41681.dat,0
6221655c.dat,0
60897.dat,1
2837.dat,0
3010pze.dat,1
73200bpn4.dat,0
u1850.dat,0
36069a.dat,0
4243824.dat,1
6142622oc01.dat,0
114.dat,0
6285381a.dat,0
3324ec01.dat,1
15210d04.dat,0
4629677a.dat,0
32109.dat,0
3297.dat,1
87568p03.dat,0
27262.dat,0
3817cpx3.dat,0
9326p63.dat,0
820673m.dat,0
28145.dat,0
004659g.dat,0
100.dat,1
u9155c01.dat,1
87775pk1.dat,0
28974a.dat,1
4615865cc01.dat,0
165395f.dat,0
35114.dat,0
193445f.dat,0
164585b.dat,0
4116679.dat,0
4865p06.dat,0
645ac01.dat,1
2823.dat,1
6186799f.dat,0
18938.dat,0
004659f.dat,0
973phj.dat,0
101.dat,1
3816pc6a.dat,0
6221655nc01.dat,0
820673l.dat,0
3817cpx2.dat,0
18939.dat,0
20461bp0c.dat,0
37702.dat,0
164585c.dat,0
193445g.dat,0
30668p01.dat,0
u1851.dat,0
89a.dat,0
3010pzd.dat,1
30083ps0.dat,0
41858.dat,1
3404bc02.dat,1
u1854p01.dat,0
6221655b.dat,0
663626.dat,0
50955.dat,1
41680.dat,0
30079.dat,1
27263.dat,0
u9108p02c01.dat,0
u9115p01.dat,0
820672h.dat,0
87568p02.dat,0
32108.dat,0
15210d05.dat,0
93604pk0.dat,1
33216.dat,1
3816pc67.dat,0
2727a.dat,0
3816cpb9.dat,0
93088.dat,0
45601c01.dat,0
30408p03.dat,0
72504.dat,0
6259665c.dat,0
47373-f1.dat,0
55805.dat,0
883.dat,1
48138p02.dat,1
18905.dat,0
20461bp05.dat,0
3816cp72.dat,0
3010pz2.dat,1
6221655u.dat,0
60672.dat,1
37366pdeb.dat,0
3816cp6w.dat,0
30259p03.dat,0
3842c.dat,0
3010pzs.dat,1
3816p6w.dat,0
30045.dat,0
4493pw2c00.dat,1
897.dat,0
64414.dat,1
3939p91.dat,1
2547b.dat,0
32134.dat,0
766bc01.dat,0
30361ps1.dat,0
u588p01c04.dat,0
420c01-f2.dat,0
3245bp03.dat,1
3678ap4h.dat,1
129.dat,0
56902c01.dat,0
6130p01.dat,0
26603dx0.dat,0
4201639j.dat,0
973pg3.dat,0
192385f.dat,0
62930.dat,1
u9202.dat,0
3684adq0.dat,1
6221655am.dat,0
973p1b.dat,0
973p28.dat,0
3298p66.dat,1
30144p01.dat,1
2639.dat,1
2495c01.dat,0
6296256dc01.dat,0
6237277a.dat,0
71958.dat,0
93564p02.dat,0
868.dat,0
600880p02c01.dat,0
u9216.dat,0
u9410-f2.dat,0
826p01.dat,1
3298p72.dat,1
28.dat,1
973p0f.dat,0
57028p03.dat,0
65093.dat,0
28192dy1.dat,0
3626cps4.dat,1
4865ap01.dat,0
190265d.dat,0
98136.dat,0
88325.dat,0
30249ps0.dat,1
3070bpe1.dat,0
4544258o.dat,0
40918-f2.dat,0
22385p112.dat,0
973pge.dat,0
u1104.dat,1
91884.dat,1
u9558.dat,0
4512.dat,0
94724.dat,0
194175a.dat,0
3839b.dat,1
933c01.dat,0
2431dm0.dat,0
30092.dat,1
2605.dat,1
4760c01d03.dat,1
40575.dat,1
4274.dat,1
840.dat,0
4694c01.dat,1
973p1u.dat,0
650k01.dat,1
004711a.dat,0
23950.dat,0
3815psk.dat,0
973p2n.dat,0
973p14.dat,0
54200py0.dat,0
854.dat,0
4121723f.dat,0
66855p02.dat,1
87994.dat,0
14.dat,0
973p3j.dat,0
3664p02.dat,0
43741-f2.dat,0
95348.dat,0
30086.dat,1
4568123b.dat,0
3070bp0l.dat,0
4211622.dat,0
u9105p02c02.dat,0
4506.dat,0
92262py0.dat,1
4182p09.dat,1
13710gc01.dat,0
22385p106.dat,0
35700ps1.dat,0
73200bp41.dat,0
27328p03k03.dat,0
6091dy0.dat,1
67906p01.dat,0
6142622wc01.dat,0
105196p01.dat,0
6148328aa.dat,0
3002d04.dat,1
4089.dat,1
31171.dat,0
792c03.dat,1
55707a.dat,0
162275dc01.dat,0
3816cpy3.dat,0
u9105p04.dat,0
t1037k01.dat,0
u9370c06.dat,1
93552p03.dat,0
18603c02.dat,1
303.dat,1
4066bp0f.dat,0
973psw.dat,0
90398p01.dat,0
973ps6.dat,0
317.dat,0
4066bp1b.dat,0
22119.dat,0
973pr2.dat,0
14769px6.dat,0
11640p01.dat,0
73696c02.dat,1
196955b.dat,0
99957.dat,0
54931.dat,0
4226636b.dat,0
76382p4a.dat,0
471.dat,0
17454c01.dat,1
10183.dat,0
6148328bm.dat,0
3817cp63.dat,0
6148328av.dat,0
4179107a.dat,0
3712c02.dat,0
3626cp02.dat,1
30127p01.dat,0
3351ap05.dat,0
4174735a.dat,0
191485bc01.dat,0
6109079c.dat,0
3003p17.dat,1
62273.dat,0
4760p02.dat,1
4066bp00.dat,0
72706.dat,0
47899c04.dat,1
190765ac01.dat,0
73418.dat,0
4066bp0q.dat,0
11477dyk.dat,0
15068p09.dat,0
163145b.dat,0
30535.dat,1
3815bpn2.dat,0
4211385.dat,1
4449-f1.dat,0
18675ps4.dat,0
13786p05.dat,0
31a.dat,1
62501.dat,0
3005-ae.dat,1
4066bp14.dat,0
25892.dat,0
3815bpckc.dat,0
35459.dat,1
3846d04.dat,0
4066bp1u.dat,0
973prd.dat,0
88930py0.dat,0
92250p02c01.dat,0
3351ap11.dat,0
85984p70.dat,0
3024ptc7.dat,1
96480.dat,0
3003p03.dat,1
10197.dat,0
20460bp00.dat,0
3916.dat,0
4094b.dat,1
60470.dat,1
11289.dat,0
70688.dat,0
3070p06.dat,0
11262.dat,0
4215ap03.dat,1
72514p04.dat,0
6148328a.dat,0
486-f1.dat,0
776p05.dat,0
6142617t.dat,0
2483p50.dat,0
3815bpc39.dat,0
u9000.dat,0
87566.dat,0
15523p02.dat,0
4864ap04.dat,1
3009ptf.dat,1
3043.dat,0
3622pz2.dat,1
56897.dat,0
14769ptt.dat,0
5426.dat,0
2349.dat,1
30191-f3.dat,0
92709c02.dat,1
3815bpbg.dat,0
4738.dat,0
4864ap10.dat,1
67718c01.dat,0
84772p01.dat,0
1126.dat,0
776p11.dat,0
u9014.dat,0
6037727b.dat,0
29685p01.dat,0
3731.dat,1
51377c02.dat,0
10168.dat,0
71582.dat,0
86644.dat,1
9552.dat,0
6142617c.dat,0
168135b.dat,0
6148328v.dat,0
54702.dat,1
15038.dat,0
44511.dat,1
27934.dat,1
32289b.dat,0
6255869k.dat,0
190815c.dat,0
47223b.dat,0
3009pt0.dat,1
2361.dat,1
60481ady0.dat,1
93249.dat,0
93273pz2.dat,0
21980c01.dat,1
6107.dat,1
90754.dat,1
t1101.dat,0
101777.dat,0
18603c02p07.dat,1
80547.dat,1
92747p06.dat,0
53992-f1.dat,0
37341a.dat,0
2375.dat,0
14769ptc.dat,0
61975.dat,0
u9107p03c01.dat,0
2431dt2.dat,0
10154.dat,0
41475-f2.dat,0
59232.dat,0
2413.dat,1
30284.dat,1
54716.dat,0
u9028.dat,0
6142275aac01.dat,0
511.dat,1
170909a.dat,0
45706p01.dat,1
15068dye.dat,0
u9107p01.dat,0
14769d08.dat,0
821472h.dat,0
19789.dat,0
62360p01.dat,0
4843.dat,0
37312.dat,0
41355-f2.dat,0
33172c01.dat,0
194175bc02.dat,0
277.dat,0
98283.dat,1
2431p27.dat,0
42941.dat,1
6098.dat,1
263.dat,1
4857.dat,1
197915c.dat,0
3037ps1.dat,1
u9007p01.dat,0
92252p05.dat,0
93589p01.dat,1
2598.dat,1
3009d0k.dat,1
505.dat,0
36756.dat,0
4150ps1.dat,0
4650853i.dat,0
3747b.dat,1
3876.dat,1
64776.dat,1
32530.dat,0
163345g.dat,0
429c03.dat,0
92198p02c05.dat,1
27a.dat,1
2958c01.dat,0
2924bc02.dat,1
3039ps4.dat,1
3678ad21.dat,1
29110.dat,1
24108pe2.dat,1
3001p12.dat,1
84637bp04.dat,0
56908.dat,0
30258pc0.dat,0
3001p06.dat,1
32242.dat,0
539.dat,0
14285.dat,0
25269p00.dat,0
98393i.dat,0
u9190c02.dat,1
32524.dat,0
48288.dat,0
4650852m.dat,0
2335p32.dat,0
3008p22.dat,1
28925c01.dat,1
51732.dat,0
3651.dat,1
93090p02.dat,0
30119p6u.dat,1
92198p05.dat,1
2528ap34.dat,0
3005pvn.dat,1
64951.dat,1
43450.dat,0
90608.dat,0
73200p63.dat,0
73593.dat,0
4125165k.dat,0
168335p.dat,0
466b.dat,0
3137.dat,1
46528.dat,0
3069bp09.dat,0
62698k01.dat,0
2340d05.dat,1
3626bpc5e.dat,1
4894.dat,0
61183.dat,0
822bp01c01.dat,0
30156p01.dat,1
73587.dat,0
t1049.dat,0
15602.dat,0
u9160.dat,1
3005ptq.dat,1
92198p11.dat,1
10066p03.dat,0
3005pt0.dat,1
973pc6a.dat,0
5234.dat,0
41535.dat,0
3645.dat,1
60673c01.dat,1
3623p03.dat,1
53119.dat,0
u9148.dat,0
972p4f.dat,0
3622d04.dat,1
3005pv8.dat,1
2528ap3b.dat,0
92745.dat,0
2573.dat,1
195115b.dat,0
3068p67.dat,0
4100418d.dat,0
63864p05.dat,0
168335g.dat,0
3069bp0o.dat,0
3939d01.dat,1
4744p03.dat,1
288.dat,0
2586p4n.dat,0
30168a.dat,1
72869.dat,0
90634.dat,0
t1061.dat,0
6565dy0.dat,1
3626bpw4.dat,1
14520.dat,1
73090bd01.dat,1
6067.dat,1
30527c02.dat,1
t1075.dat,0
4215bd01.dat,1
11458.dat,1
3817bpsk.dat,0
3069bp21.dat,0
26440-f1.dat,0
41014c01.dat,0
3679.dat,1
61801.dat,0
84133.dat,0
30117p61.dat,1
3005ptf.dat,1
973pc67.dat,0
24093p03.dat,0
65130-f2.dat,0
88286.dat,0
32068.dat,0
92245p09.dat,0
31561.dat,0
6636p05.dat,0
4499.dat,0
3815c02.dat,0
6296256a.dat,0
30119.dat,1
4182p05d01.dat,1
3068bph0.dat,0
6309p16.dat,0
47391.dat,0
6196575n.dat,0
2947b.dat,0
96906.dat,0
98138p29.dat,0
98138p1c.dat,0
6234010f.dat,0
713.dat,1
3626bp56.dat,1
3997c01.dat,0
3245cpzd.dat,1
98138p2x.dat,0
89832.dat,1
35809p02.dat,0
98138p0g.dat,0
6337749g.dat,0
3626bp42.dat,1
6309p0s.dat,0
50821.dat,0
6637a.dat,0
193075a.dat,0
11467p02.dat,1
6309p02.dat,0
2942.dat,0
18859.dat,1
3484.dat,0
31213.dat,0
87079pt7.dat,0
3846p4e.dat,0
92263ph1.dat,1
3626bpa9.dat,1
57895px0.dat,0
88292.dat,1
3010d04.dat,1
60581dm3.dat,1
6636p0c.dat,0
26021.dat,1
32288c02.dat,1
4620857d.dat,0
30643.dat,1
21996.dat,0
24636.dat,0
3005-j.dat,1
32054.dat,0
6234010q.dat,0
98138p15.dat,0
u9389.dat,0
98138p2o.dat,0
98100ps3.dat,1
u9119p01.dat,0
98138p1t.dat,0
3245cpz2.dat,1
6258203d.dat,0
30125.dat,0
2350bp01.dat,1
92584.dat,1
70501.dat,0
30131.dat,0
92590.dat,0
6309p0d.dat,0
55965.dat,0
98138p01.dat,0
32272ps2.dat,0
98138p0p.dat,0
3626bp4d.dat,1
3626bpao.dat,1
3626bpb5.dat,1
4448d03.dat,0
163555f.dat,0
4613906c.dat,0
22253.dat,0
3010d0b.dat,1
32040.dat,0
3846p4r.dat,0
87079pta.dat,0
191895o.dat,0
3846p43.dat,0
30657.dat,1
3068bp18.dat,0
69911.dat,0
54779c02.dat,1
4106332a.dat,0
4620858k.dat,0
6005724s.dat,0
4613908h.dat,0
6143876a.dat,0
48918c02.dat,0
3010p0dd01.dat,1
3960pb0.dat,1
87610.dat,0
u9376.dat,1
6141p01.dat,1
2995.dat,0
004589f.dat,0
190155k.dat,0
3039p16.dat,1
60935.dat,0
13710kc01.dat,0
4328.dat,0
3626cpd2b.dat,1
28959.dat,0
2981.dat,1
3039p02.dat,1
11100.dat,0
2383c01p05.dat,1
6179ps3.dat,1
3068bpfm.dat,0
6142622m.dat,0
3626bp81.dat,1
2418a.dat,1
15400.dat,1
4287708.dat,1
u9404.dat,0
190435a.dat,0
6259.dat,1
71192.dat,0
190765h.dat,0
ms1038.dat,0
67928.dat,0
3069b.dat,0
71075a.dat,1
4150p07.dat,0
87079px4.dat,0
15428.dat,0
74982-f2.dat,0
93568p02.dat,0
22385p066.dat,0
u9251p02.dat,0
168315e.dat,0
10178p03.dat,0
19212.dat,1
4466.dat,0
47408.dat,0
3626cpccg.dat,1
2599c01.dat,1
95228.dat,1
2771.dat,1
92547.dat,1
6517.dat,0
370526.dat,0
73200px2.dat,0
u8040.dat,0
4489a.dat,0
3626bp8g.dat,1
920.dat,0
4112957b.dat,0
4150pf0.dat,0
3816bpq0.dat,0
2454bd02.dat,1
3068bp30.dat,0
3068bp0j.dat,0
40373.dat,1
66857p07.dat,0
4150p0a.dat,0
3817pq0.dat,0
87079pxb.dat,0
26073p03.dat,0
003238h.dat,0
19206.dat,0
32083.dat,1
6265.dat,0
4162510g.dat,0
44665.dat,1
u9348.dat,0
73200px0.dat,0
6515.dat,0
2772-f2.dat,1
6093a.dat,0
2879a.dat,0
3037p05.dat,1
2773.dat,0
10178p01.dat,0
168315g.dat,0
3068bp26.dat,0
4160101.dat,1
14734.dat,0
22385p064.dat,0
99376.dat,0
6142275rc01.dat,0
4162510e.dat,0
6267.dat,1
2446p50.dat,0
u9211c01.dat,0
14720.dat,0
u334.dat,0
19204.dat,0
003238j.dat,0
26073p01.dat,0
66857p05.dat,0
3068bp0h.dat,0
3068bp32.dat,0
241921.dat,1
u9393c02.dat,0
3068bpf9.dat,0
92551.dat,0
59146.dat,0
3068bpfx.dat,0
3479.dat,1
27328p01k04.dat,0
4150pf2.dat,0
922.dat,1
3626bp8e.dat,1
u587p01.dat,0
92579.dat,1
18654.dat,0
3039p14.dat,1
190155i.dat,0
4181d09.dat,1
004589d.dat,0
2997.dat,0
98225p01.dat,0
87612.dat,0
u9374.dat,0
3960pb2.dat,1
6529.dat,0
43888.dat,1
89159.dat,0
22385p058.dat,0
52985.dat,0
4613908j.dat,0
u9412.dat,0
4620858i.dat,0
6005724q.dat,0
4106332c.dat,0
u595p02c04.dat,0
192685h.dat,0
71184.dat,0
87079px6.dat,0
59349pm0.dat,1
4150p05.dat,0
4493pw2.dat,1
190765j.dat,0
190435c.dat,0
53457.dat,0
u9406.dat,0
33011b.dat,0
87606.dat,1
43122.dat,0
98726.dat,0
6005724f2.dat,0
3626bp83.dat,1
6142622o.dat,0
46413d02.dat,1
3068bpfo.dat,0
6179ps1.dat,1
10128p01c01.dat,0
2383c01p07.dat,1
2983.dat,0
92586.dat,1
30127.dat,0
6258203f.dat,0
3245cpz0.dat,1
15672dy0.dat,1
u9147p02c02.dat,0
98138p1v.dat,0
98100ps1.dat,1
3626bp68.dat,1
55973.dat,0
98138p2m.dat,0
98138p17.dat,0
3626bp6y.dat,1
6234010s.dat,0
32056.dat,0
3005-h.dat,1
6135b.dat,1
4620857f.dat,0
6636p0a.dat,0
21980.dat,1
817c02.dat,1
87079ptc.dat,0
4620856b.dat,0
29304.dat,0
3846p4p.dat,0
4613906a.dat,0
3626bpb7.dat,1
4448d01.dat,0
98138p0r.dat,0
62113.dat,0
2377p01.dat,1
739.dat,0
3626bp4f.dat,1
98138p03.dat,0
55967.dat,0
6309p0f.dat,0
4738a.dat,0
30133.dat,0
42021d01.dat,1
711.dat,1
98138p2z.dat,0
3245cpzf.dat,1
6234010d.dat,0
4412p02.dat,0
96904.dat,0
98138p1a.dat,0
2533c01.dat,0
3492.dat,0
47393.dat,0
6309p14.dat,0
6196575l.dat,0
3068bph2.dat,0
38547.dat,0
20308.dat,0
6296256c.dat,0
680c01.dat,0
3815c3j.dat,0
5785.dat,0
6640a.dat,0
7026c.dat,1
6636p07.dat,0
43693.dat,1
25516.dat,0
88284.dat,0
62885.dat,0
24093p01.dat,0
23167.dat,1
65132.dat,1
4867p14.dat,1
60581dm1.dat,1
3010d06.dat,1
88290.dat,0
3626bpba.dat,1
3846p4g.dat,0
51283.dat,0
59807.dat,0
87079pt5.dat,0
3486.dat,1
266c01.dat,1
2684c01.dat,1
6637c.dat,0
6309p0q.dat,0
2798.dat,0
6005724j1.dat,0
3626bp40.dat,1
45590.dat,0
6337749e.dat,0
96910.dat,0
98138p0e.dat,0
25264.dat,0
73200p6g.dat,0
3626bpw6.dat,1
t1063.dat,0
90636.dat,0
44301.dat,1
4162pt2.dat,0
163145cc01.dat,0
2586p4l.dat,0
9342.dat,0
973pd17.dat,0
3069bp0m.dat,0
4744p01.dat,1
20693.dat,0
4100418f.dat,0
30480.dat,0
168335e.dat,0
63864p07.dat,0
3068p65.dat,0
3109.dat,1
3816bph0.dat,0
2571.dat,1
59350.dat,1
4570481.dat,0
92747.dat,0
2550c01.dat,0
370726.dat,0
3622d06.dat,1
6279911m.dat,0
4234932.dat,1
169675h.dat,0
3822p60.dat,1
197295a.dat,0
52211.dat,0
3005ptd.dat,1
73200pa2.dat,0
30181p01.dat,1
4672.dat,0
u9638.dat,1
90622.dat,0
t1077.dat,0
32283.dat,1
80431.dat,1
87552p01.dat,1
6065.dat,0
63864p0a.dat,0
20877.dat,0
3135.dat,1
79717p02-f1.dat,0
168335r.dat,0
u9610.dat,0
4125165i.dat,0
3229a.dat,0
99148.dat,0
2545p01.dat,0
98138ps5.dat,0
3005pvl.dat,1
2528ap36.dat,0
92198p07.dat,1
6142617ec01.dat,0
4000c01.dat,0
70926.dat,0
87926d04.dat,1
3623p01.dat,1
3647.dat,0
92950p01.dat,1
2559.dat,1
55205c01.dat,1
3005pt2.dat,1
10066p01.dat,0
92198p13.dat,1
u9162.dat,0
u9151p01c04.dat,0
71405a.dat,0
3005pts.dat,1
34816.dat,1
43446.dat,0
4276b.dat,1
6059.dat,1
3049b.dat,0
004402b.dat,0
37178-f2.dat,0
62698k03.dat,0
3001p10.dat,1
3678ad23.dat,1
71379.dat,0
249.dat,1
27c.dat,1
92198p02c07.dat,1
429c01.dat,0
32532.dat,1
163345e.dat,0
6255869sc01.dat,0
u9189.dat,0
15068dy1.dat,0
6342869b.dat,0
30325.dat,0
4650853k.dat,0
4150ps3.dat,0
3008p0n.dat,1
3068bps8.dat,0
4181p02d02.dat,1
28925c03.dat,1
2335p30.dat,0
4650852o.dat,0
65151c02-f1.dat,0
3040p58.dat,1
25375-f2.dat,1
32526.dat,0
74573.dat,1
73200pm1.dat,0
80394.dat,0
25269p02.dat,0
35757p01.dat,0
4168950.dat,0
3001p04.dat,1
u8006c.dat,1
84637bp06.dat,0
4869.dat,1
32074c01.dat,0
685p04.dat,0
30457.dat,1
51595p02.dat,1
6246e.dat,0
275.dat,1
33176.dat,0
1939.dat,0
3816bpde.dat,0
37461-f1.dat,0
3817pde.dat,0
4841.dat,1
19953.dat,1
3848.dat,0
3008p08.dat,1
31007.dat,0
2582ps0.dat,1
2654a.dat,0
u9372c01.dat,1
u9107p03.dat,0
513.dat,0
3009d0i.dat,1
3005px1.dat,1
6227186e.dat,0
3068bpq0.dat,0
33207p01.dat,0
92252p07.dat,0
3684.dat,1
3816bp30.dat,0
3001p0b.dat,1
u9007p03.dat,0
3037ps3.dat,1
822cc01.dat,0
197915a.dat,0
4855.dat,1
98281.dat,1
6178d00.dat,1
11203d03.dat,1
6105.dat,1
42604.dat,1
24581.dat,0
93273pz0.dat,0
u595p01.dat,0
s11.dat,0
3009pt2.dat,1
190815a.dat,0
46304.dat,0
30292.dat,0
6255869i.dat,0
47408p02.dat,0
32474p02.dat,0
87606ps1.dat,1
6148328t.dat,0
498.dat,0
80268p01.dat,0
6142617a.dat,0
75902.dat,0
54714.dat,0
4225787.dat,0
70501d.dat,0
88323c05.dat,0
86652.dat,0
30286.dat,1
59230.dat,0
11248.dat,0
2431dt0.dat,0
u9107p03c03.dat,0
4706.dat,0
14769pta.dat,0
3069.dat,0
37341c.dat,0
2377.dat,1
77873.dat,1
6111.dat,1
92747p04.dat,0
42610.dat,0
53992-f3.dat,0
24246pz0.dat,0
18603c02p05.dat,1
80545.dat,0
t1103.dat,0
3041.dat,0
66956.dat,0
3622pz0.dat,1
28387.dat,0
3009ptd.dat,1
47998.dat,1
30372p79.dat,0
4864ap06.dat,1
3596p04.dat,0
92241p23c01.dat,0
u9002.dat,0
6142617v.dat,0
3817bpc97.dat,0
4505156.dat,0
776p07.dat,0
6148328c.dat,0
51644.dat,0
31000p1y.dat,0
4215ap01.dat,1
2439.dat,0
004462d.dat,0
2626d01.dat,1
u768p01c02.dat,0
u9016.dat,0
87570.dat,0
458c01.dat,0
776p13.dat,0
u9495p01c02.dat,0
4864ap12.dat,1
3815bpbe.dat,0
3817cpm1.dat,0
11202p04.dat,0
14769ptv.dat,0
3816bpc97.dat,0
30261p05.dat,0
3818px0.dat,0
821410d.dat,0
12895p05.dat,0
4066bp0s.dat,0
973psb.dat,0
1871.dat,0
4066bp02.dat,0
265ac01.dat,1
53912.dat,0
u8018c01.dat,0
3003p15.dat,1
62271.dat,0
6109079a.dat,0
3062-old.dat,1
3351ap07.dat,0
6148328at.dat,0
4179107c.dat,0
3817cp61.dat,0
3900.dat,1
6148328bo.dat,0
30251.dat,1
20460bp02.dat,0
30245.dat,0
96482.dat,0
3003p01.dat,1
3024ptc5.dat,1
3351ap13.dat,0
86849.dat,0
12782.dat,0
973prf.dat,0
4066bp1w.dat,0
3846d06.dat,0
22127.dat,0
4066bp16.dat,0
34745.dat,0
3004p08.dat,1
31c.dat,1
62503.dat,0
47973.dat,0
13786p07.dat,0
18675ps6.dat,0
973ps4.dat,0
35473.dat,1
3004p20.dat,1
973psu.dat,0
4066bp0d.dat,0
47223a-f2.dat,0
301.dat,0
93552p01.dat,0
u9370c04.dat,1
90397d01.dat,1
44301b.dat,1
3816cpy1.dat,0
14769py0.dat,0
3082.dat,0
55707c.dat,0
792c01.dat,1
95195c02.dat,0
92814.dat,0
3002d06.dat,1
826ap05.dat,1
6148328ac.dat,0
99799.dat,0
6009194b.dat,0
3003p29.dat,1
22587b.dat,0
3068bdm1.dat,0
6850.dat,1
892p01.dat,0
194295bc01.dat,0
31021p01.dat,0
2796c01.dat,0
3817cpa2.dat,0
73696c00.dat,1
27063.dat,0
3010p41.dat,1
95646c01.dat,0
14769px4.dat,0
973pr0.dat,0
32308.dat,0
92250p02.dat,0
92251p04c01.dat,0
973p16.dat,0
973p2l.dat,0
973p1w.dat,0
4694c03.dat,1
004711c.dat,0
650k03.dat,0
842.dat,0
122c02.dat,1
3816p8i.dat,0
4276.dat,1
71972.dat,0
2607.dat,1
41669.dat,0
30090.dat,0
2431dm2.dat,0
6005745d.dat,0
3816cp8i.dat,0
17349.dat,0
194175c.dat,0
4211152.dat,1
54872p09.dat,1
4510.dat,1
90540.dat,0
22385p110.dat,0
73200bpc6a.dat,0
973pgg.dat,0
6259759h.dat,0
22385p104.dat,0
56467.dat,0
57779.dat,1
4504.dat,1
453cc01.dat,1
4262.dat,1
3070bp0n.dat,0
30084.dat,0
10354.dat,1
973p3h.dat,0
16.dat,0
73200bpbb.dat,0
973p02.dat,0
6475.dat,1
99570.dat,1
10830p01.dat,0
4116691.dat,0
80021.dat,0
973p0s.dat,0
u9228.dat,0
4121723d.dat,0
47224.dat,0
30460c01.dat,0
2880a.dat,1
11062.dat,1
18675p00.dat,0
48729a.dat,0
s14e.dat,0
6221655ao.dat,0
3068bdx0.dat,0
3298p6u.dat,1
87079d08.dat,0
3684adq2.dat,1
u9200.dat,0
192385d.dat,0
191245a.dat,0
u9566.dat,0
76110p04.dat,0
973pg1.dat,0
73200bpc67.dat,0
52629.dat,0
4201639h.dat,0
6283148q1.dat,0
67692.dat,0
3069p25.dat,0
25977p01.dat,0
4544258m.dat,0
40239.dat,0
3070bpe3.dat,0
93061.dat,0
4538.dat,0
18835p01.dat,0
88327.dat,0
973pf5.dat,0
22385p138.dat,0
57028p01.dat,0
3626cps6.dat,1
45341.dat,1
2384p02.dat,0
80690p01.dat,0
973p0d.dat,0
4185bc01.dat,0
43056.dat,1
85543-f2.dat,0
15210.dat,0
u9214.dat,0
71014a.dat,0
6237277c.dat,0
3070bp08.dat,0
u9328ap01c01.dat,0
21019bpx5.dat,0
42060pq0.dat,1
u9153p02c02.dat,0
3070bp0y.dat,0
3816cp70.dat,0
20461bp07.dat,0
15400c01.dat,1
74611.dat,1
600880c01.dat,0
881.dat,0
43903k01.dat,0
41879ap02.dat,1
u9140p02.dat,0
47373-f3.dat,0
6259665a.dat,0
822dp01.dat,0
30258df1.dat,0
u9599.dat,0
30408p01.dat,0
820670b.dat,0
3815bpw2.dat,0
801ap02.dat,1
62701.dat,0
3245bp01.dat,1
32136.dat,0
766bc03.dat,0
85959p05.dat,0
63539-f1.dat,0
96858.dat,1
30047.dat,1
3816p6u.dat,0
3842a.dat,0
30259p01.dat,0
3010pzq.dat,1
3816cp6u.dat,0
11089.dat,0
6221655w.dat,0
18913.dat,0
3010pz0.dat,1
63351.dat,0
164585a.dat,0
44936.dat,0
193445e.dat,0
50943.dat,0
20461bp0a.dat,0
2465p70.dat,1
4289.dat,1
82805.dat,0
60658.dat,1
57792.dat,0
9326p60.dat,0
3817cpx0.dat,0
820673n.dat,0
103.dat,1
3817cpcbd.dat,0
973phh.dat,0
004659d.dat,0
76382pxj.dat,0
165395e.dat,0
117.dat,0
6285381b.dat,0
4629677b.dat,0
6338501a.dat,0
57786.dat,1
96714c01.dat,0
27261.dat,1
27507.dat,0
41682.dat,1
4492p04.dat,0
4211807.dat,0
3816cpcbd.dat,0
39739.dat,0
3010pzf.dat,1
35103.dat,1
65734.dat,1
36069b.dat,0
u1853.dat,0
671.dat,0
3816cpc44.dat,0
u9108p02c02.dat,0
38340.dat,0
87568p01.dat,0
67644.dat,0
4629677c.dat,0
15210d06.dat,0
6285381c.dat,0
116.dat,0
33215.dat,1
6141875sc01.dat,0
670.dat,1
u1852.dat,0
004283cc01.dat,0
92241p15c01.dat,0
65735.dat,1
89b.dat,0
3010pzg.dat,1
3404bc01.dat,1
68211.dat,0
u1854p02.dat,0
50956.dat,1
22169c01.dat,0
60659.dat,0
2821.dat,0
4506847.dat,1
4288.dat,0
28621.dat,1
193445d.dat,0
44937.dat,0
3817cpc44.dat,0
30668p02.dat,0
53293.dat,0
32133c01.dat,0
165395d.dat,0
87775pk3.dat,0
102.dat,0
004659e.dat,0
973phi.dat,0
820673o.dat,0
3816paw.dat,0
3817cpx1.dat,0
3816cpaw.dat,0
9326p61.dat,0
766bc02.dat,0
32137.dat,0
2547a.dat,0
15588.dat,1
30361ps2.dat,0
92252p03c01.dat,0
14696.dat,0
420c01-f1.dat,0
62700.dat,0
63565c01.dat,0
3816cpc4b.dat,0
801ap03.dat,1
6221655v.dat,0
6205p01.dat,1
60671.dat,1
3010pz1.dat,1
18912.dat,1
37366pdea.dat,0
3010pzp.dat,1
30046.dat,0
64417.dat,1
85959p04.dat,0
47373-f2.dat,0
41879ap03.dat,1
3817cpc4b.dat,0
880.dat,1
55806.dat,0
92410d01.dat,1
18906.dat,0
48138p01.dat,1
20461bp06.dat,0
3816cp71.dat,0
2727b.dat,0
820670c.dat,0
16095.dat,0
32123.dat,0
3193ad01.dat,1
u9598.dat,1
14682.dat,0
30258df0.dat,0
3626cps7.dat,1
22385p139.dat,0
973pf4.dat,0
98135.dat,0
88326.dat,0
3070bpe2.dat,0
4544258l.dat,0
46891.dat,0
3070bp0x.dat,0
3070bp09.dat,0
93564p01.dat,0
6237277b.dat,0
u9215.dat,0
61485c01.dat,1
242c01.dat,1
15211.dat,0
85543-f3.dat,0
u9410-f1.dat,0
973p0e.dat,0
u813a.dat,1
3298p71.dat,1
2384p03.dat,0
826p02.dat,1
3684adq3.dat,1
u9201.dat,0
973p1a.dat,0
6221655an.dat,0
73200bpc1.dat,0
18675p01.dat,0
47543.dat,1
342c01.dat,0
3069p30.dat,0
4201639i.dat,0
973pg0.dat,0
76110p05.dat,0
u9567.dat,1
192385e.dat,0
4505.dat,1
u9105p02c01.dat,0
72824p01.dat,0
73200bp42.dat,0
22385p105.dat,0
54271.dat,0
4121723e.dat,0
u9229.dat,0
87997.dat,0
66855p01.dat,1
973p03.dat,0
89762.dat,0
73200bpbc.dat,0
73200bpa9.dat,0
17.dat,1
973p3i.dat,0
6474.dat,0
20296.dat,0
3664p01.dat,0
43741-f1.dat,0
10355.dat,1
4568123a.dat,0
2612.dat,1
30085.dat,0
3070bp0o.dat,0
4263.dat,1
933c02.dat,0
3816cp8h.dat,0
30091.dat,0
2606.dat,0
41668.dat,0
2431dm3.dat,0
3070bp1k.dat,0
40576.dat,1
3816p8h.dat,0
122c03.dat,1
61927c01.dat,0
843.dat,0
650k02.dat,1
004711b.dat,0
973p1v.dat,0
4694c02.dat,1
973p2m.dat,0
973p17.dat,0
973pgf.dat,0
22385p111.dat,0
24782.dat,0
40918-f1.dat,0
43719.dat,1
90541.dat,0
4511.dat,0
54675c01.dat,0
50003.dat,1
79491.dat,1
3839a.dat,1
194175b.dat,0
20460bp0e.dat,0
196955a.dat,0
30278.dat,1
25126p01c01.dat,1
11575p01.dat,0
68013.dat,0
3068bdm0.dat,0
6851.dat,1
4226636a.dat,0
472.dat,0
17454c02.dat,1
92250p03.dat,0
314.dat,1
4066bp1a.dat,0
973pr1.dat,0
3846d0a.dat,0
57585.dat,0
14769px5.dat,0
67446.dat,1
3010p40.dat,1
73696c01.dat,1
27062.dat,0
2389.dat,0
3817cpa3.dat,0
3614a.dat,1
69754c01.dat,1
u9370c05.dat,1
300.dat,0
47223a-f3.dat,0
18603c01.dat,1
4066bp0e.dat,0
973pst.dat,0
3004p21.dat,1
973ps5.dat,0
22587c.dat,0
88695.dat,0
73200bpw4.dat,0
6009194c.dat,0
3003p28.dat,1
6148328ab.dat,0
10908p04.dat,0
826ap04.dat,1
3817cp6f.dat,0
38630.dat,0
55707b.dat,0
45803.dat,0
3351ap12.dat,0
3024ptc4.dat,1
96483.dat,0
30244.dat,0
20460bp03.dat,0
4094a.dat,0
4449-f2.dat,0
18675ps7.dat,0
2454aps5.dat,1
13786p06.dat,0
47972.dat,0
31b.dat,1
3004p09.dat,1
34744.dat,0
4066bp17.dat,0
80587.dat,1
973prg.dat,0
3846d07.dat,0
4760p01.dat,1
4066bp03.dat,0
11477dyh.dat,0
973psc.dat,0
4066bp0r.dat,0
12895p04.dat,0
3818px1.dat,0
95820.dat,1
58846.dat,1
30536.dat,1
93668p01c01.dat,0
163145a.dat,0
30250.dat,1
2574c01.dat,1
3901.dat,0
3817cp60.dat,0
4179107b.dat,0
6148328au.dat,0
3712c01.dat,0
3626cp01.dat,1
3351ap06.dat,0
4174735b.dat,0
3003p14.dat,1
776p12.dat,0
u9017.dat,1
15423p01.dat,0
51377c01.dat,0
58101p01.dat,1
30261p04.dat,0
14769ptw.dat,0
3817cpm0.dat,0
3815bpbd.dat,0
92709c01.dat,1
47755.dat,1
10177b.dat,0
15523p01.dat,0
61068p01.dat,0
4296206d.dat,0
3596p05.dat,0
4864ap07.dat,1
3009pte.dat,1
3622pz1.dat,1
3040.dat,1
67491.dat,0
u9356c01.dat,1
004462e.dat,0
2438.dat,0
51645.dat,0
6148328b.dat,0
776p06.dat,0
55423.dat,0
3815phb.dat,0
6142617w.dat,0
61976.dat,0
u9107p03c02.dat,0
2431dt1.dat,0
30287.dat,0
59231.dat,0
26021c01.dat,1
41475-f1.dat,0
99773.dat,0
88323c04.dat,0
54715.dat,0
80222.dat,1
47380p04.dat,0
t1102.dat,0
18603c02p04.dat,1
53992-f2.dat,0
42611.dat,0
92747p05.dat,0
2376.dat,0
37341b.dat,0
3068.dat,0
94531.dat,1
4707.dat,1
2362.dat,1
3009pt3.dat,1
47223a.dat,0
s10.dat,0
4713.dat,0
93273pz1.dat,0
6104.dat,1
9551.dat,0
499.dat,0
6148328u.dat,0
54701.dat,1
168135a.dat,0
87559.dat,1
196685a.dat,0
32289a.dat,0
4075.dat,1
6255869h.dat,0
30293.dat,1
46305.dat,0
3685.dat,1
31012.dat,0
92252p06.dat,0
506.dat,0
3005px0.dat,1
98280.dat,1
42942.dat,1
4854.dat,1
3037ps2.dat,1
u9007p02.dat,0
4760p03c01.dat,1
3001p0c.dat,1
41747pq0.dat,1
4698.dat,0
41355-f1.dat,0
92241p07c01.dat,0
194175bc01.dat,0
32269.dat,0
33172c02.dat,0
48245d01.dat,0
1938.dat,0
33177.dat,1
274.dat,1
6246d.dat,0
512.dat,1
973pdhh.dat,0
64991.dat,0
u9107p02.dat,0
3691.dat,1
90498d08.dat,0
3849.dat,0
3008p09.dat,1
19952.dat,1
14734p01.dat,0
98393j.dat,0
25269p03.dat,0
u9190c01.dat,1
80395.dat,1
32527.dat,0
25375-f3.dat,1
73200pm0.dat,0
74572.dat,1
3008p21.dat,1
3861.dat,1
2335p31.dat,0
4650852n.dat,0
28925c02.dat,1
30456.dat,0
51595p03.dat,1
79730.dat,1
4868.dat,1
685p05.dat,0
84637bp07.dat,0
31990.dat,0
u8006b.dat,1
3001p05.dat,1
u9327c01.dat,1
92198p02c06.dat,1
62462.dat,0
27b.dat,1
248.dat,1
96285.dat,1
2924bc01.dat,1
3678ad22.dat,1
3001p11.dat,1
24108pe1.dat,1
3626bpc87.dat,1
3068bps9.dat,0
21229.dat,1
4650853j.dat,0
3747a.dat,1
92249p02c01.dat,0
4150ps2.dat,0
76371.dat,0
30324.dat,0
15068dy0.dat,0
u9188.dat,0
u686.dat,1
163345d.dat,0
32533.dat,0
3005ptr.dat,1
u9163.dat,0
92198p12.dat,1
32191d01.dat,0
3005pt3.dat,1
51725.dat,0
2558.dat,0
11301.dat,1
4270181.dat,1
60673c02.dat,1
3623p00.dat,1
2340d06.dat,1
62698k02.dat,0
11467.dat,1
004402c.dat,0
41250.dat,0
3049c.dat,0
6058.dat,1
91501.dat,0
43447.dat,0
15601.dat,0
98138ps4.dat,0
4125165h.dat,0
73200p60.dat,0
73590.dat,0
466a.dat,0
6283148i.dat,0
168335s.dat,0
3626bpc4b.dat,1
3134.dat,1
49618.dat,1
87926d05.dat,1
93090p01.dat,0
35299p01.dat,0
3652.dat,1
92198p06.dat,1
973pdg1.dat,0
2528ap37.dat,0
51719.dat,0
26440-f2.dat,0
2564.dat,0
50407.dat,0
30117p62.dat,1
4234927.dat,1
54661.dat,1
73200pa3.dat,0
81048.dat,1
3005pte.dat,1
42003.dat,0
6064.dat,1
30527c01.dat,1
32282.dat,1
90623.dat,0
u9639.dat,1
t1076.dat,0
4215bd02.dat,1
3626bpc44.dat,1
63864p06.dat,0
168335d.dat,0
4100418g.dat,0
6119b.dat,0
3069bp0l.dat,0
6070.dat,1
30168b.dat,1
2586p4m.dat,0
4162pt3.dat,0
32296.dat,0
t1062.dat,0
73200p6f.dat,0
3626bpw7.dat,1
44300.dat,0
54675.dat,0
3622d07.dat,1
6279911l.dat,0
2528ap3a.dat,0
3005pua.dat,1
92746.dat,0
2570.dat,0
195115a.dat,0
31576.dat,0
87079pt4.dat,0
3846p4f.dat,0
30668.dat,0
3010d07.dat,1
60581dm0.dat,1
003667d.dat,0
98138p0d.dat,0
35809p01.dat,0
6337749d.dat,0
3626bp41.dat,1
2799.dat,0
6637b.dat,0
2941.dat,0
11467p01.dat,1
6309p01.dat,0
3487.dat,1
85984d08.dat,0
6296256b.dat,0
3815c01.dat,0
3068bph3.dat,0
20309.dat,0
6196575m.dat,0
47392.dat,0
6309p15.dat,0
15210pde7.dat,0
2947a.dat,0
3493.dat,0
73037.dat,1
99498c01.dat,1
96905.dat,0
6234010e.dat,0
3245cpzg.dat,1
710.dat,1
99388.dat,0
65130-f1.dat,0
65133.dat,1
88285.dat,0
6636p06.dat,0
163555e.dat,0
3626bpb6.dat,1
34432.dat,0
58181ps1.dat,1
3010d0a.dat,1
3846p4q.dat,0
4620856c.dat,0
87079ptb.dat,0
3846p40.dat,0
817c03.dat,1
27328.dat,0
30132.dat,0
92593.dat,1
3002peye.dat,1
6309p0g.dat,0
55966.dat,0
98138p02.dat,0
32272ps1.dat,0
3900p01.dat,1
3626bp4g.dat,1
98138p0s.dat,0
3626bp6x.dat,1
98138p16.dat,0
55972.dat,0
98138p2l.dat,0
3626bp69.dat,1
98138p1w.dat,0
15672dy1.dat,1
3245cpz1.dat,1
30126.dat,0
6258203g.dat,0
26022.dat,1
85945.dat,0
32288c01.dat,1
4620857g.dat,0
67718.dat,0
92241p19c01.dat,0
30640.dat,0
3005-i.dat,1
86294.dat,1
32057.dat,0
18904c01.dat,1
u9407.dat,0
15403.dat,1
190435b.dat,0
190765k.dat,0
3069a.dat,0
4150p04.dat,0
69906.dat,1
87079px7.dat,0
3821p24.dat,1
2982.dat,0
67095.dat,0
2383c01p06.dat,1
11103.dat,0
3039p01.dat,1
6179ps0.dat,1
3068bpfn.dat,0
60922.dat,0
46413d03.dat,1
6142622n.dat,0
2418b.dat,1
3626bp82.dat,1
43123.dat,1
33011c.dat,0
71771p01.dat,0
3960pb3.dat,1
44658.dat,0
u9375.dat,0
87613.dat,1
004589e.dat,0
2996.dat,0
4181d08.dat,1
3039p15.dat,1
190155h.dat,0
2874d01.dat,0
38585.dat,1
71185.dat,0
192685i.dat,0
54779c01.dat,1
4106332b.dat,0
u595p02c05.dat,0
69912.dat,0
6005724p.dat,0
4459.dat,0
4620858h.dat,0
u9413.dat,0
4613908k.dat,0
48918c01.dat,0
003497bc01.dat,0
43889.dat,0
2454bd01.dat,1
50747p01.dat,0
3068bp33.dat,0
3068bp0i.dat,0
66857p04.dat,0
003238k.dat,0
50163.dat,0
87079pxa.dat,0
32080.dat,0
14721.dat,0
6266.dat,0
4162510d.dat,0
2446p51.dat,0
3626bp8d.dat,1
4489b.dat,0
923.dat,0
44670.dat,0
4150pf3.dat,0
4112957a.dat,0
37846.dat,0
27328p01k05.dat,0
3068bpfy.dat,0
3037p10.dat,1
92550.dat,0
3068bpf8.dat,0
2772.dat,1
2772-f3.dat,1
24190.dat,0
937.dat,0
u9349.dat,0
379501.dat,1
93568p01.dat,0
74982-f1.dat,0
99377.dat,0
22385p065.dat,0
6272.dat,0
u9251p01.dat,0
6005724g.dat,0
168315f.dat,0
168225a.dat,0
192885a.dat,0
54200d04.dat,0
003238f.dat,0
76382pdgb.dat,0
51270.dat,1
44676ad01.dat,0
3068bp0d.dat,0
3626bpmb.dat,1
6142622t.dat,0
3626bp8i.dat,1
6005724e2.dat,0
3068bpf5.dat,0
60470b.dat,1
3475.dat,1
3068bpft.dat,0
10238.dat,0
92549.dat,0
3068bpg1.dat,0
11126.dat,0
60671p03.dat,1
3461.dat,1
u9344.dat,0
19212p01.dat,1
13731.dat,1
127c02.dat,0
22385p068.dat,0
3496c01.dat,0
u9422.dat,0
11640.dat,0
4106331c.dat,0
3307.dat,1
4468.dat,1
47406.dat,1
309p04.dat,1
87079pz2.dat,0
3821p01.dat,1
4672b.dat,0
2772c02.dat,1
22385p040.dat,0
3350p02.dat,0
770p4d.dat,0
40341.dat,0
4150p09.dat,0
195835b.dat,0
50950dy3.dat,0
4620859a.dat,0
3068bp0s.dat,0
4440.dat,0
190765f.dat,0
76382pdg4.dat,0
3068bp02.dat,0
003238q.dat,0
2757.dat,1
3068bpfc.dat,0
912.dat,1
6142622c.dat,0
2552p01.dat,1
23816.dat,0
u9218c01.dat,0
906.dat,0
6525.dat,0
86500.dat,0
52037.dat,1
2743.dat,1
6170752g.dat,0
6196575gc01.dat,0
u1208b.dat,0
004589h.dat,0
28943.dat,0
4332.dat,0
4181d05.dat,1
190155e.dat,0
87079pzd.dat,0
19220.dat,1
4620858e.dat,0
192685d.dat,0
3068bp16.dat,0
22385p054.dat,0
54725c01.dat,0
14704.dat,1
4613908f.dat,0
61678d03.dat,0
32195b.dat,0
3010d0l.dat,1
163555h.dat,0
3626bpaa.dat,1
3815cde.dat,0
191895a.dat,0
6309p0j.dat,0
24118p02.dat,0
21849ps2.dat,1
3069bps1.dat,0
4070d03.dat,1
70423c01.dat,0
6005724i1.dat,0
3626bp4j.dat,1
u9109p01c01.dat,0
735.dat,0
15397.dat,1
65834p01.dat,0
u9393.dat,0
162275f.dat,0
721.dat,1
3626bp64.dat,1
98138p1z.dat,0
6142617ac.dat,0
3626bp6u.dat,1
u9387.dat,0
98138p2a.dat,0
6258203j.dat,0
49588p03.dat,0
64867p02.dat,1
71177.dat,0
374p04.dat,1
3005-d.dat,1
3846p4k.dat,0
26007.dat,0
196825b.dat,0
87079pt9.dat,0
4620855b.dat,0
4483.dat,0
4613905a.dat,0
32072.dat,0
99391.dat,0
3626bpa7.dat,1
6337749i.dat,0
787c04.dat,1
709.dat,1
32714.dat,0
98138p0i.dat,0
98138p33.dat,0
85984d05.dat,0
18857.dat,0
30103.dat,0
3890c06.dat,1
20310.dat,1
2958.dat,0
6309p18.dat,0
4111899b.dat,0
30350c.dat,0
2698p01.dat,0
2780.dat,0
30117.dat,1
6296256o.dat,0
98138p2v.dat,0
3626bp6b.dat,1
73200pw3.dat,0
98138p27.dat,0
98138p1m.dat,0
3005-s.dat,1
35709.dat,0
88288.dat,0
30124bp51.dat,0
3005-2.dat,1
99385.dat,0
48912.dat,0
40396.dat,0
85974.dat,0
92245p07.dat,0
4497.dat,0
48245.dat,0
99798a.dat,0
6124787d.dat,0
2569.dat,0
3005pth.dat,1
2943bc01.dat,0
3297p05.dat,1
u9152.dat,0
53118p01.dat,0
6069.dat,1
292.dat,1
4275b.dat,1
448p01.dat,1
6881a.dat,0
85545.dat,0
3111.dat,0
6239d03.dat,0
168335i.dat,0
99141c01.dat,0
3069bp0a.dat,0
32064a.dat,1
43462.dat,0
4615865b.dat,0
4858p01.dat,1
15624.dat,1
u590p01.dat,0
286.dat,0
3005pv6.dat,1
20461p00.dat,0
u9206c01.dat,1
3297p11.dat,1
u9146.dat,0
169675d.dat,0
6279911a.dat,0
6180df1.dat,1
u9384c02.dat,0
3005pwd.dat,1
87408.dat,0
2431pk1.dat,0
3024px0.dat,1
2555.dat,0
3069bp13.dat,0
92005.dat,0
2723d01.dat,0
84637c02.dat,0
4478p02.dat,1
2559c01.dat,1
t1047.dat,0
90612.dat,0
6055.dat,1
36752b.dat,0
4125165e.dat,0
t1053.dat,0
24309db0.dat,0
6041.dat,0
u9213p01.dat,0
13269.dat,1
61199.dat,1
92011.dat,0
3069bp07.dat,0
2494d01.dat,0
14397p02c01.dat,0
6283148d.dat,0
3815cq2.dat,0
3069bp0v.dat,0
3139.dat,0
4589552f.dat,0
25128p01.dat,1
4130.dat,1
16477.dat,1
6059d01.dat,1
15466c01.dat,1
2541.dat,0
2623d01.dat,1
45749.dat,0
2986c01.dat,1
3009d0r.dat,1
6196607c.dat,0
10p02.dat,1
3009d03.dat,1
98393g.dat,0
4114141e.dat,0
3817p3j.dat,0
37452.dat,1
4650852c.dat,0
4592c01.dat,0
31023.dat,0
3816bp3j.dat,0
3001p08.dat,1
77710.dat,0
4865.dat,0
4183043.dat,1
251.dat,0
2454dq1.dat,1
96891-f2.dat,0
777pt1.dat,0
2360p01.dat,1
245.dat,1
2431p01.dat,0
3629pw2.dat,0
73562.dat,1
3660bp03.dat,1
4871.dat,1
71375.dat,0
3008p0b.dat,1
21826-f1.dat,0
3878.dat,0
4650853g.dat,0
800c02.dat,0
67351c01.dat,0
92950.dat,1
3068bps4.dat,0
u9185.dat,0
64778.dat,1
92198p05c02.dat,1
3008p10.dat,1
2596.dat,1
3688.dat,1
2793c01.dat,0
3009d0e.dat,1
915p02.dat,1
72132.dat,1
715c02.dat,1
32270.dat,0
4614c01-f2.dat,1
92251p01c01.dat,0
20904ps1.dat,0
4859.dat,1
3742c01.dat,0
37308.dat,0
87748p06.dat,0
47223d-f2.dat,0
4695.dat,0
87613p02.dat,1
84868.dat,0
30473.dat,1
6082.dat,1
64022.dat,1
t1090.dat,0
821472f.dat,0
34173.dat,0
3008p04.dat,1
3844.dat,0
2582.dat,1
92586p01.dat,1
u592p01c01.dat,0
4215ap25.dat,1
3703.dat,1
58122.dat,1
11244.dat,0
98460.dat,0
u586p01c01.dat,0
4140801.dat,0
u9026.dat,1
73200bpy2.dat,0
480.dat,0
24599.dat,0
004677a.dat,0
2924ac01d01.dat,1
58148c01.dat,1
3626cph0.dat,1
80549.dat,1
18603c02p09.dat,1
3065.dat,1
14769ptm.dat,0
3622px4.dat,1
78594.dat,1
48457.dat,0
970p63.dat,0
501cc01.dat,1
4088ap01.dat,1
79846.dat,1
93247.dat,0
37297.dat,1
42608.dat,1
35480.dat,1
98089p01.dat,0
73587a.dat,0
76320-f2.dat,0
6148328x.dat,0
32489.dat,0
u9032.dat,0
45601.dat,0
4638848ic01.dat,0
6142617m.dat,0
2409.dat,1
59228.dat,1
92338-f2.dat,1
58136.dat,0
11250.dat,0
6255869e.dat,0
2440p01.dat,0
3081bc01.dat,1
3626p01.dat,1
60581p02.dat,1
4215ap19.dat,1
2421.dat,0
004315c.dat,0
60481.dat,1
4736.dat,1
47758.dat,1
5428.dat,1
14769ptz.dat,0
4261693.dat,1
2347.dat,0
165355d.dat,0
6121.dat,1
190375b.dat,0
6135.dat,1
56641.dat,1
47994.dat,0
3009pth.dat,1
10172.dat,0
2435.dat,0
6255869r.dat,0
46334.dat,0
6142617z.dat,0
87568.dat,0
6148328o.dat,0
3024ptc9.dat,1
99392p01.dat,0
449521.dat,1
97790.dat,0
61190d.dat,0
73200bpu1.dat,0
35331.dat,1
3660b.dat,1
4162d03.dat,0
2641a.dat,1
30249.dat,1
003432d.dat,0
10199.dat,0
3010p71.dat,1
58135c01.dat,1
48494.dat,1
3230b.dat,0
973pq0.dat,0
973prj.dat,0
59349df4.dat,1
16981k04.dat,0
3004p04.dat,1
3003pe6.dat,1
35443.dat,1
15793.dat,0
11477dye.dat,0
973psn.dat,0
85984pc1.dat,0
3004p10.dat,1
23221.dat,0
15068p07.dat,0
3070bps2.dat,0
3465ac01.dat,0
19859p03.dat,0
31625.dat,0
14769pz0.dat,0
44302b.dat,1
4620860l.dat,0
6148328ax.dat,0
11293.dat,1
6148328bc.dat,0
30389a.dat,1
4155159a.dat,0
42511c01.dat,1
22881.dat,0
3003p19.dat,1
457.dat,0
6009194ec01.dat,0
97784.dat,0
4093.dat,1
t1053p06.dat,0
u9102p17.dat,0
30275.dat,1
3861c.dat,1
72046.dat,0
3003p31.dat,1
99781.dat,1
3899p03.dat,0
44292.dat,0
s8.dat,0
4629c01.dat,0
88930pz2.dat,0
32c.dat,1
u9002p03.dat,0
4066bp1l.dat,0
3004p0b.dat,1
20592p03.dat,0
10679bp01.dat,0
35016c01.dat,1
92198p09c02.dat,1
3817cpbd.dat,0
2384.dat,0
3815bpm0.dat,0
57588.dat,0
14769px8.dat,0
3817pc44.dat,0
15068p0a.dat,0
2837b.dat,1
3005d03.dat,1
4114505.dat,0
973ps8.dat,0
32310.dat,0
11477dy3.dat,0
54095.dat,1
4066bp0h.dat,0
973psy.dat,0
11477dyr.dat,0
3003p25.dat,1
43898ps1.dat,1
6177969zc01.dat,0
3626cp30.dat,1
32476.dat,0
6148328bt.dat,0
u9102p03.dat,0
6148328ao.dat,0
3443ac03.dat,1
30261.dat,0
53912p30.dat,0
3069p15.dat,0
4182p07.dat,1
17351.dat,0
4508.dat,0
453b.dat,1
3070bpf3.dat,0
6259759d.dat,0
24943.dat,0
22385p108.dat,0
682.dat,0
27328p04k04.dat,0
45417.dat,1
6479.dat,0
604ac01.dat,1
973p3d.dat,0
4121723h.dat,0
u9224.dat,1
44709.dat,1
3070bp0b.dat,0
47200.dat,0
26832.dat,0
862ac02.dat,1
6051c03.dat,1
41671.dat,0
30088.dat,0
191925b.dat,0
41665.dat,0
4116689.dat,0
93606dy1.dat,0
3298p54.dat,1
87079d0b.dat,0
u9230.dat,1
93606dyp.dat,0
80039.dat,0
87079df3.dat,0
u9556.dat,0
973pd1.dat,0
3069p01.dat,0
3816cpn4.dat,0
6142275wc01.dat,0
u9142p02c01.dat,0
3817cpw3.dat,0
98138.dat,0
22385p134.dat,0
973pf9.dat,0
2145.dat,1
49577.dat,1
6415918u.dat,0
6133216m.dat,0
4534.dat,1
40235.dat,0
44553p02.dat,0
4544258a.dat,0
3070bp04.dat,0
41895.dat,0
4252.dat,0
70490.dat,0
3070bp0u.dat,0
18738.dat,0
2623.dat,1
3822d03.dat,1
973p32.dat,0
973p0h.dat,0
26.dat,1
73200bpb8.dat,0
164575bc01.dat,0
u9218.dat,0
90202.dat,0
164565b.dat,0
866.dat,0
973p3s.dat,0
u516.dat,1
32.dat,1
973p1l.dat,0
973p26.dat,0
3298p68.dat,1
87079d04.dat,0
872.dat,0
15208.dat,1
3070bp10.dat,0
3010pt7.dat,1
41881.dat,1
3070bp1q.dat,0
14769p82.dat,0
2637.dat,0
41659.dat,0
3815bpx1.dat,0
3709c.dat,1
2586d01.dat,0
3067p10.dat,1
192385h.dat,0
73200bp6v.dat,0
4201639d.dat,0
22385p120.dat,0
99232.dat,0
973pdg.dat,0
127.dat,0
2476b.dat,1
2694p01.dat,1
76382py4.dat,0
u9581.dat,0
93092.dat,0
3570p02.dat,0
94925.dat,0
49588.dat,0
71771.dat,0
4480c01.dat,1
3087ac01.dat,1
50967.dat,1
46212aph1.dat,1
30387p03.dat,1
2804.dat,0
87781.dat,0
003673a.dat,0
13808p01.dat,0
641.dat,1
2894c01.dat,1
t1094p01.dat,0
4613857e.dat,0
3816cp4f.dat,0
11091.dat,0
3816p4f.dat,0
3009p50.dat,1
93086.dat,1
85489ac01.dat,0
14769pb6.dat,0
54654c01.dat,1
973ph2.dat,0
33230.dat,1
133.dat,0
25452.dat,0
11439p04.dat,0
3298.dat,1
53933p01.dat,1
302021.dat,1
820672f.dat,0
30151b.dat,1
747p03.dat,0
30350p01.dat,0
24196p01.dat,1
7940.dat,0
004158e.dat,0
30401p01.dat,1
30077.dat,1
3010pzj.dat,1
18923.dat,1
3010py0.dat,1
60640.dat,0
2362ap54.dat,1
2838.dat,0
41856.dat,1
30063.dat,1
3816cp40.dat,0
195985a.dat,0
4346p02.dat,0
18937.dat,1
26601.dat,1
4285.dat,1
3750c01.dat,1
54092p02.dat,1
92247p02.dat,0
2536c01.dat,1
004159a.dat,0
004659h.dat,0
973phd.dat,0
3816cpaz.dat,0
30250p01.dat,1
3816pba.dat,0
820673b.dat,0
3816cpba.dat,0
32298p01.dat,0
193445h.dat,0
92247p03.dat,0
t43355.dat,0
4284.dat,1
57895d01.dat,0
4346p03.dat,0
3816cp41.dat,0
30062.dat,1
10055p01.dat,0
11233p01.dat,0
973phe.dat,0
4033c01.dat,1
472p01.dat,0
820672g.dat,0
4261453.dat,0
3299.dat,0
2839.dat,1
41857.dat,0
3010py1.dat,1
18922.dat,1
3010pzk.dat,1
60641.dat,0
30076.dat,1
6221655m.dat,0
3041p01.dat,0
92693c01-f1.dat,0
004158d.dat,0
22472.dat,1
747p02.dat,0
11090.dat,0
87561p01.dat,0
10040c01.dat,1
3010p20w.dat,1
4613857d.dat,0
54696p02.dat,0
654.dat,0
973ph3.dat,0
132.dat,0
3067ap14.dat,1
3070b.dat,0
567c01.dat,0
9326p51.dat,0
93087.dat,0
71016.dat,0
3705c01.dat,0
48288p04.dat,0
68547.dat,0
u9580.dat,0
35654.dat,0
126.dat,1
72210a.dat,0
98878.dat,0
35132.dat,0
60797c01.dat,1
4185a.dat,0
3430c02.dat,1
2805.dat,0
30387p02.dat,1
004113bc01.dat,0
4166b.dat,1
2636.dat,0
14769p83.dat,0
3622p70.dat,1
3070bp1p.dat,0
190705a.dat,0
4247.dat,0
41880.dat,0
3010pt6.dat,1
35020c01.dat,1
3070bp11.dat,0
873.dat,0
87079d05.dat,0
15209.dat,0
u8027c01.dat,0
973p27.dat,0
973p1m.dat,0
33.dat,1
3298p69.dat,1
18394p04.dat,0
99555.dat,0
973pdf.dat,0
73832.dat,1
22385p121.dat,0
30080b.dat,1
73200bp6w.dat,0
192385i.dat,0
7028.dat,1
3067p11.dat,1
94717.dat,0
90370p01.dat,0
3709b.dat,1
3815bpx0.dat,0
40234.dat,0
4535.dat,0
6133216l.dat,0
4865b.dat,0
973pf8.dat,0
73200bp72.dat,0
22385p135.dat,0
98139.dat,0
973p3r.dat,0
u517.dat,1
164565c.dat,0
867.dat,1
u9219.dat,0
73200bpb9.dat,0
27.dat,1
973p0i.dat,0
973p33.dat,0
93085p04.dat,1
10128p01.dat,0
3822d02.dat,1
2622.dat,1
3070bp0t.dat,0
4253.dat,0
4124174.dat,1
41894.dat,0
20953p02.dat,1
3070bp05.dat,0
10679p01.dat,0
973p1z.dat,0
u9231.dat,1
87079d0c.dat,0
973p2a.dat,0
3298p55.dat,1
93606dy0.dat,0
4116688.dat,0
4209ap02.dat,1
24309p01.dat,0
4538782.dat,0
191925c.dat,0
3817cpw2.dat,0
61927-f1.dat,0
973pd0.dat,0
u9557.dat,0
15553.dat,0
87079df2.dat,0
22385p109.dat,0
u9543.dat,0
15547.dat,0
99013p01.dat,0
6259759e.dat,0
453c.dat,1
4509.dat,1
3070bpf2.dat,0
65141c01.dat,0
4182p06.dat,1
30089.dat,1
41670.dat,0
95347.dat,1
6051c02.dat,1
30529p01.dat,0
75902pb2.dat,0
3070bp0c.dat,0
u9225.dat,1
4121723i.dat,0
6478.dat,0
27328p04k05.dat,0
973p3e.dat,0
683.dat,0
92241p02c01.dat,0
11477dys.dat,0
65249.dat,0
973psx.dat,0
4066bp0i.dat,0
30116ps0.dat,1
11477dy2.dat,0
300421.dat,1
54094.dat,1
32311.dat,0
4107582a.dat,0
3005d02.dat,1
2391.dat,0
46490.dat,0
579c01.dat,1
3443ac02.dat,1
30260.dat,0
u9102p02.dat,0
6148328an.dat,0
70644.dat,0
4086.dat,0
3003p24.dat,1
u9080p01.dat,0
3899p02.dat,0
99780.dat,1
24201.dat,1
3003p30.dat,1
38628.dat,0
3861b.dat,1
30274.dat,1
u9102p16.dat,0
4092.dat,0
14769px9.dat,0
3815bpm1.dat,0
3817cpbe.dat,0
20592p02.dat,0
3430c03-f1.dat,1
3004p0c.dat,1
4066bp1m.dat,0
u9002p02.dat,0
318.dat,0
32b.dat,1
88930pz3.dat,0
32305.dat,0
64415c01.dat,0
s9.dat,0
15391c02.dat,1
44293.dat,0
14769pz1.dat,0
31624.dat,0
3941d02.dat,0
57796bc01.dat,0
19859p02.dat,0
3070bps3.dat,0
15068p06.dat,0
3004p11.dat,1
973pso.dat,0
11477dyd.dat,0
35442.dat,0
97785.dat,0
6045898d.dat,0
3003p18.dat,1
6148328bb.dat,0
6148328ay.dat,0
192915a.dat,0
15557p01.dat,0
30248.dat,1
003432e.dat,0
4162d02.dat,0
44375a.dat,1
26438-f2.dat,0
97791.dat,0
61190e.dat,0
4218b.dat,0
3024ptc8.dat,1
90391p02.dat,0
3003pe7.dat,1
3004p05.dat,1
324.dat,1
32339.dat,1
973prk.dat,0
973pq1.dat,0
4066bp1z.dat,0
48495.dat,0
3010p70.dat,1
2352.dat,1
56640.dat,1
3009pti.dat,1
50231.dat,0
56898.dat,0
47389p04.dat,0
6134.dat,1
4145p01.dat,0
190375c.dat,0
6148328n.dat,0
54200pc1.dat,0
87569.dat,0
3137c01.dat,1
46490c02.dat,0
3815bp6g.dat,0
4045.dat,0
6255869s.dat,0
46335.dat,0
2434.dat,1
60636p03.dat,1
31000p01.dat,0
004315b.dat,0
4215ap18.dat,1
2420.dat,1
76382p8m.dat,0
586c02.dat,1
14301.dat,0
90001.dat,1
54725.dat,0
2500c01.dat,1
6120.dat,1
2346.dat,0
47674c01.dat,1
4737.dat,1
47759.dat,1
3058.dat,1
98313.dat,0
29bc01.dat,1
160205d.dat,0
3961p20.dat,1
6108.dat,1
42609.dat,1
72633c01.dat,1
66967.dat,0
3070.dat,0
191905a.dat,0
6255869d.dat,0
4079.dat,1
2790a.dat,0
46309.dat,0
2408.dat,1
59229.dat,0
4215ap30.dat,1
6142617l.dat,0
u9033.dat,1
6148328y.dat,0
481.dat,0
26445-f2.dat,0
2454bpa1.dat,1
73200bpy3.dat,0
11245.dat,0
3702.dat,1
3070p1k.dat,0
58123.dat,1
22472p02.dat,1
3817cp8a.dat,0
194325ac01.dat,0
4215ap24.dat,1
50859a.dat,0
93252.dat,0
14769ptl.dat,0
18603c02p08.dat,1
80548.dat,1
66821k01.dat,1
15745.dat,0
3626cph1.dat,1
t1091.dat,0
81911.dat,0
3951p68.dat,1
2454adm0.dat,1
278.dat,1
6083.dat,1
30472.dat,1
6177954k.dat,0
4694.dat,1
47223d-f3.dat,0
90498d04.dat,0
4142921a.dat,0
2583.dat,1
3008p05.dat,1
4081a.dat,1
34172.dat,0
3437p02.dat,0
821472g.dat,0
72133.dat,0
6018358a.dat,0
44676a.dat,0
24375.dat,0
3009d0d.dat,1
127c02-f1.dat,0
75348-f2.dat,0
30300.dat,1
46296.dat,0
2335p01.dat,0
4858.dat,1
20904ps0.dat,0
u8005b.dat,1
2431p28.dat,0
32271.dat,0
4870.dat,1
3660bp02.dat,1
193b.dat,0
35536.dat,0
2431p00.dat,0
93087k01.dat,0
244.dat,1
6141955m.dat,0
u9531a.dat,0
777pt0.dat,0
522.dat,0
92198p05c03.dat,1
163345h.dat,0
36752c01.dat,0
64779.dat,1
245021.dat,1
u9184.dat,0
47154c01.dat,1
3068bps5.dat,0
4650853f.dat,0
4521166.dat,1
21766-f1.dat,0
3008p0c.dat,1
48287.dat,1
4650852b.dat,0
4114141d.dat,0
575c01.dat,0
65473.dat,0
75174c01.dat,1
98393f.dat,0
22172c01.dat,0
3009d02.dat,1
10p03.dat,1
6196607b.dat,0
3009d0s.dat,1
u9190.dat,0
850c02-f1.dat,0
2454dq0.dat,1
250.dat,0
4215p77.dat,1
4864.dat,1
3001p09.dat,1
56907.dat,0
3069bp0w.dat,0
43746p01.dat,1
948bc01.dat,1
3069bp06.dat,0
27062p02.dat,0
99145.dat,0
6040.dat,1
24309db1.dat,0
29602p01.dat,0
90607.dat,0
t1052.dat,1
164525g.dat,0
4125165d.dat,0
15619.dat,0
64835p02c01.dat,0
93220p04.dat,0
3005pva.dat,1
76382.dat,0
28598.dat,1
2540.dat,1
4131.dat,0
4211573.dat,0
2554.dat,1
16000p07.dat,0
3024px1.dat,1
74780-f1.dat,1
2431pk0.dat,0
9401.dat,1
3005pwe.dat,1
36752c.dat,0
6054.dat,1
t1046.dat,1
90613.dat,0
80400.dat,1
u8009a.dat,1
4478p03.dat,1
84637c03.dat,0
4614425b.dat,0
70081.dat,0
3069bp12.dat,0
287.dat,0
23397.dat,0
15625.dat,1
u9621.dat,0
4584252e.dat,0
70450a.dat,0
4615865c.dat,0
43463.dat,0
80428.dat,0
6288456d.dat,0
3068p68.dat,0
85984ds2.dat,0
168335h.dat,0
6239d02.dat,0
3069bpf1.dat,0
6180df0.dat,1
3023bpb0.dat,1
169675e.dat,0
87421.dat,1
3005pvv.dat,1
u9147.dat,0
3297p10.dat,1
20461p01.dat,0
3005pv7.dat,1
73200pbe.dat,0
u9153.dat,0
3297p04.dat,1
u9107p06c02.dat,0
3005pti.dat,1
3960px1.dat,1
6124787e.dat,0
59349.dat,1
6191p01d01.dat,0
3676.dat,1
3110.dat,0
3069bp1d.dat,0
85544.dat,0
30499.dat,1
293.dat,1
99101p01.dat,0
98367p01.dat,1
98138p1l.dat,0
98138p26.dat,0
73200pw2.dat,0
98138p2w.dat,0
29125c01.dat,1
6296256n.dat,0
30116.dat,1
30350b.dat,0
190085a.dat,0
4111899c.dat,0
6196575a.dat,0
28981.dat,0
2959.dat,0
4496.dat,0
3039ph1.dat,1
92245p06.dat,0
40397.dat,0
85975.dat,1
48913.dat,0
41089.dat,0
3005-3.dat,1
32067.dat,0
30124bp50.dat,0
3005-r.dat,1
88289.dat,1
3626bpa6.dat,1
99390.dat,0
32073.dat,0
4482.dat,1
4620855c.dat,0
87079pt8.dat,0
85961.dat,1
3846p4j.dat,0
3890c07.dat,1
2795.dat,0
30102.dat,1
85984d04.dat,0
98138p32.dat,0
98138p0h.dat,0
25269.dat,0
708.dat,1
787c05.dat,1
2362b.dat,1
6337749h.dat,0
64867p03.dat,1
49588p02.dat,0
6258203k.dat,0
61403.dat,0
u9461c01.dat,0
u9386.dat,1
3960pm0.dat,1
26603p01.dat,0
6142617ab.dat,0
720.dat,1
3626bp65.dat,1
162275g.dat,0
3005-e.dat,1
21755.dat,0
685p01c01.dat,1
30658.dat,1
92252p06c01.dat,0
163555i.dat,0
3010d0m.dat,1
u9230c01.dat,1
45360c01.dat,1
u9392.dat,0
90388.dat,0
15396.dat,1
2586pw1.dat,0
89801.dat,1
3626bp4k.dat,1
29030p01.dat,1
4070d02.dat,1
48085.dat,0
6309p0k.dat,0
190155d.dat,0
4181d04.dat,1
004589i.dat,0
47261a.dat,0
2742.dat,0
6170752f.dat,0
2358p04.dat,1
52036.dat,1
86501.dat,0
6524.dat,0
60581d50.dat,1
55981.dat,0
61678d02.dat,0
4613908g.dat,0
4160130.dat,1
22385p055.dat,0
192685e.dat,0
3068bp17.dat,0
577a.dat,1
4620858d.dat,0
87079pze.dat,0
3068bp03.dat,0
003238p.dat,0
21972.dat,0
190765g.dat,0
3068bp0r.dat,0
195835c.dat,0
50950dy2.dat,0
40340.dat,0
4150p08.dat,0
80602.dat,1
4287707.dat,1
44126.dat,1
43891.dat,0
4160124.dat,1
6256.dat,0
3350p03.dat,0
22385p041.dat,0
6142622b.dat,0
6530.dat,0
913.dat,0
93230p01.dat,0
18895.dat,1
4327.dat,0
3068bpfb.dat,0
2756.dat,0
6518.dat,0
u9345.dat,0
15341.dat,0
3460.dat,1
11127.dat,1
60671p02.dat,1
35787ps1.dat,0
68382.dat,1
3068bpg0.dat,0
92548.dat,1
95227.dat,1
6005724k.dat,0
2772c03.dat,1
2507p01.dat,0
87079pz3.dat,0
4469.dat,0
47407.dat,1
4150p20.dat,0
4106331b.dat,0
u9423.dat,0
15427.dat,0
6142617tc01.dat,0
43097-f2.dat,0
22385p069.dat,0
4613908p.dat,0
43675.dat,0
80577p01.dat,0
4162510h.dat,0
6268a.dat,1
4613c01.dat,1
3068bp0e.dat,0
87544df0.dat,1
76382pdgc.dat,0
003238g.dat,0
66857p08.dat,0
3068bpfu.dat,0
3474.dat,1
3068bpf4.dat,0
18671.dat,1
JRSbox.dat,0
266bc01.dat,1
3626bp8h.dat,1
74967.dat,0
32932.dat,1
4109810.dat,0
6142622u.dat,0
54654c06d01.dat,1
u9421.dat,0
62875.dat,0
3496c02.dat,0
98138ph0.dat,0
87079pz1.dat,0
3821p02.dat,1
47405.dat,1
2772c01.dat,1
4672a.dat,0
168315h.dat,0
3068bpg2.dat,0
3462.dat,1
11125.dat,1
3960pa1.dat,1
u9347.dat,0
87621.dat,1
55767.dat,0
127c01.dat,0
4222a.dat,1
6142622w.dat,0
u9353.dat,0
28145p04.dat,0
6009254fc01.dat,0
4296152.dat,0
3626bp8j.dat,1
6005724e1.dat,0
3068bpf6.dat,0
18673.dat,0
4319.dat,0
60470a.dat,1
3068bpfw.dat,0
3039p33.dat,1
168225b.dat,0
192885b.dat,0
69934.dat,1
30841.dat,1
003238e.dat,0
44676ad02.dat,0
30699.dat,0
3068bp0g.dat,0
6268.dat,1
3626bpma.dat,1
199027c.dat,0
4620858f.dat,0
3039pd0.dat,1
3816bps5.dat,0
192685g.dat,0
67931.dat,1
22385p057.dat,0
62691.dat,1
14707.dat,1
43887.dat,1
4613908e.dat,0
95351p01.dat,0
905.dat,1
6526.dat,0
6170752d.dat,0
2740.dat,0
3068bpgd.dat,0
93668.dat,0
4331.dat,0
u1208a.dat,0
2998.dat,0
190155f.dat,0
4181d06.dat,1
4325.dat,0
18897.dat,1
2383c01p08.dat,1
23801.dat,0
98729.dat,0
87609.dat,1
911.dat,1
93230p03.dat,0
2431ps4.dat,0
2552p02.dat,1
10350p02c01.dat,0
3350p01.dat,0
6254.dat,0
4620859b.dat,0
87079px9.dat,0
195835a.dat,0
76382pdg7.dat,0
190765e.dat,0
003238r.dat,0
3068bp01.dat,0
73763.dat,0
32059.dat,1
3005-g.dat,1
162275e.dat,0
98138p1y.dat,0
3626bp67.dat,1
722.dat,0
26603p03.dat,0
u9384.dat,0
98138p2b.dat,0
4107630.dat,0
3626bp6v.dat,1
48093.dat,0
6196575t.dat,0
6258203i.dat,0
64867p01.dat,1
92589.dat,0
2973.dat,1
21849ps1.dat,1
3069bps2.dat,0
24118p01.dat,0
70423c02.dat,0
44865.dat,1
736.dat,1
6005724i2.dat,0
u9109p01c02.dat,0
3626bp4i.dat,1
55968.dat,0
u9390.dat,0
35044.dat,1
65834p02.dat,0
32195a.dat,0
3626bpab.dat,1
3626bpb8.dat,1
163555k.dat,0
24849c01.dat,0
4162916.dat,0
191895b.dat,0
3005-p.dat,1
32065.dat,0
3005-1.dat,1
99386.dat,0
24607.dat,1
20461.dat,0
92245p04.dat,0
6636p08.dat,0
85977.dat,1
40395.dat,0
4494.dat,0
4111899a.dat,0
190085c.dat,0
21019.dat,0
6196575c.dat,0
971phb.dat,0
6296256l.dat,0
2698p02.dat,0
30114.dat,0
98138p2u.dat,0
98138p24.dat,0
98138p1n.dat,0
6337749j.dat,0
3229ac01.dat,0
3626bp7e.dat,1
32627p02.dat,1
16529p01c01.dat,0
98138p0j.dat,0
98138p30.dat,0
6142622jc01.dat,0
18854.dat,0
85984d06.dat,0
30100.dat,1
2797.dat,0
3890c05.dat,1
20313.dat,0
3846p4h.dat,0
92245p10.dat,0
40381.dat,0
4620855a.dat,0
4480.dat,1
4613905b.dat,0
3010d09.dat,1
99392.dat,0
65129.dat,1
3626bpa4.dat,1
42019.dat,1
20461p03.dat,0
3297p12.dat,1
3005pvt.dat,1
u9145.dat,0
3622d09.dat,1
6279911b.dat,0
169675g.dat,0
3660.dat,1
6180df2.dat,1
u9384c01.dat,1
10039.dat,1
3069bpf3.dat,0
003428d.dat,0
4100418i.dat,0
168335j.dat,0
3069bp0b.dat,0
20844.dat,1
32064b.dat,1
43461.dat,0
32298.dat,0
4615865a.dat,0
15627.dat,1
3626bpw9.dat,1
u9623.dat,1
90639.dat,0
u590p02.dat,0
u9140p01c04.dat,0
285.dat,1
u9133c01.dat,1
2586p4c.dat,0
t1078.dat,0
9359.dat,1
291.dat,1
4275a.dat,1
6881b.dat,0
4624296dc01.dat,0
448p02.dat,1
85546.dat,0
11455.dat,0
3112.dat,0
004401a.dat,0
4864p89.dat,1
68196.dat,0
99798b.dat,0
6124787g.dat,0
3005ptk.dat,1
22921.dat,0
3960px3.dat,1
3297p06.dat,1
u9151.dat,0
88704.dat,0
2879c01.dat,0
4133.dat,0
25128p02.dat,1
15466c02.dat,1
303923.dat,1
18459.dat,0
2542.dat,0
6177ph1.dat,1
59363.dat,0
2623d02.dat,1
2528ap39.dat,0
42025.dat,0
165335a.dat,0
4141498.dat,1
92198p08.dat,1
4330a.dat,0
t1050.dat,0
90605.dat,0
4125165f.dat,0
6042.dat,0
99147.dat,0
2494d02.dat,0
3069bp04.dat,0
3815cq1.dat,0
4589552e.dat,0
3069bp0u.dat,0
3817bps0.dat,0
3308ap01.dat,1
17018.dat,0
2723d02.dat,0
4478p01.dat,1
84637c01.dat,0
2559c02.dat,1
821409d.dat,0
90611.dat,0
t1044.dat,0
61484d01.dat,1
6056.dat,1
36752a.dat,0
3005pwg.dat,1
u663.dat,0
3648.dat,0
3890.dat,1
16000p05.dat,0
2556.dat,1
4650853d.dat,0
800c01.dat,0
3008p0a.dat,1
21826-f2.dat,0
3068bps7.dat,0
76409c01.dat,1
9326-4t.dat,0
35252.dat,0
u9186.dat,0
92198p05c01.dat,1
777pt2.dat,0
96891-f1.dat,0
246.dat,1
2360p02.dat,1
6141955o.dat,0
2431p02.dat,0
35534.dat,0
3629pw1.dat,0
4872.dat,1
29109.dat,0
4866.dat,1
30458.dat,0
252.dat,1
2454dq2.dat,1
370926.dat,1
3009d0q.dat,1
32529.dat,1
10p01.dat,1
98393d.dat,0
92947.dat,0
25931-8h.dat,0
92240c01.dat,1
6285381dc01.dat,0
30485p60.dat,1
3007d05.dat,1
821472e.dat,0
41671p01.dat,0
3847.dat,0
3008p07.dat,1
90498d06.dat,0
u592p01c02.dat,0
4142921c.dat,0
50384.dat,1
87613p01.dat,1
u8004d.dat,1
47223d-f1.dat,0
6081.dat,1
6148328uc01.dat,0
t1093.dat,0
1936.dat,0
6095.dat,0
715c01.dat,1
47198p04.dat,0
32273.dat,0
4614c01-f1.dat,1
3068p81.dat,0
30464.dat,0
87748p05.dat,0
3853.dat,1
2335p03.dat,0
6227186j.dat,0
51930.dat,0
26560.dat,1
2793c02.dat,0
64779c01.dat,1
3009d0f.dat,1
t1111c01.dat,0
915p01.dat,1
u9031.dat,0
6142617n.dat,0
39370c01.dat,0
497.dat,1
92338-f1.dat,1
4221407d.dat,0
3815bp63.dat,0
6255869f.dat,0
11253.dat,1
58135.dat,0
66965.dat,0
4088ap02.dat,1
76320-f1.dat,0
98089p02.dat,0
90462apq1.dat,1
004677b.dat,0
90981.dat,0
66821k03.dat,0
3066.dat,1
14769ptn.dat,0
93250.dat,0
79851.dat,0
194065d.dat,0
2454pa0.dat,1
48454.dat,1
3817cpn2.dat,0
t1060c01.dat,1
51663.dat,0
58121.dat,0
3700.dat,1
u586p01c02.dat,0
73200bpy1.dat,0
4244362.dat,0
u9025.dat,1
6148328bhc01.dat,0
483.dat,0
2436.dat,1
6255869q.dat,0
3137c03.dat,1
6642-f1.dat,0
6142617y.dat,0
3815bpc34.dat,0
72092.dat,0
6148328l.dat,0
776p08.dat,0
190375a.dat,0
1881.dat,0
29096.dat,1
2350.dat,1
3009ptk.dat,1
4735.dat,1
19141.dat,0
14769pty.dat,0
2344.dat,0
6122.dat,0
2440p02.dat,0
73398.dat,1
u9019.dat,0
6644.dat,0
3626p02.dat,1
2422.dat,1
60581p01.dat,1
11290.dat,1
30389b.dat,1
42511c02.dat,1
4155159b.dat,0
3817bpc67.dat,0
2421a.dat,0
97787.dat,0
32449.dat,0
12799.dat,0
10089c01.dat,0
3351ap08.dat,0
15790.dat,0
973psm.dat,0
11477dyf.dat,0
85984pc2.dat,0
332.dat,0
33031.dat,0
23222.dat,0
3004p13.dat,1
3070bps1.dat,0
15068p04.dat,0
10830.dat,0
44302a.dat,1
3816bpc67.dat,0
3010p72.dat,1
3817cpb1.dat,0
4211388.dat,1
973pq3.dat,0
973pri.dat,0
3230a.dat,0
80589.dat,0
33025.dat,0
4066bp19.dat,0
6148328avc01.dat,0
3004p07.dat,1
3003pe5.dat,1
97793.dat,0
77127p01.dat,1
87580.dat,1
3660a.dat,1
2641b.dat,1
6148328yc01.dat,0
3817bpc6a.dat,0
43898ps2.dat,1
3003p26.dat,1
32475.dat,0
4084.dat,0
70646.dat,1
30262.dat,1
6148328al.dat,0
3933.dat,1
3816b.dat,0
15068p0b.dat,0
579c03.dat,1
30504.dat,1
2393.dat,0
2837a.dat,1
4107582c.dat,0
54096.dat,1
11477dy0.dat,0
11477dyq.dat,0
4066bp0k.dat,0
973psz.dat,0
004695e.dat,0
88930pz1.dat,0
4629c02.dat,0
32307.dat,0
3004p0a.dat,1
4066bp1o.dat,0
3816bpc6a.dat,0
3817cpbg.dat,0
92198p09c01.dat,1
2387.dat,0
t1053p05.dat,0
30276.dat,0
u9102p14.dat,0
52395.dat,1
87079df0.dat,0
4212454.dat,1
190267a.dat,0
u9555.dat,0
15551.dat,1
3037dy0.dat,1
973pgh.dat,0
42409.dat,1
73587p04.dat,0
u9142p02c02.dat,0
3070bp1e.dat,0
4620857gc01.dat,0
191925a.dat,0
24309p03.dat,0
41666.dat,0
95351.dat,0
93606dy2.dat,0
3298p57.dat,1
24067p04.dat,0
973p2c.dat,0
973p19.dat,0
u9233.dat,1
87079d0a.dat,0
973p1x.dat,0
681.dat,0
973p3g.dat,0
19.dat,0
u9227.dat,0
4121723k.dat,0
23949.dat,1
3004prc.dat,1
3070bp0a.dat,0
75902pb0.dat,0
47203.dat,0
821472ic01.dat,0
4125254.dat,0
41672.dat,0
862ac01.dat,1
4210531.dat,0
56468.dat,0
92198c01.dat,1
4182p04.dat,1
3070bpf0.dat,0
453a.dat,1
6259759g.dat,0
98107.dat,1
3815bpx2.dat,0
90370p03.dat,0
4523.dat,0
3067p13.dat,1
64394.dat,0
73200bp6u.dat,0
u9569.dat,1
973pdd.dat,0
22385p123.dat,0
93606dyd.dat,0
6342851d.dat,0
31.dat,1
973p1o.dat,0
973p25.dat,0
87079d07.dat,0
871.dat,0
3004ps1.dat,1
3010pt4.dat,1
3070bp13.dat,0
92402.dat,0
14769p81.dat,0
2634.dat,1
3070bp07.dat,0
41896.dat,0
3070bp0v.dat,0
2620.dat,0
61070d01.dat,0
99543.dat,0
973p31.dat,0
973p0k.dat,0
25.dat,0
6446.dat,0
865.dat,0
164565a.dat,0
90201.dat,1
973p3p.dat,0
4320c04.dat,1
73200bpdd1.dat,0
73200bp70.dat,0
22385p137.dat,0
2146.dat,1
4537.dat,0
4544258b.dat,0
44553p01.dat,0
93085.dat,1
567c03.dat,0
14769pb5.dat,0
6005049a.dat,0
54654c02.dat,1
73200bpc97.dat,0
973ph1.dat,0
87796.dat,0
28614p01c01.dat,0
3817cpdga.dat,0
4613857f.dat,0
3678apc0.dat,1
20461bp08.dat,0
11092.dat,0
71772.dat,1
30048.dat,0
4480c02.dat,1
2807.dat,0
3430c00.dat,1
3645p02.dat,1
60797c03.dat,1
612p01.dat,1
4253c01.dat,0
003673b.dat,0
642.dat,1
2694p02.dat,1
2476a.dat,1
124.dat,1
33227.dat,1
85984pz0.dat,0
003605d.dat,0
73603.dat,1
93091.dat,0
3570p01.dat,0
9326p47.dat,0
11938.dat,0
71014.dat,0
3067ap02.dat,1
3816cpdga.dat,0
30483p01.dat,0
973phg.dat,0
88285p01.dat,0
3816pbb.dat,0
820673a.dat,0
3816cpbb.dat,0
30060.dat,1
60657.dat,1
195985b.dat,0
4346p01.dat,0
4286.dat,1
67138.dat,1
165495c.dat,0
3010p20b.dat,1
54092p01.dat,1
92247p01.dat,0
193445j.dat,0
004159b.dat,0
t43343.dat,0
4209p70.dat,1
004158f.dat,0
67100k01.dat,0
30074.dat,1
60643.dat,1
3010pzi.dat,1
18920.dat,0
3010py3.dat,1
41855.dat,1
60125.dat,1
57789.dat,0
820672e.dat,0
73200bp8i.dat,0
118.dat,0
30151a.dat,1
41854.dat,1
60642.dat,0
3010py2.dat,1
3010pzh.dat,1
30075.dat,1
27cc01.dat,1
92693c01-f2.dat,0
6221655n.dat,0
747p01.dat,0
64424.dat,0
32104.dat,1
73200bp8h.dat,0
820672d.dat,0
2454aph0.dat,1
3816cpbc.dat,0
3816cpa9.dat,0
647p01.dat,0
3816pbc.dat,0
3816pa9.dat,0
32110.dat,0
973phf.dat,0
004159c.dat,0
6490.dat,0
24014.dat,0
44938.dat,0
3010p20c.dat,1
67139.dat,0
57895d02.dat,0
4287.dat,1
195985c.dat,0
26603.dat,0
60656.dat,1
30061.dat,0
3816cp42.dat,0
643.dat,1
60797c02.dat,1
3645p03.dat,1
30387p01.dat,1
3430c01.dat,1
4185b.dat,0
2806.dat,0
6221655y.dat,0
3010pyd.dat,1
4480c03.dat,1
50965.dat,1
2431d50.dat,0
71015.dat,0
3067ap03.dat,1
93090.dat,0
15587.dat,1
32138.dat,0
85984pz1.dat,0
003605e.dat,0
125.dat,1
72210b.dat,0
u9597.dat,1
30287p01.dat,0
25450.dat,0
15038c01.dat,0
973ph0.dat,0
54654c03.dat,1
28174.dat,0
3070a.dat,0
14769pb4.dat,0
9326p52.dat,0
567c02.dat,0
93084.dat,0
30030p01.dat,1
652c01.dat,1
4170c01d01.dat,1
18909.dat,0
519o.dat,0
20461bp09.dat,0
4613857g.dat,0
54696p01.dat,0
973p3q.dat,0
864.dat,0
973p0j.dat,0
973p30.dat,0
u8104.dat,1
99542.dat,0
2621.dat,1
10128p02.dat,0
3822d01.dat,1
3070bp0w.dat,0
4864bp71.dat,1
41897.dat,0
30158c01.dat,0
3139b.dat,0
3070bp06.dat,0
20953p01.dat,1
4544258c.dat,0
4865a.dat,0
4536.dat,0
22385p136.dat,0
73825.dat,1
73200bp71.dat,0
4320c05.dat,1
73831.dat,1
22385p122.dat,0
u9625c01.dat,1
73200bpde4.dat,0
u9568.dat,0
3067p12.dat,1
4522.dat,0
90370p02.dat,0
3709a.dat,1
3815bpx3.dat,0
4166a.dat,1
2635.dat,1
41883.dat,0
3070bp12.dat,0
3010pt5.dat,1
13710nc01.dat,0
870.dat,1
87079d06.dat,0
6342851e.dat,0
973p24.dat,0
973p1n.dat,0
30.dat,0
6051c01.dat,1
95344.dat,0
30529p02.dat,0
20299.dat,0
75902pb1.dat,0
100942p01.dat,0
21271p01.dat,1
23948.dat,0
73200bpaw.dat,0
4121723j.dat,0
u9226.dat,0
18.dat,1
973p3f.dat,0
680.dat,0
87998.dat,0
99013p02.dat,0
u9540.dat,0
43702.dat,0
6259759f.dat,0
3070bpf1.dat,0
4182p05.dat,1
3817cpw1.dat,0
61927-f2.dat,0
u9142p02c03.dat,0
73587p05.dat,0
194225d.dat,0
6309.dat,0
3626cpq0.dat,1
u9554.dat,1
87079df1.dat,0
371026.dat,1
973p1y.dat,0
87754.dat,0
u9232.dat,1
3298p56.dat,1
973p18.dat,0
973p2b.dat,0
24067p05.dat,0
93606dy3.dat,0
2609.dat,0
41667.dat,0
4209ap01.dat,1
4538781.dat,0
28809.dat,1
24309p02.dat,0
3070bp1d.dat,0
3815bpm2.dat,0
20592p01.dat,0
3817cpbf.dat,0
66757.dat,0
4066bp1n.dat,0
2466p07.dat,1
u9002p01.dat,0
53934.dat,1
32a.dat,1
30171b.dat,0
62531.dat,0
88930pz0.dat,0
004695d.dat,0
15391c01.dat,1
3899p01.dat,0
59349d01.dat,1
52394.dat,1
3861a.dat,1
u9102p15.dat,0
30277.dat,1
2648c01.dat,0
t1053p04.dat,0
4091.dat,0
3815bp89.dat,0
6148328am.dat,0
u9102p01.dat,0
30263.dat,1
3443ac01.dat,1
4085.dat,1
22667.dat,0
32474.dat,0
3003p27.dat,1
469.dat,0
54929.dat,1
4066bp0j.dat,0
11477dyp.dat,0
54097.dat,1
11477dy1.dat,0
4107582b.dat,0
3069p101.dat,0
3005d01.dat,1
30505.dat,1
579c02.dat,1
15068p0c.dat,0
3816c.dat,0
3003pe4.dat,1
3004p06.dat,1
4066bp18.dat,0
34993.dat,0
80588.dat,1
973prh.dat,0
4066bp1y.dat,0
973pq2.dat,0
3846d08.dat,0
48496.dat,0
10825.dat,0
4913.dat,0
3010p73.dat,1
003432f.dat,0
4162d01.dat,0
92832.dat,0
2641c.dat,1
26438-f1.dat,0
44375b.dat,1
30350cp01.dat,0
4449c01.dat,0
61190f.dat,0
4218a.dat,0
72078.dat,0
90391p01.dat,0
35327.dat,1
3351ap09.dat,0
455.dat,1
42511c03.dat,1
30389c.dat,1
6148328ba.dat,0
11291.dat,1
192915b.dat,0
6148328az.dat,0
15284p01.dat,0
3941d01.dat,0
64835c01.dat,0
57796bc02.dat,0
19859p01.dat,0
15068p05.dat,0
3070bps0.dat,0
92198.dat,1
3004p12.dat,1
3003pd0.dat,1
62519.dat,0
85984pc3.dat,0
34987.dat,1
11477dyg.dat,0
973psl.dat,0
87580p01.dat,1
80577.dat,0
98338.dat,0
93248pq0.dat,0
6123.dat,0
2345.dat,1
14769ptx.dat,0
30602p01.dat,0
60483.dat,0
004315a.dat,0
10164.dat,0
2423.dat,1
586c01.dat,1
u9018.dat,0
2440p03.dat,0
776p09.dat,0
75924.dat,1
54732.dat,0
6142617x.dat,0
46490c01.dat,0
3137c02.dat,1
3729.dat,1
31000p1w.dat,0
6255869p.dat,0
10170.dat,0
2437.dat,1
3009ptj.dat,1
47996.dat,0
2351.dat,1
4720.dat,0
u9499p01.dat,0
80563.dat,0
003829a.dat,0
4145p02.dat,0
14716d01.dat,1
3816cpw4.dat,0
194065e.dat,0
79850.dat,1
93251.dat,0
u9150p02c04.dat,0
14769pto.dat,0
3067.dat,1
21019b.dat,0
3626cph2.dat,1
66821k02.dat,0
90462apq0.dat,1
482.dat,0
73200bpy0.dat,0
u9024.dat,0
26445-f1.dat,0
53075.dat,1
u586p01c03.dat,0
58120.dat,0
3701.dat,1
37383p01.dat,1
16529.dat,0
22472p01.dat,1
30288.dat,1
50859b.dat,0
58134.dat,0
191905b.dat,0
6255869g.dat,0
11252.dat,0
27938.dat,0
4221407e.dat,0
824c01.dat,1
6142617o.dat,0
u9030.dat,0
6148328z.dat,0
98089p03.dat,0
72633c02.dat,1
30367cps0.dat,1
6313371a.dat,0
87748p04.dat,0
30303pa0.dat,1
3068p80.dat,0
64034.dat,1
32272.dat,0
6094.dat,0
6018358b.dat,0
509.dat,1
44676b.dat,0
75348-f1.dat,0
127c02-f2.dat,0
2793c03.dat,0
26561.dat,1
17964.dat,1
2594.dat,0
30303.dat,1
2335p02.dat,0
44336p04.dat,1
3852.dat,0
4142921b.dat,0
u592p01c03.dat,0
93595c01.dat,0
11014p01.dat,0
2580.dat,0
4081b.dat,1
3846.dat,0
6142622rc01.dat,0
3008p06.dat,1
3437p01.dat,0
821472d.dat,0
3007d04.dat,1
6109079ac01.dat,0
14769d04.dat,0
1937.dat,0
t1092.dat,0
6080.dat,0
76424.dat,1
29120.dat,0
u8004e.dat,1
2454dq3.dat,1
30459.dat,0
28216.dat,0
4867.dat,1
56904.dat,0
3001pe1.dat,1
31021.dat,0
92946.dat,1
92250p07c01.dat,0
80834p01.dat,0
4650852a.dat,0
98393e.dat,0
52258p01c01.dat,1
575c02.dat,0
3009d01.dat,1
32528.dat,0
850c02-f2.dat,0
3009d0p.dat,1
6196607a.dat,0
36752c02.dat,0
14769d0b.dat,0
34103px1.dat,1
3068bps6.dat,0
21766-f2.dat,0
4650853e.dat,0
32123ac01.dat,0
4873.dat,1
3660bp01.dat,1
35535.dat,0
193a.dat,0
93087k02.dat,0
2431p03.dat,0
247.dat,1
777pt3.dat,0
u9531b.dat,0
646bc01.dat,1
6057.dat,0
973pd31.dat,0
t1045.dat,1
4614425a.dat,0
4616559ec01.dat,0
46530.dat,1
3069bp11.dat,0
2557.dat,1
41539.dat,1
92761.dat,0
16000p04.dat,0
3649.dat,0
74780-f2.dat,1
3024px2.dat,1
3005pwf.dat,1
92198p09.dat,1
2528ap38.dat,0
2543.dat,0
59362.dat,0
4132.dat,1
25128p03.dat,1
29685.dat,0
3069bp0t.dat,0
3068p57.dat,0
4589552d.dat,0
3815cq0.dat,0
3069bp05.dat,0
92013.dat,1
46524.dat,1
948bc02.dat,1
27062p01.dat,0
99146.dat,0
6043.dat,0
4125165g.dat,0
t1051.dat,0
54120.dat,0
290.dat,0
9358.dat,1
49649c01.dat,1
73200pbf.dat,0
u9495p01.dat,0
u9150.dat,0
3960px2.dat,1
3005ptj.dat,1
u9107p06c01.dat,0
6142275adc01.dat,0
6124787f.dat,0
37493.dat,1
50408.dat,1
6191p01d02.dat,0
3298d05.dat,1
3675.dat,1
3069bpf2.dat,0
70720c01.dat,0
3661.dat,1
3622d08.dat,1
6279911c.dat,0
169675f.dat,0
u9144.dat,0
3005pvu.dat,1
20461p02.dat,0
3005pv4.dat,1
2586p4b.dat,0
3626bpw8.dat,1
90638.dat,0
u9622.dat,1
15626.dat,1
4584252f.dat,0
70450b.dat,0
43460.dat,0
32064c.dat,1
3069bp0c.dat,0
85984ds1.dat,0
168335k.dat,0
6239d01.dat,0
4100418h.dat,0
20312.dat,0
3890c04.dat,1
2796.dat,0
30101.dat,1
3488.dat,1
85984d07.dat,0
47389.dat,0
98138p31.dat,0
98138p0k.dat,0
u1851p01.dat,0
2362a.dat,1
72454.dat,1
3626bpa5.dat,1
65128.dat,0
99393.dat,0
3010d08.dat,1
4613905c.dat,0
4481.dat,1
40380.dat,0
20474.dat,0
3039ph2.dat,1
4495.dat,1
6636p09.dat,0
85976.dat,1
40394.dat,0
92245p05.dat,0
4497943.dat,0
20460.dat,0
3005-0.dat,1
3297ps1.dat,1
32064.dat,1
3005-q.dat,1
98138p1o.dat,0
98138p25.dat,0
98138p2t.dat,0
73200pw1.dat,0
98386p01.dat,0
30115.dat,0
2698p03.dat,0
6296256m.dat,0
30350a.dat,0
61199c01.dat,1
18841.dat,1
6196575b.dat,0
190085b.dat,0
2586pw2.dat,0
15395.dat,1
u9391.dat,0
55969.dat,0
737.dat,1
3626bp4h.dat,1
4070d01.dat,1
3069bps3.dat,0
6309p0h.dat,0
98388p04.dat,0
004587a.dat,0
2972.dat,1
191895c.dat,0
163555j.dat,0
3626bpac.dat,1
76442c01.dat,1
63565.dat,0
u9230c02.dat,1
4170d01.dat,1
3005-f.dat,1
32058.dat,1
u9005c01.dat,1
71175.dat,0
49588p01.dat,0
71613.dat,1
3068bpk0.dat,0
30129.dat,0
6258203h.dat,0
48092.dat,1
3626bp6w.dat,1
98138p2c.dat,0
98138p19.dat,0
u9385.dat,0
26603p02.dat,0
6142617aa.dat,0
3626bp66.dat,1
723.dat,0
98138p1x.dat,0
162275d.dat,0
2552p03.dat,1
6009312dc01.dat,0
4215ap25d01.dat,1
6142622a.dat,0
93230p02.dat,0
23800.dat,1
970c4f.dat,0
18896.dat,1
4324.dat,0
3068bpfa.dat,0
4622110a.dat,0
003238s.dat,0
ms1034.dat,0
3068bp00.dat,0
190765d.dat,0
50950dy1.dat,0
87079px8.dat,0
4442.dat,1
4620859c.dat,0
69909.dat,0
u9408.dat,0
6255.dat,1
43892.dat,0
61678d01.dat,0
4613908d.dat,0
22385p056.dat,0
3068bp14.dat,0
192685f.dat,0
577b.dat,1
87079pzf.dat,0
4620858g.dat,0
4181d07.dat,1
190155g.dat,0
004589j.dat,0
2999.dat,0
4330.dat,0
6170752e.dat,0
2741.dat,1
6527.dat,0
52035.dat,1
55982.dat,0
3039p32.dat,1
3068bpfv.dat,0
3477.dat,0
4318.dat,0
47376.dat,1
266bc02.dat,1
3068bpf7.dat,0
3626bp8k.dat,1
u9352.dat,1
6142622v.dat,0
199027b.dat,0
6053c04.dat,1
37777p01.dat,0
80577p02.dat,0
u9434.dat,0
6269.dat,0
2336p90.dat,1
6268b.dat,1
3068bp0f.dat,0
003238d.dat,0
48723.dat,0
13710bc01.dat,0
71076a.dat,0
192885c.dat,0
168225c.dat,0
168315i.dat,0
51266.dat,0
47404.dat,1
3821p03.dat,1
87079pz0.dat,0
4106331a.dat,0
98138ph1.dat,0
15424.dat,0
u9420.dat,0
43097-f1.dat,0
99378.dat,0
35154ps1.dat,1
13733.dat,0
45575.dat,0
87620.dat,1
938.dat,0
u9346.dat,1
88513.dat,0
3960pa0.dat,1
60671p01.dat,1
3463.dat,1
4181d0a.dat,1
6007019a.dat,0
3068bpg3.dat,0
87618.dat,0
42114c01.dat,1
80177.dat,0
2358p03.dat,1
52031.dat,1
74948.dat,0
4694c01-f2.dat,1
6523.dat,0
3068bpga.dat,0
10202.dat,0
2745.dat,0
6170752a.dat,0
190155c.dat,0
71830.dat,0
4181d03.dat,1
4334.dat,0
4452.dat,1
4620858c.dat,0
87079pzb.dat,0
3817ps0.dat,0
192685b.dat,0
3068bp10.dat,0
3816bps0.dat,0
6245.dat,1
22385p052.dat,0
62694.dat,1
6061671a.dat,0
61678d05.dat,0
44135.dat,0
u9418.dat,0
14716.dat,1
6251.dat,0
3350p04.dat,0
22385p046.dat,0
770p4b.dat,0
4620859g.dat,0
3068bp0u.dat,0
195835d.dat,0
50950dy5.dat,0
3068bp04.dat,0
87398p01.dat,1
50859bc01.dat,0
3068bpfe.dat,0
50955p03.dat,1
4494pw1.dat,0
18892.dat,1
4320.dat,0
2989.dat,1
914.dat,0
90370.dat,0
42236.dat,0
3626bp89.dat,1
2431ps1.dat,0
6142622e.dat,0
3068bpg7.dat,0
37681.dat,1
76100c02.dat,0
3467.dat,0
88517.dat,0
u9342.dat,0
794ap01.dat,1
2869c01.dat,1
53475.dat,0
87079pz4.dat,0
309p02.dat,1
4106331e.dat,0
4654778a.dat,0
6005724l.dat,0
93089p03.dat,0
51262.dat,0
54200d02.dat,0
3315.dat,1
4106330a.dat,0
191945b.dat,0
3068bp0b.dat,0
23186.dat,0
u9430.dat,0
u9356.dat,1
28614p01.dat,0
6142622r.dat,0
28145p01.dat,0
3068bpf3.dat,0
4294998.dat,0
37695.dat,0
3068bpfr.dat,0
26074p02.dat,1
99535c01.dat,0
3498.dat,0
4111899d.dat,0
6196575f.dat,0
6296256i.dat,0
44848.dat,0
98138p2p.dat,0
6234010n.dat,0
98138p21.dat,0
98138p1k.dat,0
65886.dat,0
47224c01.dat,0
20308p02.dat,0
32060.dat,0
3005-u.dat,1
65138.dat,1
3005-4.dat,1
48914.dat,0
92245p01.dat,0
79505.dat,0
t1001c01.dat,1
191895p.dat,0
30663.dat,0
3846p4m.dat,0
4620855d.dat,0
165395fc01.dat,0
4485.dat,0
32074.dat,0
3626bpap.dat,1
98089.dat,0
30104k01.dat,1
2701c01.dat,0
6292.dat,0
3626bpa1.dat,1
99397.dat,0
787c02.dat,1
3229ac04.dat,1
98138p0o.dat,0
98138p35.dat,0
3069bpsa.dat,0
85984d03.dat,0
u589p02c02.dat,0
4515p01.dat,0
4570662.dat,0
2547ac02.dat,0
2792.dat,1
30105.dat,1
44874.dat,0
727.dat,0
3626bp62.dat,1
u9381.dat,0
98138p2g.dat,0
11435p02.dat,0
6142617ae.dat,0
3194p01.dat,1
26603p06.dat,0
67075.dat,1
64867p04.dat,1
40243c01.dat,0
6258203l.dat,0
6196575q.dat,0
3815c36.dat,0
3067a.dat,1
30516c02.dat,1
374p02.dat,1
425p02.dat,1
3005-b.dat,1
2924ad01.dat,1
3010d0j.dat,1
610p01.dat,1
3846p4z.dat,0
3069bps7.dat,0
85984d0e.dat,0
2976.dat,1
71603.dat,1
30139.dat,0
4221886.dat,0
98138p0x.dat,0
3626bp4l.dat,1
733.dat,1
92198p15c01.dat,1
65676.dat,0
98138p09.dat,0
u9395.dat,0
15391.dat,1
53075p02.dat,1
t1055.dat,0
4125165c.dat,0
2586p40.dat,0
3135c03.dat,1
973pcbf.dat,0
6047.dat,0
3069bp01.dat,0
973c01.dat,0
3069bp0p.dat,0
11478.dat,0
u8008b.dat,1
39367p01.dat,0
4716b.dat,0
3659.dat,1
76385.dat,1
41529.dat,1
4151c.dat,1
30640c01.dat,0
303926.dat,1
3005pvf.dat,1
42020.dat,1
93220p03.dat,0
64781.dat,0
3005pt8.dat,1
u9168.dat,1
95341p01.dat,1
3005pty.dat,1
16000p00.dat,0
3895.dat,1
3069bp15.dat,0
46534.dat,0
2641ad01.dat,1
2977c01.dat,1
4478p04.dat,1
84637c04.dat,0
t1041.dat,0
29b.dat,1
6053.dat,1
3069bp0g.dat,0
168335o.dat,0
6288456c.dat,0
74650c01.dat,1
766c01.dat,0
31794.dat,0
20841.dat,1
u9626.dat,0
t1069.dat,0
43464.dat,0
4615865d.dat,0
33183.dat,0
280.dat,1
55206.dat,0
2557c02.dat,1
2586p4f.dat,0
604a.dat,1
u9140p01c01.dat,0
280c01.dat,1
3005pv0.dat,1
20461p06.dat,0
u9383-f1.dat,0
169675b.dat,0
6279911g.dat,0
4599a.dat,1
30367aps1.dat,1
u9140.dat,0
3587pa0.dat,1
30231p02.dat,1
3665.dat,1
3069bpf6.dat,0
003428a.dat,0
3298d01.dat,1
6124787b.dat,0
92759.dat,0
25126p02.dat,1
3297p03.dat,1
24593p01.dat,1
3005ptn.dat,1
81043.dat,1
73200pbb.dat,0
u9154.dat,0
192685ac01.dat,0
88067.dat,0
294.dat,1
85543.dat,0
2209.dat,0
u586p03c02.dat,0
3626bpc6a.dat,1
29124.dat,1
u8004a.dat,1
30475.dat,0
6084.dat,1
2431p0a.dat,0
3007d00.dat,1
u9040c01.dat,1
4603014cc01.dat,0
15068dym.dat,0
2362ad01.dat,1
3228ac01.dat,1
519.dat,0
2584.dat,0
3008p02.dat,1
6642k01.dat,0
66155.dat,0
3842.dat,0
3821ps1.dat,1
3856.dat,0
22020-f2.dat,0
2335p06.dat,0
10p0b.dat,1
44486.dat,1
12818.dat,1
915p04.dat,1
3009d0c.dat,1
47198p01.dat,0
6090.dat,0
1927.dat,1
32276.dat,1
3678ad01.dat,1
600880p02.dat,0
30461.dat,1
243.dat,1
62469.dat,1
4286dy0.dat,1
2431p07.dat,0
3660bp05.dat,1
4181p05d01.dat,1
4150ps9.dat,0
4650853a.dat,0
3008p0d.dat,1
54732b.dat,0
3068bps2.dat,0
2465d01.dat,1
u9183.dat,0
3005pz3.dat,1
92198p05c04.dat,1
10p04.dat,1
35243.dat,1
2986ac01.dat,0
3009d0t.dat,1
65474.dat,0
25269p08.dat,0
23421.dat,0
3009d05.dat,1
3069bpk1.dat,0
3855bd03.dat,0
4650852e.dat,0
4114141c.dat,0
26559.dat,1
4863.dat,1
257.dat,1
2454dq7.dat,1
6133.dat,0
47389p03.dat,0
80567.dat,1
39280.dat,0
6255869t.dat,0
2433.dat,1
6148328bfc01.dat,0
73389.dat,1
u9008.dat,0
u1454.dat,1
u9393p01.dat,0
6148328i.dat,0
9566.dat,0
6641.dat,0
u9106p02c02.dat,0
2427.dat,0
4144485.dat,0
60581p04.dat,1
3739.dat,0
15851p01.dat,0
58118.dat,1
4730.dat,1
2341.dat,1
66790.dat,1
77845.dat,1
165355b.dat,0
6127.dat,0
6014c01.dat,0
80573.dat,1
u9204c02.dat,1
57565.dat,0
3009pt8.dat,1
2369.dat,1
17141.dat,0
160205c.dat,0
87552.dat,1
73200bpx0.dat,0
u9034.dat,1
4215b.dat,1
6144759a.dat,0
6228b.dat,0
64991c02.dat,0
6142617k.dat,0
4221407a.dat,0
70864.dat,0
3815bp6w.dat,0
30298.dat,1
11256.dat,0
6255869c.dat,0
3711.dat,0
u592p02.dat,0
89648c02.dat,1
3705.dat,0
58124.dat,1
27928.dat,1
3815bp72.dat,0
10509p01.dat,1
96488d01.dat,0
u9020.dat,0
53184-f1.dat,0
64805.dat,0
4494pw1c01.dat,1
41879a.dat,1
t1109.dat,0
194065a.dat,0
3622px2.dat,1
3063.dat,1
14769ptk.dat,0
4346ps2.dat,0
20398p01.dat,0
3005d05.dat,1
15068p0g.dat,0
2426c02.dat,1
4107582f.dat,0
11477dy5.dat,0
54093.dat,1
24246pt1.dat,0
32316.dat,0
30075p01.dat,1
11477dyt.dat,0
4066bp0n.dat,0
30170b.dat,0
33a.dat,1
33008.dat,0
3003p23.dat,1
2569d01.dat,0
6148328wc01.dat,0
30350bd02.dat,0
2042c01.dat,1
30367c.dat,1
004318b.dat,0
4081.dat,1
3936.dat,1
u9102p05.dat,0
6148328ai.dat,0
4095.dat,0
30273.dat,0
u9102p11.dat,0
3899p05.dat,0
24855c01.dat,1
72040.dat,1
61898cc01.dat,0
59349d05.dat,1
63144-f1.dat,0
54087.dat,0
88930pz4.dat,0
4177932.dat,1
44294.dat,0
3324c01.dat,1
3004p0d.dat,1
u9002p05.dat,0
4066bp1j.dat,0
92250p08.dat,0
3817cpbb.dat,0
3817c.dat,0
93273pt1.dat,0
973psh.dat,0
4066bp0y.dat,0
11477dyc.dat,0
95330p01.dat,0
4066bp08.dat,0
337.dat,0
19859p05.dat,0
3070bps4.dat,0
15068p01.dat,0
92198p07c01.dat,1
31623.dat,0
11295.dat,1
6148328be.dat,0
95195.dat,0
4219a.dat,0
451.dat,0
42511c07.dat,1
97782.dat,0
96488.dat,0
445.dat,1
87585.dat,0
61190b.dat,0
60478.dat,1
4162d05.dat,0
4216384.dat,0
20460bp08.dat,0
003432b.dat,0
30529.dat,0
48492.dat,0
4343c01.dat,1
973pq6.dat,0
973prl.dat,0
64178.dat,0
3004p02.dat,1
3003pe0.dat,1
323.dat,0
59349df2.dat,1
16981k02.dat,0
34.dat,1
973p1j.dat,0
6221655ae.dat,0
973p20.dat,0
6342851a.dat,0
18394p03.dat,0
3815ps5.dat,0
874.dat,1
3010pt1.dat,1
71944.dat,0
3070bp16.dat,0
14769p84.dat,0
60849.dat,0
861c01.dat,1
76795.dat,0
4526.dat,0
4864a.dat,1
64391.dat,0
44041.dat,1
26078p02.dat,0
73200bp61.dat,0
35860.dat,1
24308b.dat,0
22385p126.dat,0
4201639b.dat,0
700a.dat,1
u9578.dat,0
31110p03.dat,0
3039dy0.dat,1
22385p132.dat,0
4320c01.dat,1
25128p01c01.dat,1
3815bpy3.dat,0
3067p02.dat,1
40233.dat,0
4532.dat,1
4254.dat,0
70496.dat,0
41893.dat,0
50746.dat,0
3070bp02.dat,0
3822d05.dat,1
2625.dat,1
3070bp0s.dat,0
47511p01.dat,0
2384p08.dat,0
u8100.dat,1
973p34.dat,0
973p0n.dat,0
20.dat,1
93085p03.dat,1
973p3u.dat,0
164565d.dat,0
860.dat,1
2431dm8.dat,0
41663.dat,0
95354.dat,1
4209ap05.dat,1
24067p01.dat,0
973p2f.dat,0
645a.dat,1
u9236.dat,1
848.dat,0
u9550.dat,1
3307p00.dat,1
43712.dat,1
73200bp6g.dat,0
59231p4h.dat,0
004656a.dat,0
3816cpn2.dat,0
3069p07.dat,0
24581p01.dat,0
125c01.dat,1
30924.dat,0
73587p01.dat,0
4182p01.dat,1
3069p13.dat,0
4622303ac01.dat,0
3070bpf5.dat,0
15540.dat,1
76382pu1.dat,0
43898p01.dat,1
6259759b.dat,0
98102.dat,0
27328p04k02.dat,0
45411.dat,1
973p08.dat,0
973p3b.dat,0
73200bpa2.dat,0
73200bpcbd.dat,0
u9222.dat,0
4121723n.dat,0
4268.dat,1
47206.dat,0
3070bp0d.dat,0
2619.dat,1
41677.dat,0
92710c03.dat,1
30065.dat,1
50949.dat,1
4346p04.dat,0
40582.dat,0
22461.dat,0
747p11.dat,0
u590p02c01.dat,0
77873p01.dat,1
75539.dat,1
60169k01.dat,1
4640189c.dat,0
92247p04.dat,0
24010.dat,0
973phb.dat,0
109.dat,0
3816pbg.dat,0
68568.dat,1
4868b.dat,1
3816cpbg.dat,0
3816cpc6a.dat,0
11439p02.dat,0
92241p0bc01.dat,0
92253p02c01.dat,0
6285381h.dat,0
64420.dat,0
747p05.dat,0
004158c.dat,0
3817cpc6a.dat,0
30562ps1.dat,1
4491b.dat,1
30071.dat,1
2617d03.dat,1
6221655j.dat,0
47222ac01.dat,0
u9367c02.dat,0
3010pzl.dat,1
3010py6.dat,1
4613857c.dat,0
653.dat,1
30059.dat,0
37366pdg4.dat,0
11097.dat,1
4207712bc01.dat,0
567c06.dat,0
57895df1.dat,0
44375aps1.dat,1
3816cpb1.dat,0
820670h.dat,0
3067ap13.dat,1
14769pb0.dat,0
3816cpc67.dat,0
u9147p01.dat,0
973ph4.dat,0
121.dat,1
76382py2.dat,0
003605a.dat,0
74169.dat,0
4250285a.dat,0
48288p03.dat,0
93094.dat,0
3067ap07.dat,1
27257.dat,0
30366ps0.dat,1
92249p01.dat,0
3817cpc67.dat,0
73200bpm1.dat,0
647.dat,0
649p01.dat,0
27256.dat,0
3067ap06.dat,1
93095.dat,0
48288p02.dat,0
2924a.dat,1
76382py3.dat,0
120.dat,0
646.dat,1
794a.dat,1
73200bpm0.dat,0
30366ps1.dat,1
3010pya.dat,1
3010pzz.dat,1
u9232c02.dat,1
76019.dat,0
11096.dat,1
2817.dat,1
41879.dat,1
30058.dat,0
652.dat,1
4613857b.dat,0
3298p90.dat,1
003672b.dat,0
35646.dat,0
973ph5.dat,0
134.dat,1
14769pb1.dat,0
4620855ac01.dat,0
54654c06.dat,1
3067ap12.dat,1
820670i.dat,0
57895df0.dat,0
712ap01.dat,1
u1853p01.dat,0
3815bpu1.dat,0
302026.dat,1
820672a.dat,0
6122c01.dat,0
11439p03.dat,0
3068p101.dat,0
3404ec02.dat,1
3010py7.dat,1
3010pzm.dat,1
2362ap53.dat,1
19475-f2.dat,0
48165d01.dat,1
2617d02.dat,1
30070.dat,0
71427c01.dat,1
004158b.dat,0
747p04.dat,0
13746p02.dat,0
92247p05.dat,0
75538.dat,1
4640189b.dat,0
004159f.dat,0
747p10.dat,0
791d01.dat,0
4346p05.dat,0
195985f.dat,0
71986.dat,0
13195p01.dat,0
4282.dat,1
50948.dat,1
3816cpbf.dat,0
820673e.dat,0
3816pbf.dat,0
74140.dat,1
98384p01.dat,1
973phc.dat,0
108.dat,0
100662.dat,0
73200bpc44.dat,0
6259759c.dat,0
27328k02.dat,0
u9496p01c01.dat,0
3070bpf4.dat,0
3069p12.dat,0
26835.dat,0
6051c04.dat,1
92710c02.dat,1
2618.dat,1
95341.dat,1
3070bp0e.dat,0
47207.dat,0
7049a.dat,1
4121723o.dat,0
87745.dat,0
u8029c02.dat,0
u9223.dat,0
685.dat,0
45410.dat,1
27328p04k03.dat,0
73200bpa3.dat,0
973p3c.dat,0
973p09.dat,0
849.dat,0
87079d0e.dat,0
87751.dat,0
u9237.dat,1
87989.dat,0
691.dat,1
973p2g.dat,0
6337750a.dat,0
3298p53.dat,1
2431dm9.dat,0
11055.dat,0
3070bp1a.dat,0
30925.dat,1
54872p02.dat,1
3817cpw4.dat,0
65422-f1.dat,0
3069p06.dat,0
21828.dat,0
194225a.dat,0
73200bp6f.dat,0
43713.dat,1
87079df4.dat,0
53500.dat,0
15555.dat,0
u9551.dat,1
4533.dat,0
40232.dat,0
3067p03.dat,1
3815bpy2.dat,0
165375a.dat,0
22385p133.dat,0
73200bpc4b.dat,0
3039dy1.dat,1
245c02.dat,1
u1125.dat,1
31110p02.dat,0
53528.dat,1
170c01.dat,1
861.dat,0
973p3t.dat,0
93085p02.dat,1
u8101.dat,1
6442.dat,0
21.dat,1
973p0o.dat,0
973p35.dat,0
3070bp0r.dat,0
3822d04.dat,1
3070bp03.dat,0
71951.dat,0
50747.dat,0
4255.dat,0
32531b.dat,1
2630.dat,0
3070bp17.dat,0
3010pt0.dat,1
86210p01.dat,0
71945.dat,0
87079d03.dat,0
18394p02.dat,0
973p21.dat,0
6221655ad.dat,0
973p1k.dat,0
35.dat,1
4201639c.dat,0
22385p127.dat,0
73200bp60.dat,0
76382ptb.dat,0
64390.dat,0
4527.dat,0
003432c.dat,0
20460bp09.dat,0
4650853kc01.dat,0
4162d04.dat,0
60479.dat,1
61190c.dat,0
30527k02.dat,0
96489.dat,0
59349df3.dat,1
16981k03.dat,0
322.dat,1
3003pe1.dat,1
3004p03.dat,1
196235d.dat,0
16820c01.dat,0
64179.dat,0
92250p05c01.dat,0
973prm.dat,0
973pq7.dat,0
t1046c01.dat,1
48493.dat,0
577c02.dat,1
79896.dat,0
16497p01.dat,0
3010p76.dat,1
30528.dat,1
4794b.dat,0
47978.dat,1
31622.dat,0
3070bps5.dat,0
19859p04.dat,0
3817cpc1.dat,0
336.dat,0
60616ad03.dat,1
65273.dat,0
4066bp09.dat,0
30120p01.dat,0
11477dyb.dat,0
4066bp0x.dat,0
973psi.dat,0
3231a.dat,0
3897p01.dat,0
97783.dat,0
11244p01c01.dat,0
42511c06.dat,1
22886.dat,1
450.dat,1
4188571cc02.dat,0
6311459a.dat,0
6148328bd.dat,0
2418bp60.dat,1
30378ps1.dat,0
3899p04.dat,0
4193479.dat,1
u9102p10.dat,0
30272.dat,1
3817cp42.dat,0
6129p01.dat,0
t1053p01.dat,0
2630k01.dat,0
93273pt0.dat,0
3817b.dat,0
24309ps1.dat,0
2383.dat,1
3817cpa9.dat,0
3817cpbc.dat,0
4066bp1k.dat,0
u9002p04.dat,0
3004p0e.dat,1
004695a.dat,0
54086.dat,0
33009.dat,0
62520.dat,0
4066bp0o.dat,0
11477dyu.dat,0
1846.dat,1
6142622pc01.dat,0
38541p02.dat,0
4023c02.dat,0
24246pt0.dat,0
11477dy4.dat,0
54092.dat,1
27328p02.dat,0
4107582g.dat,0
15068p0f.dat,0
19859p0b.dat,0
3005d04.dat,1
4205436a.dat,0
2397.dat,1
u9102p04.dat,0
6148328ah.dat,0
3443ac04.dat,1
26436-f1.dat,0
3937.dat,0
6148328bs.dat,0
4080.dat,1
30367b.dat,1
3003p22.dat,1
u9021.dat,0
48336.dat,1
3704.dat,0
89648c03.dat,1
4346ps3.dat,0
3816pw1.dat,0
82359.dat,1
14769ptj.dat,0
3062.dat,1
u9107p04c01.dat,0
004416a.dat,0
3622px3.dat,1
3815bpb8.dat,0
3816cpw1.dat,0
84728.dat,0
u9150p02c01.dat,0
19179.dat,0
88112.dat,1
t1108.dat,0
u9409-f2.dat,0
14718d01.dat,1
85984pn1.dat,0
13548pz1.dat,1
160205b.dat,0
2368.dat,1
3009pt9.dat,1
66961.dat,1
4719.dat,1
168265b.dat,0
3710.dat,1
6255869b.dat,0
30299.dat,1
3815bp6v.dat,0
64991c03.dat,0
4150c07.dat,0
6142617j.dat,0
3068bdc1.dat,0
73200bpx1.dat,0
u9035.dat,1
004315d.dat,0
70695.dat,0
3738.dat,1
58119.dat,1
u9482c01.dat,1
2426.dat,0
6640.dat,0
85489a.dat,0
165355c.dat,0
6126.dat,0
77844.dat,1
2340.dat,1
004363b.dat,0
6258203fc01.dat,0
77850.dat,1
47993.dat,1
4844b.dat,1
32526p01.dat,0
47389p02.dat,0
6132.dat,0
9567.dat,0
6148328h.dat,0
15524p02.dat,0
44524.dat,0
u9009.dat,0
70681.dat,1
2432.dat,0
6255869u.dat,0
31000p1r.dat,0
385a.dat,1
4114141b.dat,0
4650852d.dat,0
3069bpk0.dat,0
3009d04.dat,1
530.dat,0
12825.dat,0
54870.dat,1
10p05.dat,1
2454dq6.dat,1
2431p12.dat,0
256.dat,1
76409.dat,1
66821-f2.dat,1
4862.dat,0
30350ap01.dat,0
4876.dat,1
38014.dat,0
3678ad28.dat,1
29119.dat,0
3660bp04.dat,1
2431p06.dat,0
35530.dat,0
4286dy1.dat,1
63965a.dat,0
90826.dat,1
242.dat,1
92198p05c05.dat,1
2436a.dat,1
3005pz2.dat,1
524.dat,0
u9182.dat,0
58086.dat,0
3068bps3.dat,0
3008p0e.dat,1
4150ps8.dat,0
3009d0b.dat,1
22702.dat,0
61189c01.dat,0
45601p01.dat,0
44336p01.dat,1
3857.dat,1
30460.dat,0
35787p01.dat,0
87748p01.dat,0
32277.dat,0
6091.dat,1
6085.dat,1
76421.dat,0
4692.dat,0
29125.dat,1
4864p66.dat,1
30225bp1.dat,1
90498d02.dat,0
3008p03.dat,1
3843.dat,0
6160a.dat,1
2585.dat,0
518.dat,0
44493.dat,0
821472a.dat,0
3007d01.dat,1
14769d01.dat,0
u9155.dat,1
23816c01.dat,0
73200pbc.dat,0
73200pa9.dat,0
3005pto.dat,1
3297p02.dat,1
6124787c.dat,0
191965a.dat,0
2208.dat,0
u586p03c03.dat,0
3069bp1b.dat,0
3069bp28.dat,0
295.dat,0
32288.dat,1
73200p42.dat,0
195475a.dat,0
2586p4g.dat,0
13252.dat,1
281.dat,0
73590b.dat,0
4615865e.dat,0
88072.dat,1
t1068.dat,0
15623.dat,1
6288456b.dat,0
6239d04.dat,0
168335n.dat,0
3069bp0f.dat,0
3664.dat,0
25893a.dat,1
u9141.dat,0
3005pvp.dat,1
169675c.dat,0
6279911f.dat,0
72631c02.dat,1
20461p07.dat,0
3005pv1.dat,1
31bc01.dat,1
16000p01.dat,0
38799.dat,1
3894.dat,1
87079p50.dat,0
2552.dat,1
3005ptx.dat,1
u9169.dat,0
74587.dat,0
54657.dat,1
45982.dat,0
12602.dat,1
3005pt9.dat,1
3005pwc.dat,1
6052.dat,0
29c.dat,1
t1040.dat,0
90615.dat,0
84637c05.dat,0
3815csk.dat,0
3069bp14.dat,0
6283148c.dat,0
3069bp0q.dat,0
6180d01.dat,1
4589552a.dat,0
3068p52.dat,0
2580c01.dat,1
3069bp00.dat,0
49612.dat,1
6046.dat,0
3135c02.dat,1
99143.dat,0
62497.dat,0
972pa2.dat,0
43459.dat,0
4125165b.dat,0
44336.dat,1
t1054.dat,0
64780.dat,0
73200pc1.dat,0
93220p02.dat,0
42021.dat,1
76384.dat,1
4151b.dat,1
2546.dat,0
19001p01.dat,1
191895f.dat,0
65111.dat,0
3010d0k.dat,1
3044p37.dat,0
u9394.dat,0
98138p08.dat,0
3626bp4m.dat,1
732.dat,0
98138p0y.dat,0
44861.dat,1
4070d04.dat,1
30138.dat,0
98388p01.dat,0
6309p0m.dat,0
2977.dat,0
48083.dat,0
3069bps6.dat,0
85984d0d.dat,0
6258203m.dat,0
6196575p.dat,0
49588p04.dat,0
26603p07.dat,0
6142617ad.dat,0
98138p2f.dat,0
55978.dat,0
162275a.dat,0
3626bp63.dat,1
6005724h2.dat,0
3005-c.dat,1
374p03.dat,1
6636p0j.dat,0
99396.dat,0
t1022k01.dat,0
3626bpaq.dat,1
27ac01.dat,1
98088.dat,0
32075.dat,0
32533p646.dat,0
3846p4l.dat,0
3890c01.dat,1
30104.dat,1
light.dat,0
2793.dat,0
6309p0z.dat,0
6023183a.dat,0
u589p02c03.dat,0
85984d02.dat,0
98138p34.dat,0
98138p0n.dat,0
787c03.dat,1
3626bp7a.dat,1
26603p0a.dat,0
98138p1j.dat,0
98138p20.dat,0
98138p2q.dat,0
30110.dat,1
45706p01c01.dat,1
2698p06.dat,0
6296256h.dat,0
6196575g.dat,0
u9371d01.dat,0
47398.dat,1
4111899e.dat,0
78168.dat,1
40391.dat,0
4497946.dat,0
92243p01c01.dat,0
4490.dat,1
25561c01.dat,0
48915.dat,0
4182p02d01.dat,1
74982b.dat,0
4119350.dat,1
3005-5.dat,1
73983.dat,1
814c02-f2.dat,0
3005-t.dat,1
64227.dat,1
14918.dat,1
20308p03.dat,0
32061.dat,0
15435.dat,0
u9431.dat,0
6053c01.dat,1
3068bp0c.dat,0
3314.dat,0
003238a.dat,0
54200d03.dat,0
71819.dat,0
3068bpfs.dat,0
18677.dat,1
3068bpf2.dat,0
6142622s.dat,0
6005724d1.dat,0
88516.dat,0
u9343.dat,1
28978.dat,0
6074343fc01.dat,0
3039p23.dat,1
58247.dat,0
93888.dat,1
18663.dat,1
3068bpg6.dat,0
93089p02.dat,0
20844c01.dat,1
6005724m.dat,0
67718p01.dat,0
2335ps1.dat,0
3300.dat,0
4106331d.dat,0
309p03.dat,1
87079pz5.dat,0
4298609.dat,0
3023pb0.dat,1
190765a.dat,0
949bc02.dat,1
3068bp05.dat,0
195835e.dat,0
50950dy4.dat,0
4447.dat,1
4620859f.dat,0
379523.dat,1
770p4c.dat,0
22385p047.dat,0
3350p05.dat,0
6142622d.dat,0
2431ps0.dat,0
6536.dat,0
2552p06.dat,1
3626bp88.dat,1
915.dat,1
87544d01.dat,1
50955p02.dat,1
3068bpfd.dat,0
28944.dat,0
4335.dat,0
4181d02.dat,1
190155b.dat,0
2744.dat,1
501a.dat,1
6522.dat,0
6069p101.dat,1
4694c01-f3.dat,1
96714.dat,0
2358p02.dat,1
3960pb9.dat,1
4145p01c01.dat,0
87619.dat,1
u9419.dat,0
u9490c01.dat,0
50231c01.dat,0
4613908a.dat,0
61678d04.dat,0
22385p053.dat,0
42545.dat,0
13710lc01.dat,0
192685c.dat,0
3068bp11.dat,0
87079pzc.dat,0
4620858b.dat,0
3068bpff.dat,0
18649.dat,1
4494pw2.dat,0
6451314bc01.dat,0
3039p09.dat,1
4323.dat,1
23807.dat,0
2552p04.dat,1
42235.dat,0
6142622f.dat,0
36069bp01.dat,0
6252.dat,1
3350p07.dat,0
22385p045.dat,0
50950dy6.dat,0
4620859d.dat,0
4445.dat,1
40344.dat,1
6133216ic01.dat,0
3068bp07.dat,0
190765c.dat,0
76382pdg1.dat,0
17018p01.dat,0
87079pza.dat,0
3068bp13.dat,0
192685a.dat,0
21019px1.dat,0
61678d06.dat,0
6061671b.dat,0
44136.dat,0
4613908c.dat,0
825a.dat,1
42114c02.dat,1
15379.dat,0
4694c01-f1.dat,1
3068bpgb.dat,0
501c.dat,1
6170752b.dat,0
10201.dat,1
4181d00.dat,1
28946.dat,0
4337.dat,0
u9355.dat,1
6142622q.dat,0
3626bp8l.dat,1
28145p02.dat,0
18675.dat,0
3068bpf0.dat,0
3846pm0.dat,0
69729p00.dat,0
26074p01.dat,1
3068bpfq.dat,0
3470.dat,0
4479.dat,1
54200d01.dat,0
003238c.dat,0
87079pxi.dat,0
48724.dat,0
191945a.dat,0
4150p30.dat,0
168225d.dat,0
40378.dat,0
3068bp0a.dat,0
55013.dat,0
6053c03.dat,1
u9433.dat,0
4160108.dat,1
6191p01.dat,0
15423.dat,0
309p01.dat,1
87079pz7.dat,0
4654778b.dat,0
4106331f.dat,0
2335ps3.dat,0
3068bpg4.dat,0
76100c01.dat,0
73037d01.dat,1
3464.dat,0
u9341.dat,1
28896c01.dat,0
2869c02.dat,1
794ap02.dat,1
3818pda2.dat,0
787c01.dat,1
3626bp49.dat,1
3626bp7c.dat,1
98138p0l.dat,0
98138p36.dat,0
26056px0.dat,0
4515p02.dat,0
u589p02c01.dat,0
6309p09.dat,0
2547ac01.dat,0
2791.dat,0
30106.dat,0
3890c03.dat,1
6309p0x.dat,0
21019bpckc.dat,0
3846p4n.dat,0
2683c01.dat,1
4486.dat,0
30104k02.dat,0
32077.dat,0
4613905d.dat,0
2336p68.dat,1
3626bpa2.dat,1
42590.dat,0
32063.dat,0
20308p01.dat,0
3005-v.dat,1
64225.dat,0
34412.dat,0
3005-7.dat,1
99380.dat,0
48917.dat,0
4492.dat,0
92245p02.dat,0
6196575e.dat,0
4111899g.dat,0
2698p04.dat,0
6296256j.dat,0
6234010m.dat,0
98138p22.dat,0
98138p1h.dat,0
47224c02.dat,0
25279.dat,0
83496.dat,1
3069bps4.dat,0
42862d01.dat,1
98388p03.dat,0
2975.dat,0
160395a.dat,0
92198p15c02.dat,1
15392.dat,0
u9396.dat,0
53075p01.dat,1
87994p01.dat,0
3087cc01.dat,1
4613906h.dat,0
3626bpad.dat,1
24629.dat,0
76609.dat,0
11264p01.dat,0
69729.dat,0
3846p48.dat,0
70278.dat,0
191895d.dat,0
67704.dat,0
3846p4y.dat,0
85959.dat,0
t1096p01.dat,0
30648.dat,0
3067b.dat,1
2453bdx0.dat,1
6636p0h.dat,0
374p01.dat,1
30516c01.dat,1
80835.dat,1
425p01.dat,1
973p101.dat,0
33341.dat,1
3005-a.dat,1
3626bp61.dat,1
3245cpz9.dat,1
162275c.dat,0
11435p01.dat,0
u9382.dat,0
90398.dat,0
98138p2d.dat,0
3194p02.dat,1
26603p05.dat,0
32739.dat,1
t43219.dat,0
2996c01.dat,0
3817bp3j.dat,0
4187750.dat,1
6196575r.dat,0
46537.dat,0
3069bp16.dat,0
84637c07.dat,0
90617.dat,0
73200p4f.dat,0
t1042.dat,0
29a.dat,1
6050.dat,1
u9559c01.dat,0
190315a.dat,0
54655.dat,0
64796.dat,0
3005ptz.dat,1
95341p02.dat,1
4121.dat,0
40620.dat,0
28588.dat,0
2550.dat,0
3896.dat,0
16000p03.dat,0
25128p04.dat,1
39367p02.dat,0
2544.dat,0
59365.dat,0
30640c02.dat,0
51739.dat,1
973pc44.dat,0
3005pve.dat,1
42023.dat,1
64782.dat,0
t1056.dat,0
99141.dat,0
4289538.dat,0
6044.dat,1
3069bp02.dat,0
3069bp0s.dat,0
3068p50.dat,0
4589552c.dat,0
73200p40.dat,0
407924.dat,1
297.dat,0
u586p03c01.dat,0
30186p01.dat,0
3298d02.dat,1
26599.dat,1
6124787a.dat,0
25126p01.dat,1
37494.dat,0
3005ptm.dat,1
973pde1.dat,0
73200pba.dat,0
97622.dat,0
u9157.dat,0
972p63.dat,0
33268c01.dat,1
973pc4b.dat,0
16360p01.dat,0
501ac01.dat,1
3297p14.dat,1
u9383-f2.dat,0
3005pv3.dat,1
20461p05.dat,0
4599b.dat,1
60481ap01.dat,1
6279911d.dat,0
169675a.dat,0
u9143.dat,0
3005pvr.dat,1
30367aps2.dat,1
30231p01.dat,1
3666.dat,1
2578.dat,1
003428b.dat,0
3069bpf5.dat,0
3069bp0d.dat,0
30489.dat,1
168335l.dat,0
6283148v.dat,0
20842.dat,1
74650c02.dat,1
44308.dat,0
u9625.dat,1
98263.dat,1
32064d.dat,1
4584252a.dat,0
4615865g.dat,0
55205.dat,1
2557c01.dat,1
604b.dat,1
u9140p01c02.dat,0
47198p02.dat,0
268.dat,0
6093.dat,0
64033.dat,0
98288.dat,1
3068p87.dat,0
600880p01.dat,0
87748p03.dat,0
6245p01.dat,1
30462.dat,0
4449-f1d01.dat,0
2593.dat,0
30304.dat,0
2335p05.dat,0
44336p03.dat,1
22020-f1.dat,0
3855.dat,0
70720.dat,0
4620859dc01.dat,0
822dc01.dat,0
99385c01.dat,0
10p0a.dat,1
54696.dat,0
35014c01.dat,1
14769d03.dat,0
3007d03.dat,1
821472c.dat,0
15068dyn.dat,0
770pw1.dat,0
3228ac02.dat,0
2362ad02.dat,1
2587.dat,0
3841.dat,0
3008p01.dat,1
47198.dat,0
u592p01c04.dat,0
u8004b.dat,1
4616992.dat,1
618843.dat,1
6087.dat,1
3040bd01.dat,1
56903.dat,0
20460bpd87.dat,0
4860.dat,1
2454dq4.dat,1
32249.dat,0
10p07.dat,1
54872.dat,1
98393b.dat,0
23422.dat,0
3009d06.dat,1
30338.dat,0
4650852f.dat,0
58090.dat,0
4650853b.dat,0
3068bps1.dat,0
32495c01.dat,0
20461bpd87.dat,0
u9180.dat,1
14295c01.dat,0
15068dy8.dat,0
3005pz0.dat,1
526.dat,0
240.dat,1
2431p04.dat,0
4874.dat,1
4733.dat,1
29084.dat,1
2342.dat,1
3815bpaw.dat,0
3678bpk0.dat,1
25866.dat,0
u9440p01.dat,0
6124.dat,0
165355a.dat,0
6014c02.dat,0
99021.dat,0
4296207h.dat,0
75937.dat,1
2440p04.dat,0
98459.dat,0
6642.dat,0
u9106p02c01.dat,0
2424.dat,1
60484.dat,0
6255869w.dat,0
10177.dat,0
4215ap08.dat,1
2430.dat,1
3137c05.dat,1
4041.dat,1
u9393p02.dat,0
6636dm1.dat,0
6148328j.dat,0
6130.dat,0
370101.dat,1
4727.dat,1
t1095k01p01.dat,0
3048.dat,0
47991.dat,1
2356.dat,1
66787.dat,0
45176.dat,0
6118.dat,0
41879b.dat,1
66821k05.dat,0
194065b.dat,0
3816cpw3.dat,0
48452.dat,0
u9150p02c03.dat,0
u9107p04c03.dat,0
14769pth.dat,0
3622px1.dat,1
3817cpn4.dat,0
3816pw3.dat,0
28884c01.dat,0
4346ps1.dat,0
17630.dat,0
2418.dat,1
3706.dat,0
11241.dat,1
89648c01.dat,1
6142617nc01.dat,0
2791a.dat,0
53184-f2.dat,0
u9023.dat,1
10509p02.dat,1
32498.dat,0
32004b.dat,0
u586p01c04.dat,0
306901.dat,0
45610.dat,0
u9037.dat,0
73200bpx3.dat,0
6228a.dat,1
4215a.dat,1
6142617h.dat,0
64991c01.dat,0
4221407b.dat,0
30259a.dat,0
3712.dat,0
58133.dat,0
11255.dat,0
u592p01.dat,0
u9204c01.dat,1
5405.dat,0
6083p01.dat,1
99009.dat,0
98089p04.dat,0
35485.dat,0
973pr9.dat,0
004695c.dat,0
4066bp1i.dat,0
3004p0g.dat,1
53933.dat,1
302226.dat,1
3817cpba.dat,0
30516.dat,0
3817cpaz.dat,0
2630k03.dat,0
t1053p03.dat,0
3817cp40.dat,0
u9102p12.dat,0
24855c02.dat,0
99784.dat,1
59349d06.dat,1
92251p03c01.dat,0
30378ps3.dat,0
63144-f2.dat,0
3003p20.dat,1
76382p5n.dat,0
6551a.dat,0
99948.dat,0
2042c02.dat,1
20380p02c01.dat,0
3840p01.dat,0
4082.dat,1
004318a.dat,0
3935.dat,1
6148328aj.dat,0
u9102p06.dat,0
30264.dat,0
2395.dat,0
3005d06.dat,1
15068p0d.dat,0
2426c01.dat,1
4107582e.dat,0
54090.dat,1
11477dy6.dat,0
30075p02.dat,1
4066bp0m.dat,0
11477dyw.dat,0
308.dat,0
33b.dat,1
3010p74.dat,1
16497p03.dat,0
4343c02.dat,1
973pq5.dat,0
973pro.dat,0
3004p01.dat,1
3003pe3.dat,1
16981k01.dat,0
59349df1.dat,1
22890.dat,1
446.dat,1
3003p08.dat,1
35334.dat,0
61190a.dat,0
77107.dat,0
3817cp4f.dat,0
003432a.dat,0
30258.dat,0
6148328bf.dat,0
4219b.dat,0
42511c04.dat,1
97781.dat,0
3626cp09.dat,1
973psk.dat,0
4066bp0z.dat,0
35446.dat,1
60616ad01.dat,1
334.dat,0
85984pc4.dat,0
33037.dat,1
19859p06.dat,0
15068p02.dat,0
3070bps7.dat,0
95828.dat,0
4620860i.dat,0
41890.dat,0
50745.dat,1
70495.dat,1
4257.dat,0
3070bp01.dat,0
71953.dat,0
2626.dat,1
10361.dat,0
3070bp0p.dat,0
92410.dat,1
973p37.dat,0
973p0m.dat,0
u8103.dat,1
973p3v.dat,0
700b.dat,1
22385p131.dat,0
4215bp71.dat,1
65098.dat,0
4320c02.dat,1
3815bpy0.dat,0
3067p01.dat,1
4544258d.dat,0
4531.dat,0
861c02.dat,0
4864b.dat,1
90370p05.dat,0
44042.dat,1
64392.dat,0
26078p01.dat,0
24308a.dat,0
22385p125.dat,0
973pg8.dat,0
973pdb.dat,0
73200bp62.dat,0
4201639a.dat,0
73200bpde3.dat,0
6342851b.dat,0
37.dat,0
6221655af.dat,0
973p1i.dat,0
973p23.dat,0
99551.dat,0
93606dyb.dat,0
u9209.dat,0
877.dat,1
3070bp15.dat,0
71947.dat,0
3010pt2.dat,1
18729.dat,1
973p3a.dat,0
87747.dat,0
4121723m.dat,0
u9221.dat,0
7049c.dat,1
47205.dat,0
3504.dat,0
3070bp0g.dat,0
95343.dat,0
5175.dat,1
3664p09.dat,0
4182p02.dat,1
6055874bc01.dat,0
3262.dat,1
3070bpf6.dat,0
43898p02.dat,1
24946.dat,0
u9547.dat,0
6259759a.dat,0
55167.dat,1
3626cpsi.dat,1
15557.dat,0
u9553.dat,0
43711.dat,1
22385p119.dat,0
194225c.dat,0
99148p01.dat,0
45360.dat,0
4519.dat,0
u9142p02c04.dat,0
73587p02.dat,0
24309p05.dat,0
3070bp1c.dat,0
30099.dat,1
92438.dat,1
45406.dat,1
645b.dat,1
24067p02.dat,0
973p2e.dat,0
93606dy4.dat,0
55615.dat,0
6133216ec01.dat,0
87079d0g.dat,0
u9235.dat,0
747p06.dat,0
4491a.dat,1
678.dat,0
4865p18.dat,0
30072.dat,1
u9367c01.dat,0
71748.dat,0
54923c02d01.dat,1
3010pzo.dat,1
18926.dat,1
3010py5.dat,1
11439p01.dat,0
820672c.dat,0
3816pc44.dat,0
973pha.dat,0
43936.dat,1
3816pbd.dat,0
4868a.dat,1
820673g.dat,0
3816cpbd.dat,0
4506697.dat,0
195985d.dat,0
26604.dat,1
87998p01.dat,0
004159d.dat,0
u590p02c02.dat,0
92247p07.dat,0
60169k02.dat,0
4480c04.dat,1
u9232c00.dat,1
3010pzx.dat,1
3645p04.dat,1
3010pyc.dat,1
3010pz9.dat,1
92249p02.dat,0
12589.dat,0
73200bpm2.dat,0
644.dat,1
73200bp89.dat,0
122.dat,1
65067.dat,1
15580.dat,0
76382py1.dat,0
003605b.dat,0
4250285b.dat,0
3067ap04.dat,1
27254.dat,0
567c05.dat,0
820673p.dat,0
93083.dat,1
44375aps2.dat,1
3067ap10.dat,1
54654c04.dat,1
14769pb3.dat,0
973ph7.dat,0
u9147p02.dat,0
6259665h.dat,0
90498pb0.dat,0
60601d01.dat,0
23998.dat,1
888.dat,0
650.dat,1
34993c01.dat,1
2815.dat,0
11094.dat,0
39739p01.dat,0
76382px4.dat,0
90498pb1.dat,0
u9147p03.dat,0
6259665i.dat,0
973ph6.dat,0
76768.dat,1
14769pb2.dat,0
820670j.dat,0
3067ap11.dat,1
6372023ec01.dat,0
54654c05.dat,1
44375aps3.dat,1
567c04.dat,0
2814.dat,0
28614.dat,0
4613857a.dat,0
3069bdn0.dat,0
889.dat,0
003672a.dat,0
23999.dat,1
645.dat,1
65700.dat,1
73162.dat,0
32296p01.dat,0
60797c04.dat,1
12588.dat,0
92252p04c01.dat,0
30366ps2.dat,1
101777p01.dat,0
3010pz8.dat,1
3010pyb.dat,1
3010pzy.dat,1
u9232c01.dat,1
4480c05.dat,1
649p02.dat,0
27255.dat,1
61200.dat,0
3067ap05.dat,1
48288p01.dat,0
93096.dat,1
2924b.dat,1
32021p01.dat,1
63417.dat,1
003605c.dat,0
65066.dat,0
123.dat,0
3816cpbe.dat,0
9326p68.dat,0
3816pbe.dat,0
32116.dat,0
4640189a.dat,0
92247p06.dat,0
13746p01.dat,0
004159e.dat,0
22463.dat,0
165495d.dat,0
791d02.dat,0
195985e.dat,0
60644.dat,0
3010py4.dat,1
18927.dat,0
3010pzn.dat,1
19475-f1.dat,0
41852.dat,0
6221655h.dat,0
30073.dat,1
679.dat,1
23769.dat,0
004158a.dat,0
64422.dat,1
747p07.dat,0
32283c01.dat,1
4497614c.dat,0
92241p12c01.dat,0
u1853p02.dat,0
820672b.dat,0
6122c02.dat,0
3404ec01.dat,1
6070d50.dat,1
73587p03.dat,0
54872p01.dat,1
4518.dat,0
47576.dat,0
65422-f2.dat,0
3069p05.dat,0
45361.dat,1
194225b.dat,0
22385p118.dat,0
55172.dat,1
43710.dat,1
u9552.dat,1
15556.dat,1
u9234.dat,1
87752.dat,0
93606dy5.dat,0
692.dat,1
645c.dat,1
45407.dat,1
6337750b.dat,0
69730c01.dat,0
973p2d.dat,0
24067p03.dat,0
3816cp8a.dat,0
3070bp1b.dat,0
24309p04.dat,0
3664p08.dat,0
95342.dat,0
92710c01.dat,1
3822d0a.dat,1
3505.dat,0
3070bp0f.dat,0
7049b.dat,1
47204.dat,0
u9220.dat,0
u8029c01.dat,0
4121723l.dat,0
3626cpsh.dat,1
98100.dat,1
u9546.dat,0
24947.dat,0
u9496p01c02.dat,0
27328k01.dat,0
93055.dat,0
4182p03.dat,1
73200bp63.dat,0
973pg9.dat,0
22385p124.dat,0
64393.dat,0
4524.dat,0
90370p04.dat,0
88618p01c01.dat,1
3067p14.dat,1
57759.dat,0
76797.dat,0
32531a.dat,1
71946.dat,0
3010pt3.dat,1
3070bp14.dat,0
u9208.dat,0
18394p01.dat,0
99550.dat,0
93606dyc.dat,0
6342851c.dat,0
973p22.dat,0
973p1h.dat,0
6221655ag.dat,0
36.dat,0
973p3w.dat,0
80015.dat,1
93085p01.dat,1
22.dat,1
973p0l.dat,0
973p36.dat,0
u8102.dat,1
92411.dat,1
3070bp0q.dat,0
3822d07.dat,1
2627.dat,1
71952.dat,0
3070bp00.dat,0
93069.dat,0
4530.dat,0
6133216i.dat,0
4544258e.dat,0
3815bpy1.dat,0
4320c03.dat,1
4215bp70.dat,1
22385p130.dat,0
31110p01.dat,0
u1126.dat,1
245c01.dat,1
7039.dat,1
3626cp08.dat,1
u9574-f1.dat,0
42511c05.dat,1
4188571cc01.dat,0
24782p01.dat,0
22885.dat,1
453.dat,1
6148328bg.dat,0
6311459b.dat,0
30259.dat,0
11297.dat,0
4620860h.dat,0
95829.dat,0
3070bps6.dat,0
15068p03.dat,0
19859p07.dat,0
33036.dat,1
335.dat,0
30120p02.dat,0
42061d01.dat,1
3231b.dat,0
973psj.dat,0
11477dya.dat,0
321.dat,0
4288960.dat,0
59349df0.dat,1
3003pe2.dat,1
30161pa1.dat,0
973prn.dat,0
3189d01.dat,1
973pq4.dat,0
16497p02.dat,0
48490.dat,1
577c01.dat,1
3010p75.dat,1
004690ac01.dat,0
4794a.dat,0
2456dq0.dat,1
3815bp8i.dat,0
25126.dat,1
30527k01.dat,0
99961.dat,0
447.dat,1
3003p09.dat,1
6148328ak.dat,0
u9102p07.dat,0
3934.dat,1
26436-f2.dat,0
4083.dat,1
30367a.dat,1
2042c03.dat,1
64634.dat,1
76382p65.dat,0
3003p21.dat,1
42195.dat,0
33c.dat,1
309.dat,1
11477dyv.dat,0
4066bp0l.dat,0
38541p01.dat,0
54091.dat,1
11477dy7.dat,0
4023c01.dat,0
4107582d.dat,0
27328p01.dat,0
15068p0e.dat,0
3005d07.dat,1
30503.dat,1
19859p0a.dat,0
2630k02.dat,0
93273pt3.dat,0
46481.dat,1
30517.dat,1
62537.dat,0
4066bp1h.dat,0
973pry.dat,0
004695b.dat,0
973pr8.dat,0
30378ps2.dat,0
59349d07.dat,1
3899p07.dat,0
30271.dat,1
4506480.dat,0
u9102p13.dat,0
3817cp41.dat,0
67329.dat,1
t1053p02.dat,0
29096ps0.dat,1
6255869a.dat,0
3713.dat,0
58132.dat,1
168265a.dat,0
3815bp6u.dat,0
6142617i.dat,0
54708.dat,0
34412p01.dat,0
u9036.dat,1
73200bpx2.dat,0
99008.dat,0
160205a.dat,0
93087-f1.dat,0
3816pw2.dat,0
u9107p04c02.dat,0
004416b.dat,0
14769pti.dat,0
u9150p02c02.dat,0
3816cpw2.dat,0
194065c.dat,0
66821k04.dat,0
u9409-f1.dat,0
98302.dat,1
6119.dat,0
32057c01.dat,0
87544.dat,1
u9022.dat,0
3707.dat,0
60638p03.dat,1
2419.dat,1
3004pk0.dat,1
6636dm0.dat,0
15524p01.dat,0
54734.dat,1
u9393p03.dat,0
3137c04.dat,1
4215ap09.dat,1
2431.dat,0
6255869v.dat,0
2357.dat,1
47990.dat,1
3049.dat,0
4844a.dat,1
50947p01.dat,0
47389p01.dat,0
6131.dat,0
6014c03.dat,0
55358.dat,1
85489b.dat,0
6125.dat,0
66792.dat,1
2343.dat,0
29085.dat,0
4732.dat,1
004363a.dat,0
60485.dat,0
2425.dat,1
6643.dat,0
87578.dat,0
527.dat,0
3005pz1.dat,1
10049p01.dat,0
2436b.dat,1
u9181.dat,0
73200.dat,0
3068bps0.dat,0
26913c01.dat,1
4650853c.dat,0
3008p0f.dat,1
4875.dat,0
4215p66.dat,1
20460bpd92.dat,0
2431p05.dat,0
35533.dat,1
65304.dat,0
241.dat,0
32248.dat,0
2431p11.dat,0
2454dq5.dat,1
41747ps1.dat,1
66821-f1.dat,1
4861.dat,1
85582.dat,0
56902.dat,0
117p47.dat,0
4650852g.dat,0
3855bd01.dat,0
4114141a.dat,0
30339.dat,0
3009d07.dat,1
54873.dat,0
98393c.dat,0
3009d0v.dat,1
20461bpd92.dat,0
10p06.dat,1
3819p01.dat,0
47199.dat,0
3840.dat,0
2586.dat,0
6160b.dat,0
302421.dat,1
88930.dat,0
2362ad03.dat,1
821472b.dat,0
32506.dat,0
2431p0c.dat,0
6554c01.dat,0
6362614a.dat,0
6086.dat,0
32026c01.dat,1
30477.dat,1
u8004c.dat,1
4691.dat,1
30463.dat,1
87748p02.dat,0
11202p02c01.dat,0
32274.dat,0
6092.dat,1
269.dat,0
47198p03.dat,0
3009d0a.dat,1
3430c01-f1.dat,1
4650852p.dat,0
3854.dat,0
2335p04.dat,0
45601p02.dat,0
44336p02.dat,1
64417c01.dat,1
51704.dat,0
2579.dat,1
3069bpf4.dat,0
003428c.dat,0
64779p01c01.dat,1
3001ph0.dat,1
4108.dat,0
15428p01.dat,0
u9142.dat,0
72631c01.dat,1
6279911e.dat,0
20461p04.dat,0
3005pv2.dat,1
81055.dat,0
3297p15.dat,1
u9140p01c03.dat,0
6079.dat,1
13251.dat,0
2586p4d.dat,0
4615865f.dat,0
98262.dat,1
73590a.dat,0
u9624.dat,1
44309.dat,0
74650c03.dat,1
6288456a.dat,0
168335m.dat,0
3069bp0e.dat,0
87079pb0.dat,0
6029a.dat,0
3069bp1a.dat,0
43748p01.dat,0
33195.dat,1
296.dat,1
195475b.dat,0
73200p41.dat,0
23816c02.dat,0
3005ptl.dat,1
3297p01.dat,1
3673.dat,0
93220p01.dat,0
42022.dat,1
3005pvd.dat,1
973pdg8.dat,0
2986a.dat,0
4151a.dat,1
2545.dat,0
786pt3.dat,0
25128p05.dat,1
50340.dat,1
3068p51.dat,0
4589552b.dat,0
6180d02.dat,1
3069bp0r.dat,0
3069bp03.dat,0
37316c01.dat,0
973pcbd.dat,0
3135c01.dat,1
t1057.dat,0
4125165a.dat,0
6051.dat,1
821409c.dat,0
90616.dat,0
t1043.dat,0
u8009d.dat,1
84637c06.dat,0
61189.dat,0
3069bp17.dat,0
3897.dat,0
16000p02.dat,0
2551.dat,1
95341p03.dat,1
65489.dat,0
33340.dat,1
80834.dat,0
73764.dat,1
6636p0i.dat,0
6196575s.dat,0
6258203n.dat,0
61406.dat,1
54092p01c01.dat,1
4449d02-f1.dat,0
26603p04.dat,0
3194p03.dat,1
98138p2e.dat,0
162275b.dat,0
3245cpz8.dat,1
81294.dat,0
6005724h1.dat,0
u9397.dat,0
4107623.dat,0
98138p0z.dat,0
731.dat,0
2974.dat,0
6309p0n.dat,0
98388p02.dat,0
3069bps5.dat,0
3846p4x.dat,0
21019pckc.dat,0
191895e.dat,0
2528p30.dat,0
76608.dat,0
6255869lc01.dat,0
92245p03.dat,0
40392.dat,0
85970.dat,1
4493.dat,1
21778.dat,0
74982a.dat,0
4182p02d02.dat,1
814c02-f1.dat,0
3005-w.dat,1
32062.dat,0
87576c01.dat,1
98138p1i.dat,0
98138p23.dat,0
3626bp6f.dat,1
98138p2r.dat,0
6296256k.dat,0
30113.dat,0
2698p05.dat,0
69066.dat,0
20300.dat,0
4111899f.dat,0
6196575d.dat,0
470p01.dat,0
6309p0y.dat,0
3890c02.dat,1
2790.dat,0
4760c01.dat,1
6309p08.dat,0
4515p03.dat,0
18853.dat,0
85984d01.dat,0
98138p0m.dat,0
3626bp7b.dat,1
3626bp48.dat,1
43857.dat,0
3626bpa3.dat,1
32076.dat,0
3626bpar.dat,1
40386.dat,0
3846p4o.dat,0
6005724n.dat,0
93089p01.dat,0
4106331g.dat,0
2335ps2.dat,0
87079pz6.dat,0
21787.dat,0
37308c01.dat,0
24199.dat,1
6005724d2.dat,0
u9340.dat,0
3465.dat,0
3068bpg5.dat,0
3471.dat,0
3068bpfp.dat,0
3039p34.dat,1
69729p01.dat,0
3068bpf1.dat,0
18674.dat,1
28145p03.dat,0
u9393p01c01.dat,0
3626bp8m.dat,1
6142622p.dat,0
u9354.dat,0
65143c01.dat,0
u9432.dat,0
15436.dat,1
199027d.dat,0
6053c02.dat,1
32089.dat,0
3815chb.dat,0
3317.dat,1
40379.dat,0
11650.dat,1
87079pxh.dat,0
4478.dat,1
003238b.dat,0
4613908b.dat,0
50231c02.dat,0
44137.dat,0
62696.dat,0
22385p050.dat,0
6247.dat,0
241901.dat,1
21019px0.dat,0
3068bp12.dat,0
2873d01.dat,0
4620858a.dat,0
u8025c01.dat,0
4336.dat,1
190155a.dat,0
4181d01.dat,1
6170752c.dat,0
501b.dat,1
3068bpgc.dat,0
6521.dat,0
2358p01.dat,1
2528a.dat,0
902.dat,0
6142622g.dat,0
2431ps3.dat,0
42234.dat,0
2552p05.dat,1
916.dat,0
93230p04.dat,0
u9368.dat,0
98127pd7f.dat,0
3039p08.dat,1
87544d02.dat,1
50955p01.dat,1
3068bpfg.dat,0
190765b.dat,0
3068bp06.dat,0
949bc01.dat,1
40345.dat,1
4444.dat,1
4620859e.dat,0
2345p44.dat,1
22385p044.dat,0
43894.dat,0
3350p06.dat,0
6253.dat,0
3626bpm0.dat,1
2708.dat,0
41766.dat,1
16709p0j.dat,1
47203p01.dat,0
21019bpdg6.dat,0
4707c02.dat,1
19206p03.dat,0
63864pz1.dat,0
3069bpzk.dat,0
3069bpy1.dat,0
6041468a.dat,0
4215ad01.dat,1
u9333.dat,1
89678.dat,1
13746.dat,0
004630b.dat,0
6005724c1.dat,0
795.dat,0
42509.dat,0
6208.dat,1
3024p02.dat,1
2513p02.dat,1
24854.dat,0
3960p0d.dat,1
195075a.dat,0
3596d04.dat,0
3039pcb.dat,1
3482c03.dat,0
95674p02.dat,0
4533401e.dat,0
92258.dat,0
87857pk4.dat,0
3596d10.dat,0
6142275s.dat,0
971p4f.dat,0
6138629a.dat,0
41014.dat,0
3068bp7c.dat,0
10305p01.dat,0
169625c.dat,0
80648.dat,1
98138pn0.dat,0
4622303i.dat,0
98138p8a.dat,0
u9327.dat,1
3818pdg4.dat,0
60616b.dat,1
u8039.dat,0
781.dat,1
20398.dat,0
3068bpa2.dat,0
49656p01.dat,0
4159998a.dat,0
3069bpx5.dat,0
11145.dat,0
777p14.dat,0
26288c01-f1.dat,0
u587p01c01.dat,0
25866p03.dat,0
971.dat,0
4215ad0g.dat,1
49743c01.dat,1
52040.dat,1
u8011.dat,1
6552.dat,0
2484c01.dat,1
4345.dat,1
6115204d.dat,0
3039pc4.dat,1
3068bp61.dat,0
22385p023.dat,0
6234.dat,0
822c.dat,0
3960p02.dat,1
u9469.dat,0
80674.dat,0
3358.dat,1
4437.dat,0
3298dy1.dat,1
3068bp75.dat,0
813c02-f2.dat,1
56554.dat,0
6142275d.dat,0
2046.dat,1
3626cpd61.dat,1
4351.dat,1
16616.dat,0
28920.dat,0
3069bpxc.dat,0
965.dat,1
164575a.dat,0
766b.dat,0
98138p87.dat,0
2431pt0.dat,0
3818pdgb.dat,0
89650.dat,0
6546.dat,0
3840d08.dat,0
4162p1m.dat,0
24129.dat,0
13785.dat,0
756.dat,0
6005724o2.dat,0
3005pe4.dat,1
73071.dat,0
87696.dat,0
2913.dat,0
78124.dat,0
92198p01c11.dat,1
3815cbf.dat,0
6318649c.dat,0
83396.dat,0
u9496.dat,0
52901.dat,0
35756.dat,0
u9482.dat,1
90498.dat,0
98138pb3.dat,0
32039.dat,0
30370ps1.dat,0
3004d0n.dat,1
6036369a.dat,0
46534pb1.dat,0
2907.dat,0
41969.dat,0
3650c.dat,0
3069bpt6.dat,0
u9111c01.dat,0
11186.dat,0
30148.dat,1
3817bp6w.dat,0
92198p01c05.dat,1
3068bpm1.dat,0
4162p0i.dat,0
3626bp07.dat,1
742.dat,1
2431pzm.dat,0
4188571b.dat,0
14639p07.dat,0
165485c.dat,0
191485b.dat,0
33009k04.dat,0
35018.dat,1
92251p05.dat,0
4119056a.dat,0
60477d01.dat,1
190295f.dat,0
3816bpx2.dat,0
4697b.dat,0
39144.dat,1
71128.dat,0
3004d0y.dat,1
88930dy2.dat,0
20401.dat,0
004283a.dat,0
3004d08.dat,1
821422a.dat,0
32005.dat,0
192375d.dat,0
2313b.dat,0
6585.dat,1
408126.dat,1
3626bp0a.dat,1
73200pq0.dat,0
42284.dat,1
t43243.dat,0
99243p01.dat,0
3003d01.dat,1
30174.dat,0
50858.dat,0
4247ap01.dat,0
41202.dat,1
19729p01.dat,0
51011.dat,0
u9582bc01.dat,1
84638.dat,0
11435.dat,0
3172.dat,1
97122.dat,0
73200b-f1.dat,0
t1018.dat,0
9339.dat,0
4273a.dat,0
50944c02.dat,0
3819pdg1.dat,0
93250pq0.dat,0
19482-f1.dat,0
u9131.dat,0
43373.dat,1
98577.dat,0
39c01.dat,1
191915c.dat,0
3614.dat,1
47115.dat,1
3068bpx0.dat,0
70961.dat,0
87079p08.dat,0
76798d03.dat,1
95053.dat,0
21019p06.dat,0
973d0d.dat,0
74981-f2.dat,0
37364pdg4.dat,0
u9142p04c03.dat,0
4210633.dat,1
30389.dat,1
583.dat,0
947a.dat,1
12896.dat,0
169605a.dat,0
73200pcbd.dat,0
u9643.dat,0
4178523.dat,0
22385p209.dat,0
27193.dat,0
3069bp58.dat,0
4609.dat,0
2838c01.dat,1
t1024.dat,0
20461bpde1.dat,0
802a.dat,1
6036.dat,0
46212ad01.dat,1
66859.dat,1
3068p22.dat,0
3628.dat,0
4719c02.dat,1
60596.dat,1
4162235.dat,1
4147.dat,0
4616559h.dat,0
190735a.dat,0
5259.dat,0
2536.dat,1
2348a.dat,0
99464c01.dat,0
55539.dat,1
22969.dat,0
4265ac02.dat,0
u9119.dat,0
u9623c01.dat,1
164555c.dat,0
u595p01c06.dat,0
973d02.dat,0
20460bpde1.dat,0
3068bpz8.dat,0
19727.dat,0
6451314a.dat,0
54200dy2.dat,0
6327015d.dat,0
3815cw1.dat,0
u9494c01.dat,0
3623pb1.dat,1
30187c06.dat,1
2578b.dat,1
67095d01.dat,0
t1030.dat,0
44352.dat,0
13710hc01.dat,0
166285b.dat,0
u9562-f2.dat,0
98138pxk.dat,0
64391d02.dat,0
4116878b.dat,0
3040b.dat,1
577bc02.dat,1
85984dx7.dat,0
92099.dat,1
3817p63.dat,0
3816bp63.dat,0
3068bpt3.dat,0
92713k02.dat,0
4444p01.dat,1
554.dat,1
23444.dat,1
3960ps4.dat,1
2586ph1.dat,0
196945x.dat,0
3943b.dat,0
86037a.dat,0
87567p02.dat,0
30363p90.dat,1
27150.dat,0
28263.dat,1
85984dy3.dat,0
22253c01.dat,0
4215p01.dat,1
33125.dat,0
2350ap01.dat,1
92241p0f.dat,0
2571d05.dat,1
6372023a.dat,0
t1026k01.dat,0
2714b.dat,0
163156c.dat,0
4347c01d03.dat,1
54196.dat,0
32213.dat,0
30259ap05.dat,0
92241p14.dat,0
1942.dat,0
568.dat,1
42092.dat,0
3833.dat,0
4105242b.dat,0
30362.dat,0
29633.dat,0
6177969abc01.dat,0
6153ap7a.dat,1
30178c05.dat,0
3068bpte.dat,0
4105279.dat,0
30376.dat,0
196945o.dat,0
51944.dat,0
4190.dat,1
64727.dat,0
37364p02.dat,0
30259d01.dat,0
3960psb.dat,1
6251p06.dat,0
30294c01.dat,1
2574a.dat,0
32207.dat,0
42938.dat,1
3062bp02.dat,1
u8002d.dat,1
003566c.dat,0
93598pk1.dat,1
3006.dat,1
4769.dat,0
93230.dat,0
11244p02.dat,0
385.dat,1
33086.dat,1
63869.dat,0
43561.dat,1
973pxj.dat,0
3626cp8b.dat,1
u9105p01c02.dat,0
3815bpdd1.dat,0
u9045.dat,0
44568.dat,1
951a.dat,1
4631649b.dat,0
4181p09.dat,1
36840.dat,1
13710dc01.dat,0
35660p07.dat,0
u9310c06.dat,1
11233.dat,0
75979.dat,1
4474p61.dat,0
u9051.dat,0
925p0g.dat,1
4265a.dat,0
391.dat,0
23800c01.dat,1
4150d05.dat,0
98371.dat,0
20950.dat,0
47713.dat,0
3816cpsk.dat,0
77808.dat,1
3816psk.dat,0
3626cpne.dat,1
88646p08.dat,1
57528.dat,0
19121.dat,1
4755.dat,0
600880p01c01.dat,0
825p01.dat,1
2442.dat,0
76280.dat,0
4865bp01.dat,0
004488g.dat,0
4033.dat,1
3626cp84.dat,1
u9079.dat,0
3626cp8u.dat,1
42918p01.dat,0
3068bdf9.dat,0
4542272.dat,1
925p0p.dat,1
6630.dat,0
53793c01.dat,0
2456.dat,1
30185c03.dat,1
592c01.dat,0
50018g.dat,1
6009312a.dat,0
27965.dat,0
6099p03.dat,1
2490p41.dat,1
4162dm0.dat,0
4741.dat,1
10677.dat,0
42657.dat,0
53982.dat,0
53993p01.dat,0
6156.dat,1
3068bd0h.dat,0
6074343o.dat,0
973pw3.dat,0
t1052c10.dat,1
3815p6w.dat,0
3010p12.dat,1
4493pw1c00.dat,1
18605p07.dat,1
3070bptt.dat,0
24093d01.dat,0
u588p02c04.dat,0
93595.dat,0
420.dat,0
u9236c02.dat,1
15082.dat,0
u9086.dat,0
73200bps2.dat,0
42545p02.dat,0
76382p0d.dat,0
2849c01.dat,0
35533c01.dat,1
370826.dat,0
73313.dat,1
87079pdec.dat,0
4121584a.dat,0
003435c.dat,0
u9328ap02.dat,0
3010p06.dat,1
30225b.dat,1
61071.dat,0
30361dpsc.dat,0
t1052c04.dat,1
6141875e.dat,0
33051.dat,0
352.dat,0
3070bptc.dat,0
6148328adc01.dat,0
4796.dat,1
48002b.dat,1
973pwe.dat,0
24505.dat,0
6181.dat,1
u1023a.dat,0
u9108p01c01.dat,0
76382p2l.dat,0
76382p16.dat,0
3626cp7m.dat,1
64647.dat,0
71372c01.dat,0
30216.dat,1
6069d02.dat,1
3947.dat,1
6026c01.dat,1
30202.dat,0
2495.dat,0
3817cp0h.dat,0
76382p02.dat,0
408.dat,0
t43135.dat,0
76382p0s.dat,0
98130p08.dat,0
32373.dat,0
6141875r.dat,0
6195.dat,1
14396p03.dat,0
3070bpug.dat,0
758c01.dat,1
2648c01-f3.dat,0
56145c01.dat,0
4448p01.dat,0
4782.dat,1
30361dps5.dat,0
11025.dat,0
4297014b.dat,0
17454.dat,1
41612.dat,0
004402cc01.dat,0
34172p01.dat,0
79.dat,0
91143.dat,0
u9247.dat,1
88412.dat,0
839.dat,0
63864df0.dat,0
30116p6u.dat,1
u9521.dat,0
15525.dat,0
3069bd0z.dat,0
73878.dat,1
187.dat,0
168055a.dat,0
973pc6.dat,0
3622pf1.dat,1
10169p03.dat,0
60581px0.dat,1
6142275abc01.dat,0
191888e.dat,0
31493.dat,1
160605b.dat,0
51373.dat,1
47511.dat,0
997c01d01.dat,1
192895b.dat,0
168235b.dat,0
3817cpq0.dat,0
304c06.dat,1
973pbs.dat,0
73200bpc34.dat,0
973pb2.dat,0
2488c01.dat,0
44343p01.dat,1
193.dat,0
24246p06.dat,0
973p79.dat,0
973p4c.dat,0
14149.dat,0
u9253.dat,0
973p7x.dat,0
18973p07.dat,1
4219.dat,0
265b.dat,1
4789c01.dat,1
45.dat,0
973p6k.dat,0
973p51.dat,0
805.dat,1
74695.dat,0
3004pt5.dat,1
4616559cc01.dat,0
4231.dat,1
6153754k.dat,0
6080b.dat,0
4864bp10.dat,1
3622p06.dat,1
91347c01-f1.dat,0
33009-f1.dat,0
6152075a.dat,0
18675pb0.dat,0
3149e.dat,1
67144p01c01.dat,0
62791.dat,0
2493b.dat,1
973pbd.dat,0
22385p143.dat,0
4614415b.dat,0
3.dat,0
40242.dat,1
29592.dat,0
2654.dat,0
164325d.dat,0
973p45.dat,0
973p7o.dat,0
811.dat,1
973p4t.dat,0
u9108p01.dat,0
u9284.dat,0
89917.dat,0
3008d08.dat,1
973p9d.dat,0
16175p01.dat,0
30028.dat,0
50904.dat,0
3001b.dat,1
58380.dat,1
2867.dat,1
3009p27.dat,1
92250p01c01.dat,0
4521703r.dat,0
459b.dat,1
3811p02.dat,1
2742c01.dat,1
4125165gc01.dat,0
2454ps5.dat,1
38301c02.dat,0
144.dat,0
87084.dat,0
t1042c01.dat,0
3001d0b.dat,1
0902.dat,1
150.dat,0
973pn1.dat,0
84599.dat,1
4206482.dat,0
u9008p01.dat,0
191485ac01.dat,0
322c02.dat,1
11244p05c01.dat,0
2873.dat,0
190765bc01.dat,0
u9290.dat,0
93589d03.dat,1
73111.dat,1
636.dat,0
14769p0l.dat,0
66252.dat,1
3816cp0m.dat,0
2683.dat,1
30014.dat,1
18978a.dat,0
60623.dat,1
18940.dat,0
41835.dat,0
22410.dat,0
u9228c02.dat,0
3004px6.dat,1
74656.dat,0
973p9s.dat,0
3008d0n.dat,1
55237b.dat,0
973p92.dat,0
20596p04.dat,0
3324a.dat,1
178.dat,1
30157a.dat,1
67196k03.dat,0
87949-f1.dat,0
32165.dat,0
4594.dat,1
3815bps5.dat,0
6126a.dat,0
4521703e.dat,0
6142622tc01.dat,0
85863.dat,1
820675a.dat,0
65029.dat,0
3001d04.dat,1
32171.dat,0
821435e.dat,0
64451.dat,0
6267174g.dat,0
36083a.dat,0
8c02.dat,1
973p8w.dat,0
973p86.dat,0
43p01.dat,0
30000.dat,1
2697.dat,0
60637.dat,0
4346p61.dat,0
39742.dat,0
821435d.dat,0
32170.dat,0
3460py0.dat,1
3001d05.dat,1
65028.dat,0
28896.dat,0
4346p60.dat,0
60636.dat,1
2696.dat,0
4517925.dat,1
93.dat,1
973p87.dat,0
24779pk0.dat,0
4209p05.dat,1
24074.dat,0
87913.dat,0
973p8v.dat,0
6267174f.dat,0
64450.dat,1
973p93.dat,0
55237c.dat,0
973p9r.dat,0
3008d0o.dat,1
3004px7.dat,1
32602.dat,0
u9228c03.dat,0
22411.dat,0
92253p01.dat,0
2682.dat,0
608p04.dat,1
24851c01.dat,0
14769p0m.dat,0
2146c01.dat,1
4595.dat,1
3149dc01.dat,1
6179d06.dat,1
3665ap01.dat,1
67196k02.dat,0
179.dat,1
6178p01.dat,1
26139.dat,0
151.dat,0
973pn0.dat,0
0903.dat,1
3001d0c.dat,1
973p8a.dat,0
637.dat,0
33bc01.dat,1
93589d02.dat,1
u9291.dat,0
73110.dat,1
u9148c01.dat,1
606p01.dat,1
2872.dat,1
18969.dat,1
4066ap01.dat,0
2866.dat,1
3009p26.dat,1
14769p0z.dat,0
58381.dat,1
30029.dat,1
973p9e.dat,0
11477d0u.dat,0
169795a.dat,0
u9285.dat,0
4347c01.dat,1
145.dat,0
43979.dat,1
71075.dat,0
3811p03.dat,1
6014b.dat,0
27925dt1.dat,0
4521703s.dat,0
40243.dat,0
2.dat,1
6580ac01.dat,0
4614415c.dat,0
13392p02.dat,0
22385p142.dat,0
99250.dat,0
4215bp02.dat,1
973pbe.dat,0
74967p01c01.dat,0
973p4u.dat,0
810.dat,1
50.dat,0
973p7n.dat,0
973p44.dat,0
81379.dat,0
2655.dat,0
10312.dat,0
2641.dat,1
3622p07.dat,1
4864bp11.dat,1
6080c.dat,0
39794.dat,0
6153754j.dat,0
u574.dat,1
3004pt4.dat,1
804.dat,1
973p50.dat,0
973p6j.dat,0
44.dat,0
99244.dat,0
22385p156.dat,0
4198p01.dat,0
3149d.dat,1
6347356e.dat,0
18675pb1.dat,0
973pb3.dat,0
33291.dat,1
15530.dat,0
973pbr.dat,0
304c07.dat,1
192895c.dat,0
3817cpq1.dat,0
6177969z.dat,0
92339.dat,1
160605c.dat,0
95330.dat,0
4218.dat,0
18973p06.dat,1
11030.dat,0
973p7y.dat,0
u9252.dat,0
35186.dat,0
24246p07.dat,0
973p4b.dat,0
973p78.dat,0
63864df1.dat,0
838.dat,0
6142074s.dat,0
78.dat,0
6318649cc01.dat,0
64567ac01.dat,1
3622p0a.dat,1
4297014c.dat,0
3563.dat,0
191888d.dat,0
85651.dat,0
10169p02.dat,0
186.dat,1
30363d01.dat,1
22388.dat,0
15524.dat,0
u9520.dat,0
2515b.dat,0
27152p01.dat,0
76382p03.dat,0
96889-f1.dat,0
2494.dat,0
u9156c01.dat,1
3900d01.dat,1
87776pk1.dat,0
4508c01.dat,1
30361dps4.dat,0
4783.dat,1
196815b.dat,0
2648c01-f2.dat,0
29034.dat,1
30565.dat,1
3070bpuf.dat,0
14396p02.dat,0
3010p0a.dat,1
6141875s.dat,0
645bc01.dat,1
408523.dat,1
6180.dat,1
33078.dat,0
34a.dat,1
92241p0fc01.dat,0
24504.dat,0
973pwd.dat,0
3070bptb.dat,0
3946.dat,1
40598c.dat,0
3626cp7l.dat,1
76382p17.dat,0
72024.dat,1
71505.dat,0
3888a.dat,1
73312.dat,1
3241b.dat,0
76382p0e.dat,0
42545p03.dat,0
15403c02.dat,1
335c01-f1.dat,0
353.dat,1
85983p01.dat,1
6141875d.dat,0
t1052c05.dat,1
973pul.dat,0
30361dpsb.dat,0
61070.dat,0
3010p07.dat,1
41879bp01.dat,1
3070bptu.dat,0
18605p06.dat,1
3010p13.dat,1
4867d01.dat,1
33036c01.dat,1
65202.dat,1
3815p6v.dat,0
973pw2.dat,0
4650624.dat,1
3626cpb1.dat,1
42865.dat,0
u9087.dat,1
73200bps3.dat,0
67638p01.dat,1
44375p01.dat,1
76382p1a.dat,0
421.dat,0
u9236c03.dat,1
6595c01.dat,0
3245ap02.dat,1
62575p01.dat,0
93594.dat,0
3749.dat,0
57046a.dat,0
50018f.dat,1
30185c02.dat,1
56145.dat,0
2457.dat,0
53793c00.dat,0
u588p02.dat,0
6631.dat,1
15068.dat,0
925p0q.dat,1
3068bdf8.dat,0
6074343n.dat,0
67950p01.dat,1
3068bd0i.dat,0
6157.dat,1
53983.dat,0
92107.dat,1
2490p40.dat,1
4740.dat,1
4162dm1.dat,0
93219.dat,0
6099p02.dat,1
11568.dat,0
4141242a.dat,0
3626cpnd.dat,1
6143.dat,0
u9153p01c01.dat,0
3308a.dat,1
3626cp8t.dat,1
6625.dat,0
53029.dat,1
u9078.dat,0
3626cp85.dat,1
54746.dat,0
80271.dat,0
3067apt1.dat,1
4032.dat,0
46342.dat,1
004488f.dat,0
2443.dat,1
76281.dat,0
925p0f.dat,1
3039d01.dat,1
u9050.dat,0
4585632a.dat,0
u9310c07.dat,1
2774c01.dat,1
49059.dat,1
003439a.dat,0
95654.dat,0
47712.dat,0
98370.dat,0
4150d04.dat,0
9258.dat,1
390.dat,0
43560.dat,1
3626cpn2.dat,1
63868.dat,1
61898a.dat,0
4186p01.dat,1
384.dat,0
93231.dat,0
4768.dat,0
3007.dat,1
57515.dat,0
93598pk0.dat,1
3067aptg.dat,1
3761.dat,1
60c01.dat,0
3888ac01.dat,1
35660p06.dat,0
36841.dat,1
4212b.dat,1
45677.dat,1
4181p08.dat,1
44569.dat,0
u9044.dat,0
u9105p01c03.dat,0
3626cp8c.dat,1
6540b.dat,0
3960psc.dat,1
92246p08.dat,0
2605c01.dat,1
196945n.dat,0
2850b.dat,0
30377.dat,0
2335p4l.dat,0
003566b.dat,0
92241p01.dat,0
32206.dat,0
6204380a.dat,0
54094p01.dat,1
6251p07.dat,0
30259ap04.dat,0
92241p15.dat,0
32212.dat,0
4460bd02.dat,1
2651c01-f1.dat,0
4347c01d02.dat,1
t1005c01.dat,1
47855.dat,1
163156b.dat,0
u8003a.dat,1
4185.dat,0
30178c04.dat,0
3068bptd.dat,0
29632.dat,0
30363.dat,1
3832.dat,1
42093.dat,0
569.dat,1
24316.dat,0
4511p01.dat,0
2431pa0.dat,0
196945y.dat,0
78333.dat,1
3960ps5.dat,1
329826.dat,1
2571d04.dat,1
92241p0g.dat,0
98138pz4.dat,0
196225a.dat,0
11055p01.dat,0
85984dy2.dat,0
u9147p01c01.dat,0
27151.dat,0
64778p01.dat,1
4198367.dat,0
577bc03.dat,1
27145.dat,0
4486c02.dat,1
87990p02.dat,0
79987.dat,1
64391d03.dat,0
75544p01.dat,0
98138pxj.dat,0
23323.dat,1
30343c02.dat,1
4510086b.dat,0
73194c01d01.dat,1
45918.dat,0
3068bpt2.dat,0
92926.dat,0
92198p11c01.dat,1
4650854a.dat,0
54200dy3.dat,0
92715.dat,1
3817p89.dat,0
60583.dat,1
3816bp89.dat,0
973d03.dat,0
u595p01c07.dat,0
73200pc4b.dat,0
164555b.dat,0
u9118.dat,0
973pc23.dat,0
166285c.dat,0
26603pt0.dat,0
6023.dat,1
56630c01.dat,0
1994.dat,0
t1031.dat,0
44353.dat,0
80477.dat,0
98238.dat,0
3623pb0.dat,1
6112596e.dat,0
29085c01.dat,0
3816bpm2.dat,0
19727p05.dat,0
6327015e.dat,0
3817pm2.dat,0
3068p23.dat,0
66858.dat,1
2586p30.dat,0
164365a.dat,0
6037.dat,1
25975.dat,0
3626bps0.dat,1
t1025.dat,0
88618p01.dat,1
15108.dat,1
3678pc0.dat,1
88704-f1.dat,0
2537.dat,1
5258.dat,1
4616559i.dat,0
19732.dat,1
4146.dat,0
4719c03.dat,1
3629.dat,0
73200pc44.dat,0
98562.dat,0
4198678a.dat,0
12897.dat,0
30388.dat,1
u9142p04c02.dat,0
10058.dat,0
4297022a.dat,0
973d0e.dat,0
21019p07.dat,0
3167.dat,0
4865ad02.dat,0
4608.dat,1
6015425a.dat,0
163345ac01.dat,0
22385p208.dat,0
u9642.dat,0
15646.dat,0
t1019.dat,0
15336p02.dat,0
56074p01.dat,1
19068.dat,0
19729p00.dat,0
90462a.dat,1
27186.dat,0
95052.dat,0
76798d02.dat,1
87079p09.dat,0
3068bpx1.dat,0
191915b.dat,0
u9130.dat,0
192375e.dat,0
13710n.dat,0
6342869ac01.dat,0
3004d09.dat,1
30613.dat,1
3004d0x.dat,1
59275a.dat,1
22969c02.dat,0
30175.dat,0
197875a.dat,0
22385px2.dat,0
73200pq1.dat,0
6584.dat,1
2431px2.dat,0
33009k05.dat,0
35019.dat,1
6057482a.dat,0
165485b.dat,0
191485c.dat,0
30292bd06.dat,0
14639p06.dat,0
4286d01.dat,1
4188571c.dat,0
42291.dat,1
2431pzl.dat,0
6590.dat,0
30161.dat,0
58213p01.dat,0
18835.dat,0
40359c01.dat,0
6058327a.dat,0
11477pz2.dat,0
190295g.dat,0
57520p01.dat,0
59826h.dat,0
92251p04.dat,0
98138pb2.dat,0
u9483.dat,0
35757.dat,0
3626bp06.dat,1
743.dat,1
13790.dat,0
44810.dat,0
4162p0h.dat,0
3068bpm0.dat,0
92198p01c04.dat,1
3817bp6v.dat,0
30149.dat,1
11187.dat,1
3069bpt7.dat,0
3650b.dat,0
2906.dat,1
64022c01.dat,1
u9529-f2.dat,0
85080.dat,1
93668p01.dat,0
92198p01c10.dat,1
2912.dat,1
87697.dat,0
3005pe5.dat,1
u9151p01.dat,0
6148328apc01.dat,0
757.dat,1
4162p1l.dat,0
3840d09.dat,0
32342c01.dat,1
25550.dat,0
u9497.dat,1
65151c01-f2.dat,0
970chb.dat,0
13787p01.dat,0
42073c01.dat,1
6318649b.dat,0
57878.dat,0
3815cbg.dat,0
6142275e.dat,0
67950.dat,1
ms1040.dat,0
3068bp74.dat,0
56555.dat,0
3298dy0.dat,1
6138629w.dat,0
47458.dat,0
3359.dat,0
4181c01.dat,1
6221.dat,0
6644-f1.dat,0
22385p036.dat,0
89651.dat,0
2431pt1.dat,0
98138p86.dat,0
79717p01-f2.dat,0
777p01.dat,0
3069bpxb.dat,0
11178.dat,0
93609.dat,0
4350.dat,0
2546p02.dat,0
6115204e.dat,0
4344.dat,1
6177949gc01.dat,0
10350p01.dat,0
49307.dat,0
4638848a.dat,0
2507pa1.dat,0
6553.dat,0
u8010.dat,1
52041.dat,1
12589c01.dat,0
4215ad0f.dat,1
970.dat,0
25866p02.dat,0
23860.dat,0
777p15.dat,0
4201018a.dat,0
u9468.dat,0
24869.dat,0
822b.dat,0
3960p03.dat,1
6235.dat,1
86210.dat,0
2973c01.dat,1
22385p022.dat,0
42534.dat,1
3068bp60.dat,0
3039pc5.dat,1
003497a.dat,0
737c01-f1.dat,1
11203p02.dat,1
98138pn1.dat,0
80649.dat,1
15444.dat,1
u9440.dat,0
3068bp7b.dat,0
3037pc0.dat,1
6142275r.dat,0
3596d11.dat,0
30585a.dat,1
3403.dat,0
3069bpx4.dat,0
3626cpd6f.dat,1
3068bpa3.dat,0
64225d01.dat,0
780.dat,1
6005724b4.dat,0
55706.dat,0
u8038.dat,0
958.dat,0
u9326.dat,0
4622303h.dat,0
794.dat,1
71830-f2.dat,0
89679.dat,0
u9332.dat,0
3069bpy0.dat,0
3069bpzj.dat,0
60592c01.dat,1
20460pckc.dat,0
63864pz0.dat,0
3005744.dat,1
5066.dat,1
4707c03.dat,1
19206p02.dat,0
16709p0k.dat,1
2709.dat,0
41767.dat,1
822dc01p01.dat,0
61068d01.dat,0
92259.dat,0
2582p68.dat,1
4533401d.dat,0
3482c02.dat,0
3039pcc.dat,1
59349ph2.dat,1
3596d05.dat,0
4490p90.dat,1
91988.dat,1
15450.dat,0
3960p0e.dat,1
24855.dat,0
2513p03.dat,1
3024p03.dat,1
1566.dat,1
4622303j.dat,0
970c36.dat,0
98138p8b.dat,0
u9324.dat,1
6579.dat,0
3818pdg7.dat,0
60616a.dat,1
782.dat,1
55704.dat,0
30188.dat,1
49656p02.dat,0
3068bpa1.dat,0
47300.dat,0
3626cpd6d.dat,1
4159998b.dat,0
11146.dat,0
3069bpx6.dat,0
3596d13.dat,0
6142275p.dat,0
22385p008.dat,0
15446.dat,0
98138pn3.dat,0
3024p01.dat,1
3626bph8.dat,1
3960p0g.dat,1
3596d07.dat,0
195075b.dat,0
3039pca.dat,1
37195.dat,1
4533401f.dat,0
95674p01.dat,0
47203p02.dat,0
41765.dat,1
16709p0i.dat,1
4707c01.dat,1
63864pz2.dat,0
47314.dat,0
3817bp8h.dat,0
3039p50.dat,1
37365pdg2.dat,0
6041468b.dat,0
3069bpzh.dat,0
u9330.dat,0
4215ad02.dat,1
004630a.dat,0
6005724c2.dat,0
2723.dat,0
50898.dat,0
49311.dat,1
3942bp01.dat,1
16615.dat,0
4352.dat,0
777p03.dat,0
766a.dat,0
u9318.dat,0
98138p84.dat,0
164575b.dat,0
2431pt3.dat,0
89653.dat,1
22385p034.dat,0
6223.dat,1
52731.dat,0
20461px1.dat,0
4520782.dat,0
2045.dat,1
6142275g.dat,0
37312c01.dat,0
813c02-f1.dat,1
3068bp76.dat,0
ms1042.dat,0
003497c.dat,0
3039pc7.dat,1
30260p01.dat,0
22385p020.dat,0
6237.dat,0
3960p01.dat,1
26288c01-f2.dat,0
u587p01c02.dat,0
4201018c.dat,0
4215ad0d.dat,1
972.dat,0
6551.dat,0
u8012.dat,0
3070disp.dat,0
12589c03.dat,0
71965-f1.dat,0
2737.dat,0
4638848c.dat,0
4346.dat,0
3429.dat,0
6115204g.dat,0
67013.dat,1
2904.dat,1
3069bpt5.dat,0
92198p01c06.dat,1
3068bpm2.dat,0
4162p0j.dat,0
2924ac01.dat,1
741.dat,1
3626bp04.dat,1
3626bp3n.dat,1
13792.dat,0
3002p11.dat,1
97492.dat,1
u9481.dat,0
98138pb0.dat,0
71711p01.dat,0
30370ps2.dat,0
92249p01c01.dat,0
3068bp89.dat,0
3004d0m.dat,1
68446.dat,1
6036369b.dat,0
3815cbe.dat,0
30639.dat,1
13787p03.dat,0
u9495.dat,0
98138pc4.dat,0
90397p02.dat,1
4162p1n.dat,0
2431pz8.dat,0
6005724o1.dat,0
755.dat,0
13786.dat,0
87695.dat,0
3817bp71.dat,0
3626cpd89.dat,1
2910.dat,0
92198p01c12.dat,1
4143005.dat,1
2431px0.dat,0
6216m.dat,1
3626bp0b.dat,1
22385px0.dat,0
92241p04c01.dat,0
3003d02.dat,1
40490.dat,0
194175ac01.dat,0
28738.dat,1
30177.dat,0
3040bdy1.dat,1
3004d0z.dat,1
88930dy1.dat,0
26073.dat,0
004283b.dat,0
100942.dat,0
54383.dat,1
821422b.dat,0
32006.dat,0
13710l.dat,0
192375g.dat,0
15315c01.dat,0
2313a.dat,0
32012.dat,0
92251p06.dat,0
190295e.dat,0
11477pz0.dat,0
3817bpaw.dat,0
6058327c.dat,0
60032.dat,1
73697c04.dat,1
4697a.dat,0
4760d03.dat,1
30163.dat,1
4162p18.dat,0
6592.dat,0
2431pzn.dat,0
24116.dat,0
4286d03.dat,1
4188571a.dat,0
769.dat,0
14639p04.dat,0
30292bd04.dat,0
191485a.dat,0
169605b.dat,0
u9640.dat,0
86038.dat,0
973pcd6.dat,0
49649.dat,1
37383.dat,1
93353.dat,0
74981-f1.dat,0
973d0g.dat,0
21019p05.dat,0
4297022c.dat,0
580.dat,0
43822a.dat,0
12895.dat,0
4198678c.dat,0
4160409.dat,1
947b.dat,1
u9252p01.dat,0
13547.dat,1
2518c01.dat,1
u9132.dat,0
19482-f2.dat,0
43370.dat,0
25931-12.dat,0
3068bpx3.dat,0
4178.dat,1
47116.dat,1
2509.dat,0
95050.dat,0
3069bpa4.dat,0
70962.dat,0
4247ap02.dat,0
19729p02.dat,0
27328p02k05.dat,0
3626bpsd.dat,1
88001.dat,0
73200b-f2.dat,0
50944c01.dat,0
4273b.dat,0
3817pm0.dat,0
6309pul.dat,0
6327015g.dat,0
71772p01.dat,1
3815cw2.dat,0
3816bpm0.dat,0
3626bpc15.dat,1
u9494c02.dat,0
4182d08.dat,1
30187c05.dat,1
u9516c01.dat,0
2578a.dat,1
44351.dat,0
t1033.dat,0
166285a.dat,0
6021.dat,1
45729.dat,1
u8204.dat,1
u595p01c05.dat,0
86038c01.dat,0
60581.dat,1
973d01.dat,0
4150.dat,0
46220.dat,0
6451314b.dat,0
10066.dat,0
54200dy1.dat,0
4719c01.dat,1
19730.dat,0
190735b.dat,0
4616559k.dat,0
87079p0m.dat,0
2535.dat,0
2348b.dat,0
9460.dat,1
3822p24.dat,1
u600.dat,0
93083p04.dat,1
t1027.dat,0
3626bps2.dat,1
25977.dat,0
6035.dat,0
46212ad02.dat,1
164365c.dat,0
49661.dat,0
4521852.dat,1
87567p01.dat,0
u9147p01c03.dat,0
4215p02.dat,1
22253c02.dat,0
85984dy0.dat,0
196225c.dat,0
2571d06.dat,1
92241p0e.dat,0
73264.dat,1
2525p00.dat,0
3960ps7.dat,1
2586ph2.dat,0
3818.dat,0
561c01.dat,1
3943a.dat,0
86037b.dat,0
4650854c.dat,0
19917.dat,0
31043.dat,1
3816bp60.dat,0
187c01.dat,1
3068bpt0.dat,0
30258p05.dat,0
92713k01.dat,0
4222889e.dat,0
4444p02.dat,1
2431b.dat,0
73194c01d03.dat,1
u9562-f1.dat,0
23321.dat,1
98138pxh.dat,0
231.dat,1
64391d01.dat,0
35543.dat,0
78443.dat,1
4116878a.dat,0
577bc01.dat,1
3040a.dat,1
68888.dat,0
26603px1.dat,0
6251p05.dat,0
32204.dat,0
3062bp01.dat,1
92241p03.dat,0
3816bpa3.dat,0
57488.dat,0
47843.dat,1
302323.dat,1
3817pa3.dat,0
30413.dat,0
85984dyf.dat,0
30375.dat,1
37364p01.dat,0
32576.dat,0
66727c01.dat,1
4035c01.dat,1
24314.dat,0
4105242a.dat,0
3830.dat,1
3817p6f.dat,0
30361.dat,0
3816bp6f.dat,0
29630.dat,0
4187.dat,1
3068bptf.dat,0
70023.dat,0
6372023b.dat,0
u8003c.dat,1
4839.dat,1
2714a.dat,0
30407.dat,1
6177969dc01.dat,0
72634.dat,1
32210.dat,0
54195.dat,0
92241p17.dat,0
64056.dat,0
30259ap06.dat,0
4265b.dat,0
6169.dat,1
3010p918.dat,1
98372.dat,0
66906.dat,0
3011.dat,0
20953.dat,1
3070bpy1.dat,0
95656.dat,0
5306.dat,0
93541.dat,1
3777.dat,1
u9310c05.dat,1
25195.dat,1
35386.dat,0
u9052.dat,0
89519.dat,1
3039d03.dat,1
925p0d.dat,1
3626cp8a.dat,1
u9046.dat,1
87520.dat,0
u9105p01c01.dat,0
4631649a.dat,0
951b.dat,1
35660p04.dat,0
15504pde6.dat,0
93555.dat,1
3005.dat,1
93598pk2.dat,1
32058p01.dat,1
10884.dat,1
18200.dat,0
21019bp08.dat,0
11244p01.dat,0
55300.dat,0
386.dat,0
33085.dat,0
61898c.dat,0
98366.dat,0
973pxi.dat,0
43562.dat,1
4742.dat,0
2490p42.dat,1
18228.dat,0
53981.dat,0
6155.dat,0
3010p924.dat,1
3068bd0k.dat,0
44225.dat,0
6074343l.dat,0
80267.dat,0
925p0s.dat,1
4150df1.dat,0
592c02.dat,0
2455.dat,1
6009312b.dat,0
50018d.dat,1
57046c.dat,0
4865bp02.dat,0
76283.dat,0
2441.dat,1
004488d.dat,0
61927.dat,0
16577.dat,1
3067apt3.dat,1
2431dq0.dat,0
3626cp87.dat,1
80273.dat,0
42918p02.dat,0
3626cp8v.dat,1
6141.dat,1
3626cpnf.dat,1
18976c01.dat,1
u9569p01c01.dat,1
3039.dat,1
825p02.dat,1
41879bp03.dat,1
3010p05.dat,1
u9328ap01.dat,0
61072.dat,1
u9467c01.dat,0
6141875f.dat,0
t1052c07.dat,1
3004p70.dat,1
42545p01.dat,0
3241ac01.dat,1
76382p0g.dat,0
24248.dat,1
80298.dat,0
4121584b.dat,0
40902.dat,1
49098.dat,0
58181.dat,1
30229.dat,0
28466.dat,0
76382p1c.dat,0
u9236c01.dat,1
3626cp78.dat,1
73304.dat,1
73200bps1.dat,0
u9085.dat,0
3626cpb3.dat,1
11568p01.dat,0
65200.dat,1
3010p11.dat,1
u9081c01.dat,0
84954.dat,1
18605p04.dat,1
3070bptw.dat,0
973pu8.dat,0
6141875q.dat,0
6196.dat,0
3070bpud.dat,0
3010p0c.dat,1
29036.dat,0
56145c02.dat,0
4781.dat,1
30361dps6.dat,0
87776pk3.dat,0
3788.dat,1
76254.dat,0
30201.dat,1
2496.dat,0
3950.dat,0
3815paw.dat,0
76382p01.dat,0
43936p01.dat,1
u9108p01c02.dat,0
76382p15.dat,0
3626cp7n.dat,1
64644.dat,1
30215.dat,1
40598a.dat,0
42450c01.dat,0
3944.dat,1
92241p16c01.dat,0
48002a.dat,1
973pwf.dat,0
34c.dat,0
u1023b.dat,0
6182.dat,1
78522ph0.dat,0
15254.dat,1
u9250.dat,0
20460p08.dat,0
11032.dat,0
18973p04.dat,1
68297.dat,1
87552df5.dat,1
48147.dat,1
265a.dat,1
160605a.dat,0
6177969x.dat,0
304c05.dat,1
192895a.dat,0
168235a.dat,0
973pbp.dat,0
44343p02.dat,1
973pak.dat,0
973pb1.dat,0
76607p01.dat,0
32199.dat,0
15526.dat,0
u9522.dat,0
90538.dat,0
168055b.dat,0
973pc5.dat,0
33287.dat,0
184.dat,1
47506.dat,1
191888f.dat,0
11026.dat,0
64567ac03.dat,1
4297014a.dat,0
17457.dat,0
3298p20.dat,1
973p5d.dat,0
u9244.dat,0
30116p6v.dat,1
3070bp70.dat,0
2657.dat,1
99534.dat,0
973p46.dat,0
973p7l.dat,0
52.dat,0
24246p0c.dat,0
6431.dat,0
812.dat,0
973p4w.dat,0
43748.dat,0
90510.dat,0
2493a.dat,1
379424.dat,1
7049.dat,1
973pbg.dat,0
2131.dat,1
6177969o.dat,0
3816cphb.dat,0
4614415a.dat,0
40241.dat,0
3816phb.dat,0
6237277ac01.dat,0
6152075b.dat,0
6347356g.dat,0
44033.dat,0
4198p03.dat,0
62792.dat,1
22385p154.dat,0
973p6h.dat,0
973p52.dat,0
806.dat,1
3004pt6.dat,1
18980.dat,1
6153754h.dat,0
39796.dat,0
3622p05.dat,1
6080a.dat,0
4864bp13.dat,1
33009-f2.dat,0
10304.dat,1
322c01.dat,1
28670.dat,1
60608.dat,0
2870.dat,0
73112.dat,1
u9293.dat,0
635.dat,0
0901.dat,1
153.dat,0
3351bp06.dat,0
46334c01.dat,0
u9008p02.dat,0
459a.dat,1
4521703q.dat,0
92241p08c01.dat,0
3811p01.dat,1
41748pq0.dat,1
69638.dat,0
38301c01.dat,0
87087.dat,1
u9108p02.dat,0
u9287.dat,0
11477d0w.dat,0
u589.dat,0
973p9g.dat,0
14769p09.dat,0
71711.dat,0
16175p02.dat,0
14769p0x.dat,0
93794.dat,0
3009p24.dat,1
2864.dat,0
64452.dat,1
22407.dat,1
973p8t.dat,0
8c01.dat,1
36083b.dat,0
6267174d.dat,0
24076.dat,0
609.dat,1
973p85.dat,0
91.dat,0
2694.dat,1
19466c01.dat,0
970ps5.dat,0
60634.dat,1
u9328c01.dat,0
u9479c01.dat,0
38339.dat,1
820675b.dat,0
4539364.dat,1
6394.dat,0
3001d07.dat,1
32172.dat,0
821435f.dat,0
54715c01.dat,0
30157b.dat,1
6179d04.dat,1
87949-f2.dat,0
32166.dat,0
4597.dat,1
9326p18.dat,0
48812.dat,1
4521703f.dat,0
3815bps6.dat,0
6126b.dat,0
14769p0o.dat,0
4221407dc01.dat,0
18978b.dat,0
2680.dat,1
92253p03.dat,0
18943.dat,0
3009p18.dat,1
u9228c01.dat,0
3008d0m.dat,1
973p9p.dat,0
3004px5.dat,1
55237a.dat,0
973p91.dat,0
4521703g.dat,0
4596.dat,1
32167.dat,0
33279.dat,0
67196k01.dat,1
6179d05.dat,1
973p90.dat,0
6409c01.dat,0
3004px4.dat,1
3008d0l.dat,1
973p9q.dat,0
41837.dat,0
18942.dat,0
60621.dat,1
3816cp0o.dat,0
92253p02.dat,0
30016.dat,1
2681.dat,1
37779.dat,0
14769p0n.dat,0
526c01.dat,0
41823.dat,1
60635.dat,0
2695.dat,0
30002.dat,0
2695c01.dat,0
90.dat,0
973p84.dat,0
608.dat,1
93551p01.dat,0
24077.dat,0
6267174e.dat,0
973p8u.dat,0
36083c.dat,0
64453.dat,1
821435g.dat,0
32173.dat,0
3001d06.dat,1
820675c.dat,0
85861.dat,1
87086.dat,0
13195.dat,0
146.dat,0
2980c01.dat,1
6564dt0.dat,1
71076.dat,1
6014a.dat,0
4521703p.dat,0
3009p25.dat,1
2865.dat,1
14769p0y.dat,0
14769p08.dat,0
71710.dat,0
973p9f.dat,0
u588.dat,0
u9286.dat,0
u9108p03.dat,0
4479a.dat,1
2437p01.dat,1
973p8b.dat,0
4494c01.dat,1
634.dat,0
93589d01.dat,1
u9292.dat,0
2871.dat,1
606p02.dat,1
265bc01.dat,1
262p01.dat,1
u9008p03.dat,0
152.dat,0
42443.dat,0
87079.dat,0
4198p02.dat,0
44032.dat,0
3069bd0o.dat,0
6152075c.dat,0
10305.dat,0
2642.dat,1
4864bp12.dat,1
18759.dat,1
92474.dat,1
3622p04.dat,1
6153754i.dat,0
3004pt7.dat,1
2538d.dat,1
3739c01.dat,0
973p53.dat,0
973p6i.dat,0
47.dat,1
973p4v.dat,0
813.dat,1
44740.dat,0
973p7m.dat,0
973p47.dat,0
99535.dat,0
61287p04.dat,0
3622p10.dat,1
92241p20c01.dat,0
71720c01.dat,0
71923.dat,0
14397p04c01.dat,0
1.dat,1
40240.dat,0
13392p01.dat,0
4215bp01.dat,1
973pbf.dat,0
22385p141.dat,0
99253.dat,0
4569.dat,0
47507.dat,1
10169p01.dat,0
973pc4.dat,0
168055c.dat,0
185.dat,1
1411.dat,0
33286.dat,1
3069bd0x.dat,0
14639.dat,0
4198p0d.dat,0
u9523.dat,0
15527.dat,0
32198.dat,0
3069bd09.dat,0
3298p21.dat,1
3622p0b.dat,1
64567ac02.dat,1
60806.dat,1
87552df4.dat,1
18973p05.dat,1
11033.dat,0
973p7z.dat,0
20460p09.dat,0
u9251.dat,0
35185.dat,0
973p4a.dat,0
24246p04.dat,0
81346.dat,0
24088.dat,0
78522ph1.dat,0
44343p03.dat,1
973pb0.dat,0
973paj.dat,0
973pbq.dat,0
15533.dat,1
4240416.dat,0
304c04.dat,1
6177969y.dat,0
49308p01.dat,1
3816bpd6e.dat,0
3945.dat,1
30214.dat,0
2483.dat,0
76382p1u.dat,0
64645.dat,1
76382p14.dat,0
u9108p01c03.dat,0
6183.dat,1
u1023c.dat,0
29632p01.dat,0
34b.dat,0
378.dat,0
74330.dat,0
3626cpbd.dat,1
71735k01.dat,0
3815bpk1.dat,0
3817cpde.dat,0
3070bpta.dat,0
30361dps7.dat,0
4780.dat,0
2648c01-f1.dat,0
3010p0b.dat,1
14396p01.dat,0
3070bpue.dat,0
6197.dat,1
6141875p.dat,0
3817bpd6e.dat,0
973pu9.dat,0
35378.dat,1
64651.dat,1
2515a.dat,0
96889-f2.dat,0
3951.dat,1
3817cp30.dat,0
2497.dat,0
30200.dat,1
u9156c02.dat,1
30361d.dat,0
4119430a.dat,0
67638p02.dat,1
73200bps0.dat,0
u9084.dat,0
3626cp79.dat,1
44375p02.dat,1
422.dat,1
76382p1b.dat,0
3245ap01.dat,1
6595c02.dat,0
3979.dat,0
30228.dat,0
92851.dat,0
93597.dat,1
3070bptv.dat,0
18605p05.dat,1
4867d02.dat,1
3010p10.dat,1
33036c02.dat,1
3815p6u.dat,0
973pw1.dat,0
3626cpb2.dat,1
58121c01.dat,1
15403c01.dat,1
335c01-f2.dat,0
99131p01.dat,0
85983p02.dat,1
30361dpsa.dat,0
78522.dat,0
61073.dat,0
20551p01.dat,0
98393bd01.dat,0
3010p04.dat,1
41879bp02.dat,1
3241a.dat,0
50860c01.dat,0
76382p0f.dat,0
6626.dat,0
42918p03.dat,0
3626cp8w.dat,1
44556.dat,0
80272.dat,0
3626cp86.dat,1
3067apt2.dat,1
2431dq1.dat,0
93568.dat,0
004488e.dat,0
76282.dat,0
2440.dat,0
4865bp03.dat,0
4256738.dat,1
3817cphf.dat,0
10661.dat,0
4185ac01.dat,0
84772.dat,0
4757.dat,0
3038.dat,1
80514.dat,1
u9328ap02c01.dat,0
3626cpng.dat,1
6140.dat,1
u9153p01c02.dat,0
2582d04.dat,1
6074343m.dat,0
44224.dat,0
3068bd0j.dat,0
6154.dat,1
14413.dat,1
2332.dat,0
4743.dat,1
70181.dat,0
2490p43.dat,1
6099p01.dat,1
57046b.dat,0
6009312c.dat,0
50018e.dat,1
2454.dat,1
59275.dat,1
592c03.dat,0
30185c01.dat,1
10113.dat,0
925p03.dat,1
4150df0.dat,0
6632.dat,0
u588p01.dat,0
925p0r.dat,1
3762.dat,0
35660p05.dat,0
3888ac02.dat,1
4212a.dat,1
2210c01.dat,0
u9047.dat,0
54779.dat,1
973pxh.dat,0
98367.dat,1
61898b.dat,0
1613.dat,0
387.dat,1
41896c01.dat,0
3817cph0.dat,0
21019bp09.dat,0
3004.dat,1
66913.dat,0
3070bpy0.dat,0
98567-f1.dat,0
20952.dat,1
3010.dat,1
3815p8i.dat,0
45106.dat,0
6168.dat,0
4265c.dat,0
925p0e.dat,1
3039d02.dat,1
u9053.dat,0
4120158.dat,0
25194.dat,0
u9310c04.dat,1
3776.dat,1
4019.dat,0
92754p01.dat,0
2468.dat,1
3068bptg.dat,0
4186.dat,1
40687.dat,1
3816bp6g.dat,0
30360.dat,1
61649.dat,0
3831.dat,1
u9210p03c01.dat,0
42090.dat,0
73200ph0.dat,0
32577.dat,0
92241p16.dat,0
300521.dat,1
4460bd01.dat,1
265c01.dat,1
32211.dat,0
2651c01-f2.dat,0
4347c01d01.dat,1
2291.dat,0
30406.dat,0
163156a.dat,0
4623959.dat,0
u8003b.dat,1
70022.dat,1
6372023c.dat,0
3817pa2.dat,0
003566a.dat,0
3816bpa2.dat,0
92241p02.dat,0
32205.dat,0
6251p04.dat,0
26603px0.dat,0
6540a.dat,0
4192.dat,0
30374.dat,0
2850a.dat,0
65413.dat,0
30343c01.dat,1
u826.dat,0
556.dat,0
4444p03.dat,1
4222889d.dat,0
3068bpt1.dat,0
30258p04.dat,0
19916.dat,0
4650854b.dat,0
78442.dat,0
87990p01.dat,0
4486c01.dat,1
98138pxi.dat,0
92241p0d.dat,0
32239.dat,0
63710.dat,0
196225b.dat,0
85984dy1.dat,0
4215p03.dat,1
27152.dat,0
u9147p01c02.dat,0
60219.dat,1
77765.dat,0
196945z.dat,0
30348.dat,1
71472.dat,0
3819.dat,0
54802.dat,1
22994.dat,0
3960ps6.dat,1
98549.dat,1
32316pt0.dat,0
u595p01c10.dat,0
2431pm0.dat,0
22385pm0.dat,0
88704-f2.dat,0
2534.dat,0
11208c01.dat,0
87079p0l.dat,0
190735c.dat,0
4616559j.dat,0
3068bpxd.dat,0
4145.dat,0
60594.dat,1
4623.dat,1
10715.dat,0
164365b.dat,0
99131.dat,0
6034.dat,0
6256ph1.dat,0
52526.dat,0
3626bps3.dat,1
6133216mc01.dat,0
6020.dat,0
44350.dat,0
t1032.dat,0
1997.dat,0
30187c04.dat,1
4182d09.dat,1
3815cw3.dat,0
3816bpm1.dat,0
u826p01.dat,0
6327015f.dat,0
3817pm1.dat,0
54200dy0.dat,0
6451314c.dat,0
92716.dat,0
70793.dat,0
4151.dat,1
u595p01c04.dat,0
164555a.dat,0
u8205.dat,1
95051.dat,0
76798d01.dat,1
2508.dat,1
15556a.dat,1
4179.dat,1
47117.dat,1
3068bpx2.dat,0
191915a.dat,0
73200pde.dat,0
30028b.dat,0
u9133.dat,0
195405a.dat,0
30189c01.dat,1
87610ps8.dat,0
88000.dat,1
3626bpse.dat,1
15336p01.dat,0
27328p02k04.dat,0
11437.dat,0
19729p03.dat,0
4247ap03.dat,0
90462b.dat,1
3068p08.dat,0
93352.dat,0
4865ad01.dat,0
6015425b.dat,0
27191.dat,1
4524903.dat,0
u9641.dat,0
73200p30.dat,0
4198678b.dat,0
581.dat,1
6142275qc01.dat,0
u9142p04c01.dat,0
4297022b.dat,0
21019p04.dat,0
11345.dat,0
973d0f.dat,0
4760d02.dat,1
21709.dat,0
60033.dat,1
26066.dat,0
6058327b.dat,0
11477pz1.dat,0
3816bpx0.dat,0
190295d.dat,0
32013.dat,0
24607d01.dat,1
165485a.dat,0
14639p05.dat,0
30292bd05.dat,0
768.dat,1
u8017c01.dat,0
4286d02.dat,1
4162p19.dat,0
2431pzo.dat,0
30162.dat,0
18836.dat,0
3040bdy0.dat,1
22969c01.dat,0
28739.dat,1
30176.dat,1
197875b.dat,0
15504p01.dat,0
89849.dat,0
22385px1.dat,0
73200pq2.dat,0
3626bp0c.dat,1
3626bp39.dat,1
2431px1.dat,0
6587.dat,1
192375f.dat,0
13710m.dat,0
32007.dat,0
100943.dat,0
004283c.dat,0
3399.dat,0
2699c01.dat,0
65151c01-f1.dat,0
u9494.dat,0
15490.dat,0
13787p02.dat,0
6318649a.dat,0
42073c02.dat,1
3815cbd.dat,0
92198p01c13.dat,1
2911.dat,0
3817bp70.dat,0
87694.dat,0
3005pe6.dat,1
u9151p02.dat,0
13787.dat,0
754.dat,0
2431pz9.dat,0
65611.dat,0
998.dat,1
13793.dat,0
740.dat,0
3626bp05.dat,1
4162p0k.dat,0
3068bpm3.dat,0
92198p01c07.dat,1
2799c01.dat,0
3817bp6u.dat,0
3069bpt4.dat,0
u9529-f1.dat,0
2905.dat,0
64022c02.dat,1
3650a.dat,0
6036369c.dat,0
3004d0l.dat,1
6255869pc01.dat,0
3068bp88.dat,0
30370ps3.dat,0
98138pb1.dat,0
u9480.dat,0
822a.dat,0
30090b.dat,0
2446p01.dat,0
6236.dat,1
35967.dat,0
22385p021.dat,0
37352p01.dat,0
737c01-f2.dat,1
003497b.dat,0
3039pc6.dat,1
4211063.dat,1
11203p01.dat,1
11609.dat,0
6115204f.dat,0
4347.dat,1
4638848b.dat,0
21019bpdgb.dat,0
10350p02.dat,0
2507pa2.dat,0
2736.dat,0
80267p01.dat,0
99455.dat,0
12589c02.dat,0
89646.dat,0
u8013.dat,0
6550.dat,0
973.dat,0
45677d01.dat,1
4215ad0e.dat,1
4201018b.dat,0
777p16.dat,0
25866p01.dat,0
2431pt2.dat,0
164575c.dat,0
79717p01-f1.dat,0
967.dat,1
98138p85.dat,0
30261df0.dat,0
777p02.dat,0
3069bpxa.dat,0
4353.dat,0
3626cpd63.dat,1
70591.dat,0
50899.dat,0
2546p01.dat,0
3068bp77.dat,0
2044.dat,0
6142275f.dat,0
6142617fc01.dat,0
77598.dat,1
4003c01.dat,1
20461px0.dat,0
52730.dat,0
6222.dat,1
22385p035.dat,0
61068d02.dat,0
4533401g.dat,0
59895.dat,0
59349ph1.dat,1
3482c01.dat,0
4864ad04.dat,1
3596d06.dat,0
6062886h.dat,0
3960p0f.dat,1
3626bph9.dat,1
4544258fc01.dat,0
71830-f1.dat,0
32952.dat,1
u9331.dat,0
4215ad03.dat,1
3069bpzi.dat,0
6041468c.dat,0
11153.dat,0
63864pz3.dat,0
3817bp8i.dat,0
6578c01.dat,0
19206p01.dat,0
5065.dat,1
47203p03.dat,0
16709p0h.dat,1
41764.dat,1
3069bpx7.dat,0
11147.dat,0
4159998c.dat,0
3626cpd6e.dat,1
3068bpa0.dat,0
49656p03.dat,0
18605.dat,1
64225d02.dat,0
30189.dat,1
41770.dat,1
13750.dat,0
55705.dat,0
783.dat,0
6578.dat,0
u9325.dat,1
98138p8c.dat,0
4622303k.dat,0
169625a.dat,0
98138pn2.dat,0
15447.dat,0
22385p009.dat,0
3068bp7a.dat,0
2507p61.dat,0
6142275q.dat,0
30837.dat,1
3821p60.dat,1
30585b.dat,1
4150p40.dat,0
3596d12.dat,0
15522p01.dat,0
22385p031.dat,0
80672.dat,1
93168.dat,1
6142275b.dat,0
2040.dat,1
3068bp73.dat,0
2739a.dat,0
3623pz1.dat,1
57894.dat,1
u9062c02.dat,1
3815pc44.dat,0
2726.dat,0
41748.dat,1
94161.dat,0
3626cpd67.dat,1
98138p81.dat,0
164575g.dat,0
777p06.dat,0
65826.dat,0
2431pt6.dat,0
6540.dat,0
4215ad0a.dat,1
977.dat,0
u9582b.dat,0
777p12.dat,0
4201018f.dat,0
6554.dat,0
u8017.dat,0
4638848f.dat,0
56220.dat,0
2928c02.dat,1
6115204b.dat,0
4343.dat,0
3039pc2.dat,1
003497f.dat,0
3817bpm0.dat,0
33909d01.dat,1
3068bp67.dat,0
92262.dat,1
6232.dat,1
22385p025.dat,0
004847c.dat,0
822e.dat,0
3960p04.dat,1
3596d16.dat,0
82059.dat,0
6138629g.dat,0
5713.dat,0
45274.dat,0
98138pn6.dat,0
169625e.dat,0
15443.dat,0
u9447.dat,0
98138p8g.dat,0
u9321.dat,0
4622303o.dat,0
787.dat,0
6005724b3.dat,0
13754.dat,0
4224792.dat,1
18601.dat,1
6126972b.dat,0
11143.dat,0
44341p02.dat,1
3404.dat,1
3069bpx3.dat,0
3626cpd6a.dat,1
u9107p02c02.dat,0
92538.dat,1
u600p01c02.dat,0
16709p0l.dat,1
2431bp52.dat,0
4215ad07.dat,1
15680c01.dat,0
793.dat,1
4207712a.dat,0
2513p04.dat,1
30485ps0.dat,1
22385p019.dat,0
10057pm0.dat,1
15457.dat,0
3960p0b.dat,1
24852.dat,0
35787.dat,0
93140.dat,1
3482c05.dat,0
3039pcd.dat,1
3596d02.dat,0
43370c01-f1.dat,0
30584b.dat,1
4032b.dat,0
4533401c.dat,0
30614.dat,1
69761.dat,0
3684ap22.dat,1
32003.dat,0
75348.dat,0
192375b.dat,0
13710i.dat,0
38547p01.dat,0
3626bp0g.dat,1
778.dat,1
6583.dat,1
4162p09.dat,0
4774c01.dat,0
4162p0x.dat,0
18826.dat,0
3817bp6f.dat,0
30172.dat,1
60751.dat,0
30166.dat,1
4286d06.dat,1
2431pzk.dat,0
33009k02.dat,0
165485e.dat,0
191485d.dat,0
30292bd01.dat,0
14639p01.dat,0
32017.dat,0
92251p03.dat,0
41835p02.dat,0
3068bp9n.dat,0
3817bpa3.dat,0
73697c01.dat,1
98138pb5.dat,0
u9484.dat,1
3819px1.dat,0
3626c.dat,1
3004d0h.dat,1
3069bpt0.dat,0
68325.dat,1
3817bp60.dat,0
2901.dat,0
93062p02.dat,0
92198p01c03.dat,1
50862.dat,0
3626bp01.dat,1
3626bp3k.dat,1
744.dat,1
44817.dat,0
30126p02.dat,0
4106548.dat,1
4162p0o.dat,0
750.dat,0
4162p1k.dat,0
988.dat,1
87690.dat,0
3005pe2.dat,1
2943a.dat,0
3962b.dat,1
15254d02.dat,1
3068bp98.dat,0
21731.dat,1
98138pc1.dat,0
u9490.dat,0
u8201.dat,1
80316.dat,0
164555e.dat,0
30145p02.dat,1
48208.dat,1
973d04.dat,0
20460bpde7.dat,0
2524.dat,0
3069bpc9.dat,0
46225.dat,0
6327015b.dat,0
3069bp62.dat,0
6112596b.dat,0
19727p02.dat,0
t1036.dat,0
166285d.dat,0
6024.dat,1
93083p01.dat,1
3626bps7.dat,1
20461bpde7.dat,0
56711gc01.dat,0
31111p08.dat,0
2454adf3.dat,1
6030.dat,0
3148.dat,1
4627.dat,0
16360.dat,0
50335.dat,0
61856.dat,0
4141.dat,0
87079p0h.dat,0
2530.dat,0
3943bp01.dat,0
4616559n.dat,0
243c01.dat,1
87621p02.dat,1
u9411-f1.dat,0
4169.dat,1
37364pdg2.dat,0
973d0b.dat,0
21019p00.dat,0
3816bp8h.dat,0
2518.dat,1
70973.dat,0
3817p8h.dat,0
4297022f.dat,0
164c01d03.dat,1
46219.dat,0
12890.dat,0
47391p01.dat,0
585.dat,0
98565.dat,0
4504369.dat,0
3822p09.dat,1
u9645.dat,0
59278p01.dat,1
27195.dat,0
3160.dat,0
6142617pc01.dat,0
u9105p03c01.dat,0
19729p07.dat,0
3068p18.dat,0
u768p01.dat,0
2340d52.dat,1
47675.dat,1
3626bpsa.dat,1
4222693.dat,0
35252d01.dat,0
194215a.dat,0
12884.dat,0
61678dy3.dat,0
6238a.dat,1
3819pdg7.dat,0
u9137.dat,0
3665p01.dat,1
3068bpx6.dat,0
3069bpap.dat,0
3612.dat,0
191915e.dat,0
3069bpa1.dat,0
30370.dat,0
189c01.dat,1
3821.dat,1
4196.dat,0
92909.dat,0
4263624.dat,0
92241p06.dat,0
32201.dat,0
3817paw.dat,0
u8002b.dat,1
85984dyc.dat,0
47846.dat,1
76443.dat,1
3816bpaw.dat,0
u9108p03c02.dat,0
6372023g.dat,0
70026.dat,1
87569p01.dat,0
30402.dat,1
208.dat,1
4347c01d05.dat,1
72631.dat,1
64053.dat,1
30259ap03.dat,0
92241p12.dat,0
6141875rc01.dat,0
92241p14c01.dat,0
30375cs2.dat,1
30364.dat,1
3835.dat,0
3404cc01.dat,1
4182.dat,1
21269.dat,0
30178c03.dat,0
3068bptc.dat,0
29635.dat,0
66645a.dat,0
6965.dat,1
73261.dat,1
3960ps2.dat,1
76319.dat,0
3816bp71.dat,0
4215p07.dat,1
85984dy5.dat,0
u9147p01c06.dat,0
2571d03.dat,1
73507.dat,0
234.dat,1
92252p02c01.dat,0
23324.dat,0
3245cp00.dat,1
32229.dat,0
2431p70.dat,0
u9234c01.dat,1
2207p01c01.dat,0
30358.dat,1
4650854f.dat,0
3068bpt5.dat,0
4444p07.dat,1
4460bdf2.dat,1
65417.dat,0
73194c01d06.dat,1
552.dat,0
4209b.dat,1
862a.dat,0
925p0v.dat,1
3815pm0.dat,0
u9496c02.dat,0
925p07.dat,1
89520.dat,0
6636.dat,0
3996.dat,1
50018a.dat,1
30185c05.dat,1
u9514c01.dat,0
2450.dat,1
95109.dat,0
57029ac01.dat,0
11209.dat,0
57046f.dat,0
4747.dat,1
u9170c02.dat,1
66858p01.dat,1
6099p05.dat,1
3028.dat,1
164325cc01.dat,0
6177949h.dat,0
2336.dat,1
14417.dat,1
53984.dat,0
6074343i.dat,0
15709.dat,0
3068bd0n.dat,0
3626cpnc.dat,1
3626cpm9.dat,1
2924bc02d01.dat,1
56630.dat,0
95292-f1.dat,0
3817cphb.dat,0
004488a.dat,0
43750p01.dat,0
3038p01.dat,1
2444.dat,1
t1059k02.dat,0
4211477.dat,1
15530p01.dat,0
4035.dat,1
64682.dat,0
3626cp82.dat,1
80276.dat,0
3626cp8s.dat,1
89534.dat,0
6260c01.dat,1
11235.dat,0
u9057.dat,0
u9142p01c09.dat,0
925p0a.dat,1
397.dat,1
3068bd08.dat,0
21490.dat,0
93222.dat,1
47715.dat,1
43ps1.dat,0
30589.dat,0
11244p04.dat,0
3070bpx0.dat,0
6178.dat,1
61898f.dat,0
33080.dat,1
6431c01.dat,0
u9043.dat,0
u9105p01c04.dat,0
3626cp8d.dat,1
32276c02.dat,1
91347.dat,0
35660p01.dat,0
58147.dat,1
3766.dat,1
57274.dat,0
23999p01.dat,1
93550.dat,0
12888p01.dat,0
3755a.dat,1
18588.dat,0
2493.dat,1
41768d01.dat,1
3961pn0.dat,1
76382p04.dat,0
99499c01.dat,1
98388.dat,0
6141875t.dat,0
35b.dat,0
368.dat,0
10051p01.dat,0
37366p01.dat,0
30562.dat,1
76537.dat,0
3070bpua.dat,0
3010p0f.dat,1
30361dps3.dat,0
4784.dat,1
3070bpte.dat,0
3010p28.dat,1
4790.dat,1
973pwc.dat,0
22172.dat,0
69947p01.dat,0
6187.dat,0
2847c02.dat,0
4140643.dat,0
76382p1q.dat,0
3626cp7k.dat,1
6177969fc01.dat,0
3941.dat,0
40598d.dat,0
30210.dat,0
6069d04.dat,1
76382p0b.dat,0
432.dat,0
42545p04.dat,0
3241ac04.dat,1
46224c01.dat,1
16599.dat,0
93587.dat,1
30238.dat,0
3710py0.dat,1
30361dpse.dat,0
92241p18c01.dat,0
6141875c.dat,0
t1052c02.dat,1
973puk.dat,0
u9058c03.dat,1
34738.dat,1
33057.dat,0
354.dat,0
973pw5.dat,0
3626cpb6.dat,1
42862.dat,1
6636d01.dat,0
185c01.dat,1
340.dat,1
18605p01.dat,1
4974.dat,0
3010p14.dat,1
3070bptr.dat,0
u588p02c02.dat,0
93593.dat,0
3067pt3.dat,1
76279.dat,0
64393d01.dat,0
76382p1f.dat,0
426.dat,0
u9080.dat,0
73200bps4.dat,0
6255869jc01.dat,0
3240a.dat,0
379421.dat,1
973pay.dat,0
22385p145.dat,0
73200bp02.dat,0
973pbb.dat,0
973pa8.dat,0
u9141p01c01.dat,0
190775c.dat,0
51349.dat,0
251c01.dat,1
40244.dat,0
5.dat,1
4751a.dat,1
4614415d.dat,0
164c02.dat,1
4223.dat,1
15068pt0.dat,0
93091p01.dat,0
973p43.dat,0
973p7i.dat,0
57.dat,1
92911c01.dat,0
164325b.dat,0
30118p6v.dat,1
973p4r.dat,0
43898pa1.dat,1
u9269.dat,0
817.dat,1
60800a.dat,0
43.dat,0
973p57.dat,0
3298p19.dat,1
32190d01.dat,0
13608.dat,1
3004pt3.dat,1
803.dat,1
15279.dat,0
39793.dat,0
16770.dat,0
6153754m.dat,0
604615.dat,0
4237.dat,1
29580.dat,0
60672c02.dat,1
3149c.dat,1
4198p06.dat,0
63864d01.dat,0
22385p151.dat,0
53983p02.dat,0
99243.dat,0
bb.dat,0
14769ph0.dat,0
75902p09.dat,0
192895d.dat,0
15537.dat,0
973pbu.dat,0
u9533.dat,0
32188.dat,0
973pb4.dat,0
2340p01.dat,1
195.dat,1
4223189.dat,0
15429p08.dat,1
973p4e.dat,0
98613.dat,0
26674-f1.dat,0
u9255.dat,0
87552df0.dat,1
18973p01.dat,1
3570.dat,0
48156.dat,0
4297014d.dat,0
973p5a.dat,0
25386.dat,0
35195.dat,1
u9241.dat,0
15523.dat,0
181.dat,1
973pc0.dat,0
52668.dat,1
41944p02.dat,0
4216816a.dat,0
191888c.dat,0
48156p01.dat,0
67638.dat,1
4586.dat,0
93273pk0.dat,0
92241p06c01.dat,0
17d01.dat,1
973pna.dat,0
3626cpx8.dat,1
6391.dat,0
3001d02.dat,1
52031d01.dat,1
32177.dat,0
821435c.dat,0
973p8q.dat,0
6267174a.dat,0
32020c01.dat,0
22402.dat,1
973p80.dat,0
94.dat,1
98834.dat,0
u9106p02.dat,0
24073.dat,0
2849.dat,0
2685.dat,0
608p03.dat,1
14769p0j.dat,0
579p01c03.dat,1
11202p04c01.dat,0
18946.dat,0
973p9u.dat,0
3008d0h.dat,1
3004px0.dat,1
74650.dat,1
u9228c04.dat,0
55237d.dat,0
80.dat,0
973p94.dat,0
4544045f.dat,0
24067.dat,0
6179d01.dat,1
67196k05.dat,0
20596p02.dat,0
4592.dat,0
820674c.dat,0
4760p02c01.dat,1
4521703c.dat,0
3815bps3.dat,0
973pn7.dat,0
0904.dat,1
6216p01.dat,0
u9008p07.dat,0
58171p01.dat,0
17485.dat,0
2875.dat,1
30372ps2.dat,0
12896p01.dat,0
3004pz8.dat,1
76454c02.dat,1
73117.dat,1
973p8f.dat,0
630.dat,0
812d01.dat,0
u9282.dat,0
15553p01.dat,0
62274c02.dat,0
973p9b.dat,0
3240ac01.dat,1
93791.dat,0
3009p21.dat,1
31330.dat,0
3811p04.dat,1
29219.dat,0
4521703t.dat,0
2916d01.dat,1
10498.dat,0
75214.dat,0
142.dat,1
6020377a.dat,0
87082.dat,0
87079dm1.dat,0
u9537p01.dat,0
50903.dat,0
28660.dat,0
61506.dat,0
973p9c.dat,0
35157.dat,0
u9283.dat,0
35756p01.dat,0
87079dm0.dat,0
73664.dat,1
87083.dat,0
383201.dat,1
143.dat,0
u9153p02.dat,0
27965k02.dat,0
2431d0l.dat,0
4521703u.dat,0
2922b.dat,0
3811p05.dat,1
38301.dat,0
3070bpm0.dat,0
u9008p06.dat,0
157.dat,1
973pn6.dat,0
631.dat,0
973p8g.dat,0
3004pz9.dat,1
2874.dat,0
3817cpc39.dat,0
973p95.dat,0
55237e.dat,0
3004px1.dat,1
973p9t.dat,0
3008d0i.dat,1
18947.dat,0
579p01c02.dat,1
28884.dat,0
4221774.dat,1
14769p0k.dat,0
608p02.dat,1
3816cp30.dat,0
2684.dat,0
3815bps2.dat,0
4521703b.dat,0
4164290.dat,0
822bc01.dat,0
820674b.dat,0
4593.dat,0
u8015c01.dat,0
29117a.dat,0
53588.dat,0
20596p03.dat,0
3817cpd6e.dat,0
67196k04.dat,0
821435b.dat,0
3626cpx9.dat,1
3001d03.dat,1
33268.dat,1
3816cpc39.dat,0
93273pk1.dat,0
3816cpde.dat,0
4587.dat,1
6644k02.dat,0
3816pde.dat,0
70423.dat,0
18979b.dat,0
30007.dat,1
3816cpd6e.dat,0
7930.dat,0
u9106p03.dat,0
98835.dat,1
95.dat,1
973p81.dat,0
u9422c01.dat,0
36083f.dat,0
973p8p.dat,0
u9240.dat,0
35194.dat,0
88415.dat,0
98606.dat,0
3443bc01d01.dat,1
t1064c02.dat,1
45473.dat,0
4297014e.dat,0
47592c01.dat,0
37783.dat,0
60803.dat,0
93273p01.dat,0
3565.dat,1
191888b.dat,0
30180p01.dat,1
47759pm0.dat,1
180.dat,1
973pc1.dat,0
4198p0a.dat,0
7065.dat,1
19204p01.dat,0
15522.dat,0
45301.dat,1
973pb5.dat,0
194.dat,0
163145bc01.dat,0
32189.dat,0
u9532.dat,0
15536.dat,1
973pbt.dat,0
192895e.dat,0
75902p08.dat,0
304c01.dat,1
14769ph1.dat,0
3816cph0.dat,0
86500p02.dat,0
16981.dat,0
11036.dat,0
87552df1.dat,1
u9254.dat,0
6409.dat,0
24246p01.dat,0
973p4d.dat,0
3737c01.dat,0
15429p09.dat,1
3622p01.dat,1
190145a.dat,0
3070bp60.dat,0
604614.dat,0
6153754l.dat,0
802.dat,1
3004pt2.dat,1
2538a.dat,1
973p56.dat,0
3298p18.dat,1
42446.dat,1
3069bd0j.dat,0
4198p07.dat,0
11778.dat,0
64567b.dat,1
3149b.dat,1
40251.dat,0
4614415e.dat,0
4.dat,1
190775b.dat,0
79717p03-f1.dat,0
3816cphf.dat,0
973pa9.dat,0
973pbc.dat,0
22385p144.dat,0
004762a.dat,0
973pax.dat,0
90514.dat,0
816.dat,0
u9268.dat,0
973p4s.dat,0
164325c.dat,0
56.dat,1
973p7h.dat,0
973p42.dat,0
61287p01.dat,0
10314.dat,0
2653.dat,1
15068pt1.dat,0
18990.dat,0
18826p01.dat,0
3070bpts.dat,0
21830-f1.dat,0
194305fc02.dat,0
3070bpt2.dat,0
30367cpx1.dat,1
3010p15.dat,1
13392.dat,0
3004p60.dat,1
3626cpb7.dat,1
973pw4.dat,0
23221k01.dat,0
u9081.dat,0
73200bps5.dat,0
71958c01.dat,1
427.dat,0
76382p1g.dat,0
3067pt2.dat,1
u588p02c03.dat,0
11262p01.dat,0
30239.dat,1
4121584f.dat,0
6810.dat,0
u9147p03c02.dat,0
3939ps2.dat,1
433.dat,0
76382p0c.dat,0
80394a.dat,1
u9058c02.dat,1
32348.dat,0
t1052c03.dat,1
6141875b.dat,0
30361dpsd.dat,0
92242p01c01.dat,0
3010p01.dat,1
42687.dat,0
52494.dat,1
3815p6g.dat,0
973pwb.dat,0
4186017.dat,0
u9210p01c01.dat,0
4791.dat,0
3070bptd.dat,0
18605p0f.dat,1
76244.dat,0
6069d05.dat,1
2486.dat,1
30211.dat,1
61738.dat,0
3940.dat,0
37191c01.dat,1
292126.dat,1
3678bp4x.dat,1
3626cp7j.dat,1
3626cp40.dat,1
44590.dat,1
76382p1p.dat,0
76382p11.dat,0
64898.dat,0
76382p05.dat,0
17485p01.dat,0
76250.dat,0
92243p02.dat,0
3817cp0o.dat,0
30361a.dat,0
30361dps2.dat,0
14396p04.dat,0
3010p0g.dat,1
369.dat,0
6192.dat,0
6141875u.dat,0
22167.dat,0
4287a.dat,1
98389.dat,0
32374.dat,1
6179.dat,1
11244p05.dat,0
95646.dat,0
30588.dat,0
3001.dat,1
93551.dat,0
2479.dat,1
95120.dat,0
89509.dat,0
64867.dat,1
81155.dat,1
3626cp8e.dat,1
u9105p01c05.dat,0
u586p01.dat,0
u9042.dat,0
600880.dat,0
950b.dat,1
u9142p01c08.dat,0
35382.dat,1
u9056.dat,0
u9310c01.dat,1
2979a.dat,1
56619.dat,0
74741-f2.dat,0
95652.dat,0
93223.dat,0
3068bd09.dat,0
98376.dat,0
396.dat,1
4150d02.dat,0
6451314dc01.dat,0
4492pw2.dat,0
3626cpm8.dat,1
3626cpnb.dat,1
2635d01.dat,1
6145.dat,1
973pxz.dat,0
3626cp8r.dat,1
43898px2.dat,1
38339c01.dat,1
74948p02.dat,0
3626cp83.dat,1
44553.dat,0
64683.dat,0
4034.dat,0
27976.dat,0
16529p01.dat,0
2445.dat,1
3684a.dat,1
11208.dat,0
95108.dat,0
592c06.dat,0
30185c04.dat,1
3997.dat,0
6009312f.dat,0
6637.dat,1
925p06.dat,1
3815pm1.dat,0
925p0w.dat,1
3068bd0o.dat,0
6074343h.dat,0
2582d01.dat,1
20695p01.dat,0
2337.dat,1
820785a.dat,0
6177949i.dat,0
3029.dat,1
6099p04.dat,1
50254.dat,0
4746.dat,1
79759.dat,1
59489.dat,0
3069bp88.dat,0
60208.dat,0
u9234c00.dat,1
32228.dat,0
2431p71.dat,0
23325.dat,0
553.dat,1
23443.dat,0
65416.dat,0
4222889a.dat,0
4865d02.dat,0
4444p06.dat,1
3817p6u.dat,0
30258p01.dat,0
3068bpt4.dat,0
3942a.dat,1
3816bp6u.dat,0
4650854g.dat,0
3808.dat,0
10089.dat,0
30359.dat,1
3816bp70.dat,0
4181142.dat,1
32374p01c01.dat,1
20380p02.dat,0
3960ps3.dat,1
22749.dat,0
92241p0a.dat,0
395701.dat,0
2571d02.dat,1
33122.dat,1
98138pz2.dat,0
98567k01.dat,0
85984dy4.dat,0
4215p06.dat,1
39369.dat,0
50862c01.dat,0
41815c01-f1.dat,0
32214.dat,0
30259ap02.dat,0
92241p13.dat,0
209.dat,0
163156d.dat,0
6372023f.dat,0
29634.dat,0
29630p01.dat,0
30178c02.dat,0
21268.dat,0
3068bptb.dat,0
4183.dat,0
3834.dat,0
30365.dat,1
30375cs3.dat,1
34103.dat,1
72156.dat,0
3960pse.dat,1
51943.dat,0
92908.dat,0
4445d01.dat,1
4197.dat,0
3820.dat,0
76324.dat,0
30371.dat,0
76442.dat,1
3817bpx0.dat,0
47847.dat,1
6178096gc01.dat,0
85984dyb.dat,0
u8002c.dat,1
003566d.dat,0
32200.dat,0
92241p07.dat,0
6251p01.dat,0
1762.dat,0
4185495.dat,0
2340d53.dat,1
47674.dat,1
57467.dat,0
6143d01.dat,0
19729p06.dat,0
453bc01.dat,1
3069bpa0.dat,0
95054.dat,0
191915d.dat,0
3613.dat,0
168275a.dat,0
3068bpx7.dat,0
447c01.dat,1
u9136.dat,0
30225p01.dat,1
43374.dat,0
86996.dat,1
98570.dat,0
41894c01.dat,0
590.dat,1
13543.dat,0
61678dy2.dat,0
12885.dat,0
973pc3g.dat,0
45705.dat,1
160425b.dat,0
584.dat,0
12891.dat,0
46218.dat,1
4297022g.dat,0
3817p8i.dat,0
39802p01.dat,0
164c01d02.dat,1
50950d02.dat,0
21019p01.dat,0
3816bp8i.dat,0
973d0c.dat,0
4168.dat,0
u9209p01.dat,0
3492c01.dat,0
3161.dat,1
27194.dat,0
84637b.dat,0
45408p01.dat,0
6019.dat,1
63208p01.dat,1
4286ds1.dat,1
u9644.dat,0
4626.dat,1
3149.dat,1
41239.dat,0
004113b.dat,0
11777p02.dat,0
31111p09.dat,0
2454adf2.dat,1
3587p01.dat,1
44341.dat,1
3626bps6.dat,1
t1023.dat,0
62386.dat,0
4616559o.dat,0
2531.dat,0
3068bpxa.dat,0
2207p01.dat,0
42061pq0.dat,1
19734.dat,1
30461c01.dat,1
46224.dat,1
2525.dat,0
3069bpc8.dat,0
973d05.dat,0
164555d.dat,0
u595p01c01.dat,0
u8200.dat,1
2349b.dat,1
6025.dat,0
30187c01.dat,1
19727p03.dat,0
16375.dat,0
3039pz1.dat,1
6327015c.dat,0
53934p01c01.dat,1
2982c01.dat,1
3005pe3.dat,1
87691.dat,0
989.dat,1
4162p1j.dat,0
751.dat,0
191485r.dat,0
2336p35.dat,1
u9491.dat,1
32533p619.dat,0
3815cba.dat,0
169595b.dat,0
3068bp99.dat,0
3004d0i.dat,1
69984.dat,1
3626b.dat,1
786p01.dat,0
3819px0.dat,0
60483pt1.dat,0
33320.dat,0
u9485.dat,0
6014bc01.dat,0
98138pb4.dat,0
87685.dat,0
4162p0n.dat,0
4170c01.dat,1
30126p03.dat,0
3626bp3j.dat,1
745.dat,0
92198p01c02.dat,1
2900.dat,0
67017.dat,0
3069bpt1.dat,0
22385py0.dat,0
165485d.dat,0
191485e.dat,0
33009k03.dat,0
2431pzj.dat,0
6596.dat,0
4286d07.dat,1
3815c4f.dat,0
2871b.dat,1
30167.dat,0
3626cpd8k.dat,1
2928.dat,1
2797c01.dat,0
60750.dat,0
u66p03.dat,0
73697c00.dat,1
3817bpa2.dat,0
67759.dat,1
30601.dat,0
190295a.dat,0
3017c01.dat,0
35779.dat,0
92251p05c01.dat,0
92251p02.dat,0
32016.dat,0
11187a.dat,1
75349.dat,0
13710h.dat,0
192375c.dat,0
32002.dat,0
32533p631.dat,0
3846p01.dat,0
30173.dat,0
50687.dat,0
4483p01.dat,0
4162p0y.dat,0
4162p08.dat,0
6582.dat,0
3626bp0f.dat,1
779.dat,0
2341pz1.dat,1
792.dat,0
3960pf2.dat,1
4215ad06.dat,1
u9334.dat,0
59233p01.dat,0
94148.dat,1
11156.dat,0
30198.dat,0
41761.dat,1
39802.dat,0
4533401b.dat,0
37191.dat,1
27382.dat,0
4864ad01.dat,1
3596d03.dat,0
3039pce.dat,1
3482c04.dat,0
68495.dat,0
24853.dat,0
15456.dat,1
3960p0c.dat,1
10057pm1.dat,1
22385p018.dat,0
2513p05.dat,1
u9446.dat,0
62812.dat,1
194305h.dat,0
169625d.dat,0
98138pn7.dat,0
15466p01c01.dat,1
45275.dat,0
2797c01-f1.dat,0
5712.dat,1
6138629f.dat,0
48989.dat,0
3068bp7d.dat,0
2507p6u.dat,0
69947.dat,0
3596d17.dat,0
87857pk3.dat,0
6142275t.dat,0
3069bpx2.dat,0
11142.dat,0
35394p00.dat,1
786.dat,0
6005724b2.dat,0
004631a.dat,0
4622303n.dat,0
u9320.dat,0
98138p8f.dat,0
4342.dat,0
004324a.dat,0
6115204c.dat,0
3039p68.dat,1
u8016.dat,0
4201018g.dat,0
777p13.dat,0
u406.dat,0
976.dat,0
u9308.dat,1
32104c01.dat,1
822d.dat,0
3960p05.dat,1
004847b.dat,0
22385p024.dat,0
35962.dat,0
6233.dat,0
57881.dat,0
92263.dat,1
3068bp66.dat,0
3817bpm1.dat,0
4424.dat,1
u9151p02c01.dat,0
3039pc3.dat,1
67196-f1.dat,1
003497g.dat,0
57895.dat,0
559c01.dat,1
3068bp72.dat,0
6142275c.dat,0
2041.dat,1
11618.dat,0
4430.dat,0
208c01.dat,1
90460.dat,0
98138pna.dat,0
22385p030.dat,0
92241p22c01.dat,0
6227.dat,1
89657.dat,0
2431pt7.dat,0
6541.dat,1
4858px4.dat,1
777p07.dat,0
962.dat,0
164575f.dat,0
98138p80.dat,0
3626cpd66.dat,1
3069bpxd.dat,0
41749.dat,1
003497e.dat,0
3039pc1.dat,1
u9151p02c03.dat,0
3349.dat,0
49465.dat,1
6231.dat,0
22385p026.dat,0
3960p07.dat,1
62838.dat,0
4215ad0b.dat,1
4201018e.dat,0
777p11.dat,0
u9582a.dat,0
103918p01.dat,0
u8014.dat,0
4638848e.dat,0
16709p09.dat,1
2928c01.dat,1
60791.dat,1
6115204a.dat,0
3069bpz8.dat,0
24599p00.dat,0
3626cpce9.dat,1
3626cpd64.dat,1
4354.dat,1
2431bp79.dat,0
28925.dat,1
164575d.dat,0
960.dat,0
98138p82.dat,0
777p05.dat,0
6543.dat,1
2431pt5.dat,0
89655.dat,0
15522p02.dat,0
6225.dat,1
22385p032.dat,0
98138pm9.dat,0
80671.dat,1
90462.dat,1
16175.dat,0
2739b.dat,0
3068bp70.dat,0
ms1044.dat,0
2043.dat,0
u9062c01.dat,1
24851.dat,0
u9450.dat,1
3960p0a.dat,1
53401.dat,1
3039pcg.dat,1
47474.dat,1
4032a.dat,0
4864ad03.dat,1
30584a.dat,1
3596d01.dat,0
43370c01-f2.dat,0
3068bp58.dat,0
21019bpdg3.dat,0
u9107p02c01.dat,0
41763.dat,1
u600p01c01.dat,0
3626cpcg1.dat,1
59233p03.dat,0
37365pdg4.dat,0
6041468d.dat,0
4215ad04.dat,1
15332.dat,1
u9534p01c01.dat,0
194535i.dat,0
4207712b.dat,0
790.dat,1
45505.dat,1
u8028.dat,0
98138p8d.dat,0
u9322.dat,1
4622303l.dat,0
004631c.dat,0
784.dat,0
3818pdg1.dat,0
6126972a.dat,0
18602.dat,1
2719.dat,1
3069bpx0.dat,0
44341p01.dat,1
11140.dat,0
47306.dat,0
29c01.dat,1
3626cpd6b.dat,1
t1094k01p01.dat,0
94638.dat,1
87857pk1.dat,0
3596d15.dat,0
92249.dat,0
6219.dat,1
98138pn5.dat,0
62810.dat,0
32014.dat,0
190295c.dat,0
41835p01.dat,0
62623.dat,0
6058327e.dat,0
30603.dat,0
74967c01.dat,0
73697c02.dat,1
u66p01.dat,0
60752.dat,0
2797c03.dat,0
105196.dat,0
41944.dat,0
30165.dat,1
73200psk.dat,0
4188571g.dat,0
4286d05.dat,1
6594.dat,0
2431pzh.dat,0
191485g.dat,0
33009k01.dat,0
14639p02.dat,0
30292bd02.dat,0
3626bp0d.dat,1
6142622vc01.dat,0
6580.dat,0
3003d04.dat,1
30171.dat,0
69762.dat,0
32000.dat,1
192375a.dat,0
13710j.dat,0
3815cbc.dat,0
3815ca9.dat,0
786p17.dat,0
32028.dat,1
98138pc2.dat,0
90397p04.dat,1
u9493.dat,0
191485p.dat,0
753.dat,1
4162p1h.dat,0
92250p03c01.dat,0
18895c01.dat,1
87693.dat,0
3005pe1.dat,1
2943b.dat,0
2916.dat,1
41978.dat,0
3962a.dat,1
15254d01.dat,1
92198p01c14.dat,1
30159.dat,1
16820.dat,0
3069bpt3.dat,0
2902.dat,0
3817bp63.dat,0
93062p01.dat,0
50861.dat,0
30126p01.dat,0
747.dat,0
3626bp02.dat,1
4162p0l.dat,0
87687.dat,0
97149p01.dat,0
98138pb6.dat,0
u9487.dat,0
66645bp01.dat,0
30370ps4.dat,0
33322.dat,0
6311459ac01.dat,0
6221654ac01.dat,0
3004d0k.dat,1
50450.dat,0
3068bpxc.dat,0
4142.dat,0
60593.dat,1
2533.dat,0
87079p0k.dat,0
4616559m.dat,0
243c02.dat,1
3819pdgb.dat,0
87621p01.dat,1
55528.dat,0
6159c01.dat,1
u606.dat,0
u9411-f2.dat,0
u9108.dat,0
t1021.dat,0
93083p02.dat,1
3626bps4.dat,1
44343.dat,1
2454adf0.dat,1
25971.dat,0
4624.dat,0
49673.dat,1
6327015a.dat,0
3069bp61.dat,0
11418.dat,0
19727p01.dat,0
t1035.dat,0
30187c03.dat,1
1748.dat,0
165345b.dat,0
6027.dat,0
973pc27.dat,0
u8202.dat,1
u595p01c03.dat,0
15118.dat,0
164555f.dat,0
30145p01.dat,1
4156.dat,0
3639.dat,1
973d07.dat,0
13359p01.dat,0
2527.dat,0
46226.dat,0
6451314d.dat,0
92711.dat,1
6296256ec01.dat,0
61678dy0.dat,0
45707.dat,1
592.dat,0
6238b.dat,1
3819pdg4.dat,0
972p3j.dat,0
u9134.dat,0
3068bpx5.dat,0
191915f.dat,0
10048.dat,0
30398.dat,0
3069bpa2.dat,0
5260.dat,0
19729p04.dat,0
u9105p03c02.dat,0
92263py0.dat,1
20835.dat,1
4618.dat,1
47676.dat,1
2340d51.dat,1
13710fc01.dat,0
3626bpsb.dat,1
27328p02k03.dat,0
9328.dat,1
51000.dat,0
604548.dat,0
21019p03.dat,0
973d0a.dat,0
4297022e.dat,0
12893.dat,0
586.dat,1
98566.dat,0
24312.dat,1
30375cs1.dat,1
30367.dat,1
3836.dat,0
3404cc02.dat,1
4181.dat,1
29636.dat,0
3188.dat,1
u1852p08.dat,0
u9108p03c01.dat,0
u8003e.dat,1
6372023d.dat,0
20612.dat,1
2296.dat,1
30401.dat,1
79767.dat,0
4347c01d06.dat,1
98138px8.dat,0
72632.dat,1
2332a.dat,0
92241p11.dat,0
32216.dat,0
55299.dat,0
6251p03.dat,0
92241p05.dat,0
22011.dat,1
32202.dat,0
u8002a.dat,1
4070dy0.dat,1
3817bpx2.dat,0
30373.dat,1
3822.dat,1
30138p01.dat,0
98382p01.dat,0
579.dat,1
4650854e.dat,0
3816bp6w.dat,0
004490i.dat,0
3040p32.dat,1
3942c.dat,1
3068bpt6.dat,0
30258p03.dat,0
3817p6w.dat,0
4444p04.dat,1
73200pc97.dat,0
4460bdf1.dat,1
4222889c.dat,0
6422772c.dat,0
65414.dat,0
551.dat,1
4209a.dat,1
2447b.dat,0
35545.dat,0
2431p73.dat,0
u9234c02.dat,1
56903c01.dat,0
37352.dat,0
6131p01.dat,0
4181dt1.dat,1
92088.dat,1
85984dy6.dat,0
4215p04.dat,1
61100.dat,1
u9147p01c05.dat,0
98567k03.dat,0
98138pz0.dat,0
33120.dat,0
92241p0c.dat,0
32558.dat,0
66645b.dat,0
4100338.dat,1
3960ps1.dat,1
004488b.dat,0
t1059k01.dat,0
2447.dat,0
3684c.dat,1
190165a.dat,0
4036.dat,0
64681.dat,0
3626cp81.dat,1
2440p67.dat,0
42918p04.dat,0
3626cp8p.dat,1
3821d08.dat,1
53993.dat,0
3815cc67.dat,0
973px9.dat,0
44237.dat,1
4750.dat,1
79808.dat,0
95292-f2.dat,0
u9170c01.dat,1
4744.dat,1
6099p06.dat,1
57539.dat,0
2335.dat,0
46434.dat,0
6153.dat,1
2582d03.dat,1
6074343j.dat,0
3068bd0m.dat,0
925p0u.dat,1
u9068.dat,0
54756.dat,0
3961pb0.dat,1
925p04.dat,1
u9496c01.dat,0
89523.dat,1
6009312d.dat,0
3995.dat,1
50018b.dat,1
2453.dat,1
592c04.dat,0
57046e.dat,0
4022.dat,0
13710jc01.dat,0
u586p03.dat,0
35394.dat,1
u9040.dat,0
3626cp8g.dat,1
32276c01.dat,1
24299.dat,1
35660p02.dat,0
59154c01.dat,0
93553.dat,0
19118.dat,1
3816cpq0.dat,0
3003.dat,1
3816pq0.dat,0
61898e.dat,0
380.dat,0
3815cc6a.dat,0
6431c02.dat,0
42716c01.dat,0
98374.dat,0
4161103.dat,0
93221.dat,1
3017.dat,0
95650.dat,0
10128.dat,0
u9310c03.dat,1
11236.dat,0
58150.dat,0
4128503.dat,0
64871.dat,0
925p0b.dat,1
2847c01.dat,1
76382p1r.dat,0
3626cp7h.dat,1
3942.dat,1
26603d09.dat,0
30213.dat,0
2484.dat,1
19859.dat,0
497a.dat,1
3070bptf.dat,0
4793.dat,1
92262ph1.dat,1
53788.dat,0
6184.dat,1
u1023d.dat,0
74323.dat,1
4287c.dat,1
6190.dat,0
35a.dat,1
30561.dat,0
92244p09.dat,0
37366p02.dat,0
3010p0e.dat,1
66727.dat,1
3070bpub.dat,0
3070bpv8.dat,0
29030.dat,1
37702p01.dat,0
3956.dat,1
3755b.dat,1
3817cp0m.dat,0
76252.dat,0
2490.dat,1
76382p07.dat,0
76382p0v.dat,0
78257.dat,1
93590.dat,1
u588p02c01.dat,0
64393d02.dat,0
425.dat,1
76382p1e.dat,0
u9083.dat,1
3240b.dat,0
973pw6.dat,0
3815p63.dat,0
3626cpb5.dat,1
185c02.dat,1
6636d02.dat,0
343.dat,0
18605p02.dat,1
3070bpt0.dat,0
3010p17.dat,1
3070bptq.dat,0
3010p03.dat,1
30361dpsf.dat,0
t1052c01.dat,1
33054.dat,0
87079dt0.dat,0
431.dat,0
76382p0a.dat,0
72008.dat,0
35343.dat,0
92842.dat,0
51809.dat,1
41751p01.dat,1
6197394i.dat,0
69819.dat,0
40253.dat,1
84772p01c01.dat,0
6152075d.dat,0
u9518.dat,0
4198p05.dat,0
3069bd0h.dat,0
42444.dat,0
22385p152.dat,0
73841.dat,1
53983p01.dat,0
99240.dat,0
6345.dat,0
40.dat,1
973p54.dat,0
2538c.dat,1
800.dat,0
4234.dat,1
6153754n.dat,0
39790.dat,0
48169.dat,1
18986.dat,1
2645.dat,0
60672c01.dat,1
3622p03.dat,1
4220.dat,0
164c01.dat,1
2651.dat,0
61287p03.dat,0
973p40.dat,0
973p7j.dat,0
164325a.dat,0
30118p6u.dat,1
973p4q.dat,0
43898pa2.dat,1
814.dat,0
60800b.dat,0
973paz.dat,0
004762c.dat,0
42450.dat,0
73200bp01.dat,0
973pba.dat,0
22385p146.dat,0
u9141p01c02.dat,0
6.dat,0
4614415g.dat,0
4751b.dat,1
16001.dat,0
7067.dat,1
u9524.dat,0
4198p0c.dat,0
973pc3.dat,0
182.dat,1
41944p01.dat,0
4216816b.dat,0
3817cpsk.dat,0
61406p08.dat,1
4208.dat,0
95320.dat,0
60801.dat,1
973p5b.dat,0
973p68.dat,0
401926.dat,0
67144c01.dat,0
98604.dat,0
90258.dat,1
u9242.dat,0
973p4f.dat,0
68.dat,0
24246p03.dat,0
26674-f2.dat,0
54568.dat,0
828.dat,1
87552df3.dat,1
11034.dat,0
18973p02.dat,1
30027bc01.dat,0
21849.dat,1
304c03.dat,1
973pbv.dat,0
15534.dat,0
81427.dat,0
196.dat,0
973pb7.dat,0
3684cph0.dat,1
6564dy0.dat,1
3324d.dat,1
6179d02.dat,1
20596p01.dat,0
4591.dat,0
2431d08.dat,0
u9006p01.dat,0
3816cp0h.dat,0
16968.dat,1
2686.dat,0
14769p0i.dat,0
47299.dat,0
18945.dat,0
32606.dat,0
3004px3.dat,1
3008d0k.dat,1
973p9v.dat,0
44790.dat,0
55237g.dat,0
973p97.dat,0
34277.dat,0
4116604.dat,1
6267174b.dat,0
973p8r.dat,0
4650853ac01.dat,0
36083d.dat,0
64454.dat,1
2587pm0.dat,0
u9106p01.dat,0
973p83.dat,0
97.dat,1
4209p01.dat,1
18789.dat,0
6079d02.dat,1
15068px0.dat,0
4585.dat,1
973pnb.dat,0
973pm8.dat,0
169.dat,0
62743.dat,1
3001d01.dat,1
52031d02.dat,1
32174.dat,0
u1193.dat,1
38317.dat,0
57908.dat,1
2916d02.dat,1
141.dat,1
168185a.dat,0
73666.dat,0
87081.dat,1
u9281.dat,0
973p9a.dat,0
62274c01.dat,0
3240ac02.dat,1
2727bc01.dat,0
50901.dat,0
3009p22.dat,1
93792.dat,1
31333.dat,0
30039.dat,0
61510.dat,0
17486.dat,0
2876.dat,1
41818.dat,0
30372ps1.dat,0
76454c01.dat,1
973p8e.dat,0
633.dat,0
155.dat,0
6216p02.dat,0
u9008p04.dat,0
2959c01.dat,0
30987.dat,1
11949.dat,0
632.dat,0
30372ps0.dat,0
2877.dat,1
48183.dat,1
4181p03d01.dat,1
50914.dat,0
95490.dat,0
4216695.dat,1
60169.dat,1
u9008p05.dat,0
6216p03.dat,0
973pn5.dat,0
154.dat,0
87080.dat,0
140.dat,1
33243.dat,1
u9153p01.dat,0
57909.dat,1
27965k01.dat,0
3351bp15.dat,0
2922a.dat,0
3009p23.dat,1
50900.dat,0
13785p01.dat,0
11477d01.dat,0
15284.dat,0
35154.dat,1
u9280.dat,0
15068px1.dat,0
18788.dat,0
18979a.dat,0
96.dat,1
973p82.dat,0
73129.dat,0
973p8s.dat,0
36083e.dat,0
6267174c.dat,0
821435a.dat,0
32175.dat,0
52031d03.dat,1
973pm9.dat,0
4550640a.dat,0
6644k01.dat,0
4521703a.dat,0
3815bps1.dat,0
820674a.dat,0
822bc02.dat,0
2431d09.dat,0
4590.dat,1
4220ac01.dat,0
99550c01.dat,0
29117b.dat,0
6179d03.dat,1
3324e.dat,1
973p96.dat,0
55237f.dat,0
11477d0g.dat,0
3008d0j.dat,1
973p9w.dat,0
3004px2.dat,1
32607.dat,1
18944.dat,0
579p01c01.dat,1
47298.dat,0
608p01.dat,1
14769p0h.dat,0
92253p04.dat,0
2687.dat,1
30010.dat,0
30102p01.dat,1
18973p03.dat,1
11035.dat,0
87552df2.dat,1
49242p01c01.dat,1
829.dat,0
15680p01c01.dat,0
69.dat,0
973p4g.dat,0
24246p02.dat,0
197.dat,1
973pb6.dat,0
81426.dat,0
32807dy0.dat,1
973pbw.dat,0
15535.dat,0
304c02.dat,1
192895f.dat,0
86500p01.dat,0
51377.dat,0
47501.dat,0
191888a.dat,0
30180p02.dat,1
6378.dat,0
973pc2.dat,0
183.dat,1
4198p0b.dat,0
u9525.dat,0
u9243.dat,0
35197.dat,1
973p6x.dat,0
t1064c01.dat,1
973p69.dat,0
973p5c.dat,0
4297014f.dat,0
4209ap70.dat,1
79389.dat,1
95321.dat,0
2678.dat,1
4209.dat,1
815.dat,0
973p4p.dat,0
973p7k.dat,0
973p41.dat,0
6436.dat,0
24246p0d.dat,0
61287p02.dat,0
2650.dat,0
15068pt2.dat,0
4221.dat,0
16000.dat,0
4614415f.dat,0
4751c.dat,0
3228.dat,0
7.dat,0
79717p03-f2.dat,0
190775a.dat,0
22385p147.dat,0
73200bp3j.dat,0
004762b.dat,0
6177949ec01.dat,0
42445.dat,1
3069bd0i.dat,0
4198p04.dat,0
170872a.dat,0
u9519.dat,0
3149a.dat,0
64567a.dat,1
6197394h.dat,0
3622p02.dat,1
10303.dat,0
190145b.dat,0
6153754o.dat,0
48168.dat,0
90265.dat,0
801.dat,1
2538b.dat,1
3004pt1.dat,1
675p01.dat,0
973p55.dat,0
87079dt1.dat,0
u9058c01.dat,1
6141875a.dat,0
6035a.dat,0
30361dpsg.dat,0
3010p02.dat,1
u9147p03c01.dat,0
15092.dat,1
3939ps1.dat,1
430.dat,0
23221k02.dat,0
32439.dat,0
3240c.dat,0
73200bps6.dat,0
4215bps1.dat,1
u9082.dat,0
15086.dat,1
32bc01.dat,1
76382p1d.dat,0
424.dat,0
64393d03.dat,0
3067pt1.dat,1
4506c01.dat,0
93591.dat,1
78256.dat,1
3070bptp.dat,0
21445.dat,1
194305fc01.dat,0
21830-f2.dat,0
3010p16.dat,1
3070bpt1.dat,0
18605p03.dat,1
342.dat,0
3626cpb4.dat,1
92198p13c01.dat,1
973pw7.dat,0
30361dps1.dat,0
3070bpuc.dat,0
3010p0d.dat,1
92244p08.dat,0
18973p06d01.dat,1
6191.dat,0
6141875v.dat,0
4287b.dat,1
2563a.dat,1
300321.dat,1
76382p06.dat,0
92243p01.dat,0
3957.dat,0
87776pk4.dat,0
52035c01.dat,1
2485.dat,0
30212.dat,1
4586822a.dat,0
3943.dat,0
3626cp7i.dat,1
418.dat,1
2847c00.dat,0
76382p12.dat,0
34d.dat,0
408526.dat,1
3626cpbb.dat,1
973pwa.dat,0
4792.dat,0
54696p02c01.dat,0
3070bptg.dat,0
74741-f1.dat,0
4779.dat,1
93220.dat,0
98375.dat,0
395.dat,1
4150d01.dat,0
3039d04.dat,1
950a.dat,1
925p0c.dat,1
42109.dat,0
u9055.dat,0
11237.dat,0
u9310c02.dat,1
18575.dat,0
93552.dat,0
6259665gc01.dat,0
35660p03.dat,0
191076a.dat,0
3626cp8f.dat,1
u9041.dat,0
u586p02.dat,0
3004ptc1.dat,1
u9105p01c06.dat,0
381.dat,0
61898d.dat,0
17134.dat,0
3816pq1.dat,0
3002.dat,1
190775.dat,0
84748.dat,0
3816cpq1.dat,0
19119.dat,0
3815p89.dat,0
3068bd0l.dat,0
2582d02.dat,1
99377p01.dat,0
6074343k.dat,0
428621.dat,1
6152.dat,1
66857d01.dat,0
298c01.dat,0
51149.dat,0
820785b.dat,0
6099p07.dat,1
4745.dat,0
4771a.dat,1
4023.dat,0
57046d.dat,0
592c05.dat,0
70839.dat,0
2452.dat,1
6009312e.dat,0
50018c.dat,1
89522.dat,0
42135.dat,0
925p05.dat,1
3815pm2.dat,0
925p0t.dat,1
u9069.dat,0
3626cp8q.dat,1
38339c02.dat,1
43898px1.dat,1
3815bpc44.dat,0
3626cp80.dat,1
74948p01.dat,0
80274.dat,0
64680.dat,0
3037d01.dat,1
16529p02.dat,0
2446.dat,0
3980.dat,0
004488c.dat,0
4492pw1.dat,0
4751.dat,1
3626cpna.dat,1
973px8.dat,0
2571d01.dat,1
15680.dat,0
92241p0b.dat,0
98567k02.dat,0
75174.dat,1
33121.dat,1
98138pz1.dat,0
45677ds1.dat,1
u9147p01c04.dat,0
4215p05.dat,1
4181dt0.dat,1
85984dy7.dat,0
3816bpb8.dat,0
41815c01-f2.dat,0
20380p01.dat,0
u9141p01.dat,0
4100339.dat,1
32559.dat,0
73194c01d04.dat,1
550.dat,1
4865d01.dat,0
4460bdf0.dat,1
4222889b.dat,0
4444p05.dat,1
3817p6v.dat,0
3068bpt7.dat,0
3942b.dat,1
30258p02.dat,0
3040p33.dat,1
004490h.dat,0
4650854d.dat,0
3816bp6v.dat,0
3069bpm0.dat,0
49699.dat,1
78444.dat,1
2431p72.dat,0
255526.dat,0
35544.dat,0
236.dat,1
73200b.dat,0
47844.dat,1
27168.dat,1
30414.dat,1
85984dya.dat,0
19086.dat,0
32203.dat,0
92241p04.dat,0
u9209p01c01.dat,0
6251p02.dat,0
15864.dat,1
4615865bc01.dat,0
55298.dat,0
578.dat,0
24307.dat,1
95328p01.dat,0
4445d02.dat,1
3823.dat,1
6019987.dat,1
30372.dat,0
92241p0dc01.dat,0
4180.dat,1
3068bpta.dat,0
30178c01.dat,0
3837.dat,0
53400c04.dat,1
30366.dat,1
30375cs0.dat,1
65429.dat,1
6797.dat,0
62233c01.dat,0
92253p04c01.dat,0
6142622nc01.dat,0
30259ap01.dat,0
3324dc01.dat,1
64051.dat,0
35578.dat,0
72633.dat,1
98138px9.dat,0
4347c01d07.dat,1
79766.dat,0
30400.dat,1
2297.dat,0
4345ap03.dat,1
64776p01.dat,1
10908.dat,0
6372023e.dat,0
u8003d.dat,1
95228p01.dat,1
u1852p09.dat,0
3189.dat,1
4865ad07.dat,0
19079.dat,1
3492c02.dat,0
4501575.dat,1
t1008.dat,0
160425a.dat,0
43363.dat,0
973pdb7.dat,0
4198678d.dat,0
39742p03.dat,0
164c01d01.dat,1
4297022d.dat,0
50950d01.dat,0
3003126.dat,0
20461pckc.dat,0
21019p02.dat,0
604549.dat,0
6009254bc01.dat,0
92738.dat,0
30399.dat,1
3069bpa3.dat,0
10049.dat,0
191915g.dat,0
3068bpx4.dat,0
30225p02.dat,1
81022.dat,1
593.dat,0
45706.dat,1
61678dy1.dat,0
27328p02k02.dat,0
3626bpsc.dat,1
90649.dat,0
4619.dat,0
2340d50.dat,1
6143d02.dat,0
3176.dat,1
19729p05.dat,0
165345c.dat,0
6026.dat,1
30187c02.dat,1
t1034.dat,0
19727p00.dat,0
92710.dat,0
6451314e.dat,0
46227.dat,0
30461c02.dat,1
3011pt8.dat,0
54200dy6.dat,0
2526.dat,0
973d06.dat,0
164555g.dat,0
u595p01c02.dat,0
2349a.dat,1
u8203.dat,1
u9109.dat,0
84638p01.dat,0
55529.dat,0
87079p0j.dat,0
2532.dat,0
60592.dat,1
4143.dat,0
50451.dat,0
3068bpxb.dat,0
4625.dat,0
4767a.dat,0
50337.dat,1
6032.dat,0
11777p01.dat,0
004113a.dat,0
2454adf1.dat,1
3626bpst.dat,1
3587p02.dat,1
2465dm0.dat,1
3626bps5.dat,1
93083p03.dat,1
t1020.dat,0
44342.dat,1
87686.dat,0
67931p01.dat,1
4162p0m.dat,0
746.dat,0
3626bp03.dat,1
50860.dat,0
92198p01c01.dat,1
68327.dat,0
2903.dat,0
3069bpt2.dat,0
3004d0j.dat,1
3626a.dat,1
60483pt2.dat,0
3819px3.dat,0
30370ps5.dat,0
u9486.dat,0
98138pb7.dat,0
2336p36.dat,1
15496.dat,0
u9492.dat,0
98138pc3.dat,0
32029.dat,0
2454adq8.dat,1
90397p05.dat,1
31520.dat,0
169595a.dat,0
3815cbb.dat,0
10288.dat,0
30158.dat,0
35700d01.dat,0
2917.dat,1
87692.dat,0
35020.dat,0
65617.dat,0
4162p1i.dat,0
191485q.dat,0
752.dat,0
30170.dat,0
3003d05.dat,1
60747.dat,0
4162p0z.dat,0
13971.dat,0
6581.dat,0
24093pc1.dat,0
3626bp0e.dat,1
13710k.dat,0
54384.dat,1
32001.dat,1
26074.dat,1
2044c01.dat,1
3846p02.dat,0
13789p01.dat,0
73697c03.dat,1
4760d04.dat,1
30602.dat,0
6058327d.dat,0
62622.dat,0
4629916.dat,1
190295b.dat,0
6045703a.dat,0
92251p01.dat,0
32015.dat,0
61898ec01.dat,0
74040.dat,0
14639p03.dat,0
30292bd03.dat,0
2372c01d01.dat,1
770ph1.dat,0
13965.dat,1
191485f.dat,0
6595.dat,0
2431pzi.dat,0
4286d04.dat,1
4188571f.dat,0
30164.dat,1
2871a.dat,1
2797c02.dat,0
3069bpx1.dat,0
3626cpcf4.dat,1
18603.dat,0
6177949ic01.dat,0
89668.dat,0
6005724b1.dat,0
004631b.dat,0
785.dat,1
13756.dat,0
4622303m.dat,0
15327.dat,1
u9323.dat,0
98138p8e.dat,0
u9445.dat,0
30261d01.dat,0
98138pn4.dat,0
15466p01c02.dat,1
6218.dat,1
92248.dat,0
18165.dat,0
2797c01-f2.dat,0
27395.dat,0
3008pt1.dat,1
3596d14.dat,0
69944.dat,0
6142275w.dat,0
18171.dat,0
4533401a.dat,0
3068bp59.dat,0
3039pcf.dat,1
53400.dat,1
15455.dat,1
6318649ac01.dat,0
89679pt0.dat,0
u8029.dat,0
791.dat,0
33492.dat,1
194535h.dat,0
3960pf1.dat,1
u9337.dat,0
4215ad05.dat,1
6041468e.dat,0
62501c01.dat,1
59233p02.dat,0
41762.dat,1
3005741.dat,1
6542.dat,0
89654.dat,0
2431pt4.dat,0
777p04.dat,0
98138p83.dat,0
164575e.dat,0
961.dat,1
3626cpcfb.dat,1
3626cpce8.dat,1
71689.dat,0
559c02.dat,1
3816bpu1.dat,0
2042.dat,1
3068bp71.dat,0
3596d28.dat,0
90463.dat,0
u9479.dat,0
98138pnb.dat,0
98138pm8.dat,0
22385p033.dat,0
3960p06.dat,1
64290.dat,0
15469.dat,0
004847a.dat,0
2525ps1.dat,0
22385p027.dat,0
42531.dat,0
6230.dat,0
3817bpm2.dat,0
67196-f2.dat,1
003497d.dat,0
u9151p02c02.dat,0
3039pc0.dat,1
004324b.dat,0
4341.dat,0
3817bp89.dat,0
3069bpz9.dat,0
2730.dat,1
16709p08.dat,1
4638848d.dat,0
6556.dat,1
u8015.dat,0
777p10.dat,0
4201018d.dat,0
4215ad0c.dat,1
975.dat,0
3960ps1a.dat,0
41752s02.dat,0
89534s02.dat,0
u9078s02.dat,0
35394p00s01.dat,0
t1072s03.dat,0
58101s04.dat,0
3960psbs01.dat,0
6142617ss08.dat,0
3961s01.dat,0
93092s01.dat,0
30075p02s02.dat,0
81911s01.dat,0
52040s03.dat,1
3861s01.dat,1
72514s02.dat,0
79768s01.dat,0
30361s01.dat,0
44375p03s01.dat,0
3998as01.dat,0
swh3.dat,0
47380s01.dat,0
90538s01.dat,0
2473as01.dat,0
10131s01.dat,0
2490s02.dat,0
973paws01.dat,0
magnet.dat,0
2490p40a.dat,0
75902p01a.dat,0
6009312ds02.dat,0
61480s01.dat,0
11575s04.dat,0
85947s01.dat,0
u9461s01.dat,0
u9105s02.dat,0
16178s02.dat,0
usflags03.dat,0
35700s01.dat,0
973phba.dat,0
10908s01.dat,0
004452bs01.dat,0
u9150s03.dat,0
1881s01.dat,0
973pbis01.dat,0
13786s03.dat,0
973ph5b.dat,0
12895s01.dat,0
3626cp7cs01.dat,0
71710s01.dat,0
6141875vs01.dat,0
93089p01s01.dat,0
15450s01.dat,0
4492pw1s01.dat,0
95341p01s02.dat,0
6069s101.dat,0
11418s01.dat,0
43898ps2s01.dat,0
71122s01.dat,0
3009ptgs02.dat,0
15429p09s01.dat,0
24067p02s03.dat,0
2552p05s07.dat,0
28220s01.dat,0
18675s04.dat,0
3298p90a.dat,0
15362s01.dat,0
3001p10s01.dat,0
6142275ads02.dat,0
6148328bcs22.dat,0
6143s02.dat,0
30180p02s02.dat,0
u9402s01.dat,0
65817s01.dat,0
6142275cs01.dat,0
35132s01.dat,0
3626bp84s02.dat,0
4201639s02b.dat,0
92084s06.dat,0
948bs01.dat,0
20474s01.dat,0
3069bp0ms02.dat,0
80028-f1s01.dat,0
96490s01.dat,0
30699s01.dat,0
98372s01.dat,0
2571s01.dat,0
6062886cs01.dat,0
90388s02.dat,0
3070batv.dat,0
4492s00.dat,0
27956px1s02.dat,0
69944s01.dat,0
4865s01.dat,0
2471s01.dat,0
18895p02s01.dat,0
3736s.dat,0
18913s01.dat,0
11650s02.dat,0
93595s02.dat,0
6142622rs02.dat,0
30380s02.dat,0
90462bpq1s01.dat,1
6109079as02.dat,0
49661s03.dat,0
6148328us03.dat,0
2598ps1b.dat,0
3010p12a.dat,0
85959s01.dat,0
3070bata.dat,0
20905ps0s01.dat,0
18675ps1s02.dat,0
3070baue.dat,0
32058p01s01.dat,1
48138s04.dat,0
30302s01.dat,0
604547s01.dat,0
54713s01.dat,0
87566s01.dat,0
925p0ys02.dat,0
30408s05.dat,0
3245cpz7s01.dat,0
4150s01.dat,0
30373s01.dat,0
16095s01.dat,0
2528ap30s03.dat,0
67040s02.dat,0
68446s01.dat,1
u589s00.dat,0
23996s01.dat,0
6148328bhs03.dat,0
6142617ns05.dat,0
6216ma.dat,1
16195s01.dat,0
194325as01.dat,0
11125s03.dat,0
66857s01.dat,0
11245s01.dat,0
2400s01.dat,0
24633s03.dat,0
2351s01.dat,0
3666s01.dat,1
33088s01.dat,0
30642s03.dat,0
67644s03.dat,0
2490p41s01.dat,0
3070bpe4s01.dat,0
3037s01.dat,1
3298p69a.dat,0
3766s01.dat,0
4742p01s01.dat,0
11345s01.dat,0
28424p03s01.dat,0
47392s01.dat,0
99250s02.dat,0
56897s01.dat,0
67144c01s01.dat,0
92262ph1s01.dat,0
925p0us02.dat,0
770ph1a.dat,0
2507p6us02.dat,0
6148328avs03.dat,0
u9322s01.dat,0
973p2ea.dat,0
3068s101.dat,0
6148328ys03.dat,0
92548s02.dat,0
67095ps1s01.dat,0
1686s01.dat,0
3443as02.dat,0
3818p01s02.dat,0
4150ps0a.dat,0
6148328ws06.dat,0
32024s01.dat,0
42444s01.dat,0
50821s01.dat,0
32293s01.dat,0
37341bs01.dat,0
6142622ps07.dat,0
579s01.dat,1
43722s01.dat,0
30361dps6s03.dat,0
45803s02.dat,0
u9142s03.dat,0
6148328ws12.dat,0
2345p02b.dat,0
25971p01s01.dat,0
43936p01s01.dat,0
3678s01.dat,1
27165s02.dat,0
32272s02.dat,0
57587s01.dat,0
3778s01.dat,0
4616559ps7.dat,0
65141s01.dat,0
21700s01.dat,0
32576s03.dat,0
32090s03.dat,0
73398s02.dat,0
6142617xs01.dat,0
973p79a.dat,0
2865s06.dat,0
770ps1a.dat,0
11091s01.dat,0
54087s03.dat,0
40241s03.dat,0
92252s03.dat,0
12899s01.dat,0
192895ds01.dat,0
15038s02.dat,0
u9107s13.dat,0
22631s01.dat,0
567s01.dat,0
973p7ba.dat,0
6219s01.dat,0
600880c01s01.dat,0
2332s01.dat,0
28614p01s03.dat,0
75902p09s05.dat,0
336s01.dat,0
40341s03.dat,0
u9107s07.dat,0
11477s01.dat,0
54701s01.dat,0
49295s03.dat,0
31512s02.dat,0
u9109s02.dat,0
14734s04.dat,0
16965s03.dat,0
44375ps0s00.dat,0
88516s01.dat,0
4133s01.dat,0
3626bp69s01.dat,1
numb3b.dat,0
3626as01.dat,1
30210s01.dat,0
66645as02.dat,0
98382p01s02.dat,0
47326s02.dat,0
38340s01.dat,0
37195s01.dat,0
3650s01.dat,0
2367s01.dat,1
98382p01s03.dat,0
40930s01.dat,0
3004ph1b.dat,0
16965s02.dat,0
32489s01.dat,0
u9109s03.dat,0
14734s05.dat,0
31512s03.dat,0
49295s02.dat,0
820671as01.dat,0
18854s01.dat,0
80295s02.dat,0
4201639s03.dat,0
685s01.dat,0
75902p07s01.dat,0
191915sgb.dat,0
3001s01.dat,1
44375ps0s01.dat,0
40341s02.dat,0
75902p09s04.dat,0
u9538s01.dat,0
35759s01.dat,0
u9107s06.dat,0
4494t.dat,0
4150p09s01.dat,0
4353s02.dat,0
2994s01.dat,0
u9107s12.dat,0
92252s02.dat,0
40241s02.dat,0
54087s02.dat,0
28614p01s02.dat,0
890s01.dat,0
87696s01.dat,0
24083s01.dat,0
32476s02.dat,0
73398s03.dat,0
6086s01.dat,0
32576s02.dat,0
10168s01.dat,0
32090s02.dat,0
85863s01.dat,1
3626bp41s01.dat,0
4616559ps6.dat,0
30338s01.dat,0
2654bs01.dat,0
6142275ws01.dat,0
6142275ps08.dat,0
973psbs01.dat,0
44773s01.dat,0
30238s01.dat,0
98367p01s01.dat,0
92198p09s02.dat,0
3067ap13s01.dat,0
30361dps6s02.dat,0
973p55a.dat,0
6148328ws13.dat,0
u9142s02.dat,0
45803s03.dat,0
6177969zs01.dat,0
87688s01.dat,0
6148328ws07.dat,0
50990bs01.dat,1
3443as03.dat,0
83496s02.dat,1
6142622ps06.dat,0
4209p70a.dat,0
58135s01.dat,0
60637p01s01.dat,0
6141875bs01.dat,0
6148328avs02.dat,0
92548s03.dat,0
27266s01.dat,0
6148328ys02.dat,0
48489s01.dat,0
53075p02s01.dat,0
56897s00.dat,0
3010pz8s01.dat,0
67017p01s01.dat,0
42511s01.dat,0
u9495c02s01.dat,0
6009194es01.dat,0
2528s01.dat,0
43898p01s01.dat,0
49309s01.dat,0
25386s01.dat,0
30477s01.dat,0
92755s01.dat,0
89646s01.dat,0
24633s02.dat,0
30372ps1s01.dat,0
95827s01.dat,0
30124bp01s01.dat,0
4330s02.dat,0
30152as01.dat,0
67644s02.dat,0
30642s02.dat,0
5785s01.dat,0
30091s01.dat,0
58148s01.dat,0
4841s01.dat,1
u589s01.dat,0
11125s02.dat,0
3484s01.dat,0
551s01.dat,0
6142617ns04.dat,0
4107582es01.dat,0
6148328bhs02.dat,0
39370s02.dat,0
883-2.dat,0
606p02a.dat,0
25975s01.dat,0
11025s02.dat,0
2528ap30s02.dat,0
48138s05.dat,0
3070baud.dat,0
18675ps1s03.dat,0
2525p40s01.dat,0
30408s04.dat,0
69911s01.dat,0
95227s02.dat,1
49661s02.dat,0
2424s01.dat,1
30380s03.dat,0
22390s01.dat,0
551ps1a.dat,0
6148328azs02.dat,0
6142622rs03.dat,0
6148328us02.dat,0
2598ps1c.dat,0
3626cpm7s01.dat,0
2507pa2s01.dat,0
6177969vs01.dat,0
3736r.dat,0
72046s01.dat,0
90388s03.dat,0
3857s01.dat,0
40066s01.dat,1
53934s01.dat,1
3626bps9s01.dat,0
4492s01.dat,0
3070batw.dat,0
28424s01.dat,0
2559s01.dat,0
11778s02.dat,0
15466s01.dat,0
71591s01.dat,0
3037ps2a.dat,0
letca.dat,0
6148328bds02.dat,0
logoferraris03a.dat,0
18675s05.dat,0
6142617ls01.dat,0
2552p05s06.dat,0
30180p02s03.dat,0
6142275ads03.dat,0
6148328bcs23.dat,0
26835s01.dat,0
69779s01.dat,0
6142617ks08.dat,0
3960ph1s01.dat,0
64893s01.dat,0
45407s01.dat,0
u9557s01.dat,0
92759s01.dat,0
99141s01.dat,0
30295s4.dat,0
973pt2a.dat,0
191895s01.dat,0
57901s01.dat,0
3351as02.dat,0
30249s01.dat,1
u9365s01.dat,0
51344s01.dat,0
3298p53a.dat,0
t43303s01.dat,0
u9150s02.dat,0
973ph5c.dat,0
u9534s01.dat,0
13786s02.dat,0
71645s01.dat,0
64767s02.dat,0
u9105s03.dat,0
65634s01.dat,1
usflags02.dat,0
3569s02.dat,0
3069p54b.dat,0
3238s02.dat,0
6045703s01.dat,0
44817s01.dat,0
28216s01.dat,0
46528s01.dat,0
24496s02.dat,0
30650s02.dat,0
98568s01.dat,0
30083s01.dat,0
6009312ds03.dat,0
u595s04.dat,0
u9318s01.dat,0
5520s01.dat,0
4746s01.dat,0
30565s01.dat,0
30361s1b.dat,0
10312ps1s01.dat,0
swh2.dat,0
2490s03.dat,0
3834s01.dat,0
92747s01.dat,0
2672s02.dat,0
3596s01.dat,0
41890s01.dat,0
46304s01.dat,0
10164s01.dat,0
3626ap01s01.dat,0
2547s01.dat,0
52040s02.dat,0
58101s05.dat,0
54930s01.dat,0
t1072s02.dat,0
89534s03.dat,0
64798s01.dat,0
6581b.dat,0
11202s01.dat,0
72514s01.dat,0
79768s02.dat,0
4791s01.dat,0
6009254as09.dat,0
93084p01s01.dat,0
77108s01.dat,0
18450s01.dat,0
30075p02s01.dat,0
3960psbs02.dat,0
003667as01.dat,0
41752s01.dat,0
89534s01.dat,0
u9078s01.dat,0
4521664as01.dat,0
58101s07.dat,0
6009312ds01.dat,0
2727s01.dat,0
98568s03.dat,0
65429s01.dat,0
10304s01.dat,1
6251p02s01.dat,0
6296256as01.dat,0
2490s01.dat,1
864s09.dat,0
50231s04.dat,0
11062s01.dat,0
47380s02.dat,0
105196s04.dat,0
35700s02.dat,0
56907s01.dat,0
10908s02.dat,0
u9105s01.dat,0
16178s01.dat,0
85947s02.dat,0
u9005s01.dat,0
93089p01s02.dat,0
4492pw1s02.dat,0
3626p88s01.dat,0
12895s02.dat,0
71710s02.dat,0
004219b1.dat,0
u686s01.dat,0
57901s03.dat,0
22408s01.dat,1
973ph5a.dat,0
004452bs02.dat,0
196925s01.dat,0
33011cs01.dat,0
32552s01.dat,0
u9150s00.dat,0
973p63a.dat,0
24196p01s01.dat,0
32203s01.dat,0
3298p53c.dat,0
36083fs01.dat,0
973pbis02.dat,0
3001p10s02.dat,0
15706s01.dat,0
6148328bcs21.dat,0
6142275ads01.dat,0
30180p02s01.dat,0
6143s01.dat,0
64651s01.dat,1
4650854ds01.dat,0
2552p05s04.dat,0
28220s02.dat,0
49649s01.dat,0
32531s01.dat,0
3009ptgs01.dat,0
99141s03.dat,0
3626bp4cs01.dat,0
3404s05.dat,0
11418s02.dat,0
98372s02.dat,0
71396p01ac01.dat,0
80028-f1s02.dat,0
28424s03.dat,0
19179s01.dat,0
4201639s02a.dat,0
92084s05.dat,0
3069bp0ms01.dat,0
u9402s02.dat,0
19079s01.dat,0
65817s02.dat,0
6142275cs02.dat,0
6148328bcs09.dat,0
3626bp84s01.dat,0
72046s03.dat,0
t1044s01.dat,0
11650s01.dat,0
87846s01.dat,0
48452s01.dat,0
2471s02.dat,0
3070batu.dat,0
4492s03.dat,0
69944s02.dat,0
2571s02.dat,0
740s01.dat,0
90388s01.dat,0
87566s02.dat,0
925p0ys01.dat,0
973p34a.dat,0
30408s06.dat,0
2525p40s03.dat,0
18675ps1s01.dat,0
973pxjs01.dat,0
u9140s05.dat,0
3740a.dat,0
162275as01.dat,0
2598ps1a.dat,0
6142622us08.dat,0
3070batb.dat,0
85959s02.dat,0
973p43c.dat,0
20905ps0s02.dat,0
93595s01.dat,0
6142622rs01.dat,0
30380s01.dat,0
90462bpq1s02.dat,0
6109079as01.dat,0
6142617ns06.dat,0
6216mb.dat,1
194325as02.dat,0
67140s01.dat,0
u589s03.dat,0
6148328bas24.dat,0
67040s01.dat,0
68446s02.dat,0
55237cs01.dat,0
3846p4ja.dat,0
3039ps1s01.dat,0
32007s2.dat,0
47392s02.dat,0
6148328bas18.dat,0
92755s03.dat,0
41855s01.dat,1
61510s01.dat,0
30642s00.dat,0
2490p41s02.dat,0
11170s01.dat,0
191915sse.dat,0
66857s02.dat,0
2582s01.dat,1
46490s01.dat,0
24633s00.dat,0
89646s03.dat,0
92548s01.dat,1
18788s01.dat,0
28920s01.dat,0
98136s01.dat,0
2525p32a.dat,0
64835s01.dat,0
925p0us01.dat,0
98281s01.dat,0
770ph1b.dat,0
44570s01.dat,1
4218s01.dat,0
2507p6us01.dat,0
6009194es03.dat,0
u9495c02s03.dat,0
99250s01.dat,0
67144c01s02.dat,0
23969s01.dat,0
98138p1is01.dat,0
45803s01.dat,0
6032s01.dat,0
35252p02s01.dat,0
u9142s00.dat,0
6148328ws11.dat,0
15535p03s01.dat,0
15391s01.dat,0
6142622ps04.dat,0
32311s01.dat,0
33177s01.dat,0
3818p01s01.dat,0
3443as01.dat,0
6148328ws05.dat,0
4121723fs01.dat,0
6177969zs03.dat,0
973pw4a.dat,0
2654bs03.dat,0
58181s01.dat,1
4616559ps4.dat,0
32272s01.dat,0
6051s01.dat,1
32523s01.dat,0
15423p01s01.dat,0
3069bs18.dat,0
973psbs03.dat,0
32533p06s01.dat,0
973p7na.dat,0
27165s01.dat,1
2345p02a.dat,0
6142275ws03.dat,0
1872s01.dat,0
973p79b.dat,0
2865s05.dat,0
98604s01.dat,0
31512p01s01.dat,0
50955p03s02.dat,0
28943s01.dat,0
3626p64a.dat,0
73398s01.dat,0
6142617xs02.dat,0
51704s01.dat,0
u9492s01.dat,0
3437pe1s01.dat,0
21700s02.dat,0
u9107s04.dat,0
35759s03.dat,0
2335ps1s01.dat,0
48156p01s04.dat,0
652s01.dat,1
80177s01.dat,0
600880c01s02.dat,0
14769px5s01.dat,0
54087s00.dat,0
12899s02.dat,0
15038s01.dat,0
2756s01.dat,0
u9107s10.dat,0
22631s02.dat,0
3846p4ys01.dat,0
30210s02.dat,0
66645as01.dat,0
93587s01.dat,0
numb3a.dat,0
11957s01.dat,0
u9009s01.dat,0
24054s01.dat,0
3626bp69s02.dat,0
u9109s01.dat,0
31512s01.dat,0
2943s01.dat,0
17349s04.dat,0
80022s01.dat,0
3001s02.dat,0
3465s01.dat,0
16965s01.dat,0
14734s06.dat,0
u9109s00.dat,0
49295s01.dat,0
820671as02.dat,0
80295s01.dat,0
40930s02.dat,0
85489as1.dat,0
3004ph1a.dat,0
607s01.dat,1
47326s01.dat,0
6179s01.dat,1
3565s01.dat,0
3004pt5s01.dat,0
28614p01s01.dat,0
4353s01.dat,0
22631s03.dat,0
u9107s11.dat,0
59349p01s01.dat,0
92252s01.dat,0
40241s01.dat,0
35759s02.dat,0
u9107s05.dat,0
40341s01.dat,0
10168s02.dat,0
32090s01.dat,0
3349s01.dat,0
43370s01.dat,0
32576s01.dat,0
4586246es01.dat,0
2865s04.dat,0
32476s01.dat,0
86501s04.dat,0
63864s01.dat,0
98100s01.dat,1
973psbs02.dat,0
21560s01.dat,0
44773s02.dat,0
6142275ws02.dat,0
92198s01.dat,1
u454p03s01.dat,0
30338s02.dat,0
4616559ps5.dat,0
2654bs02.dat,0
72210bs01.dat,0
83496s01.dat,1
1751s01.dat,0
191905s01.dat,0
6142622ps05.dat,0
6177969zs02.dat,0
2586p4ms01.dat,0
6148328ws04.dat,0
6148328ws10.dat,0
3626p0hs01.dat,0
41668s01.dat,0
u9142s01.dat,0
87561p01s01.dat,0
98585s01.dat,0
92198p09s01.dat,0
3067ap13s02.dat,0
30361dps6s01.dat,0
973p55b.dat,0
25279s01.dat,0
49309s02.dat,0
67144c01s03.dat,0
u9495c02s02.dat,0
10089s01.dat,0
6009194es02.dat,0
2528s02.dat,0
33122s01.dat,0
65413s01.dat,0
6636s01.dat,0
11609s01.dat,0
6148328ys01.dat,0
84746s01.dat,0
6148328avs01.dat,0
30152as02.dat,0
4330s01.dat,0
67644s01.dat,0
30642s01.dat,0
44309s01.dat,0
16497p02s01.dat,0
89646s02.dat,0
24633s01.dat,0
2726c01s01.dat,0
6148328bfs04.dat,0
54094p01s01.dat,0
971s01.dat,0
93606s01.dat,0
47392s03.dat,0
6177949fs08.dat,0
92755s02.dat,0
6148328bas19.dat,0
68446s03.dat,0
2131s01.dat,0
2528ap30s01.dat,0
64059s01.dat,0
2431bs01.dat,0
11025s01.dat,0
39370s01.dat,0
764s01.dat,0
883-1.dat,0
11125s01.dat,0
6216mc.dat,0
3068bpfus01.dat,0
39796s01.dat,0
6148328bhs01.dat,0
4841s02.dat,0
u589s02.dat,0
85959s03.dat,0
3070batc.dat,0
2040s01.dat,0
3626cpm7s02.dat,0
60752s01.dat,0
6148328us01.dat,0
49661s01.dat,0
2424s02.dat,0
90462bpq1s03.dat,0
3846p4ms01.dat,0
551ps1b.dat,0
30367cpx1s01.dat,0
6148328azs01.dat,0
973p35d.dat,0
3477s01.dat,0
64779s01.dat,1
87566s03.dat,0
95227s01.dat,0
t1111s01.dat,0
87913s01.dat,0
3191s01.dat,0
u9140s04.dat,0
2525p40s02.dat,0
33299s01.dat,0
53934s02.dat,0
3010pzrs01.dat,0
4492s02.dat,0
3070batt.dat,0
55615s01.dat,0
87606s01.dat,1
30584s01.dat,0
92198p05s01.dat,0
54095s01.dat,0
92240s01.dat,1
72046s02.dat,0
3939p90a.dat,0
2471s03.dat,0
2507pa2s02.dat,0
6177969vs02.dat,0
letcb.dat,0
29117as01.dat,0
65676as01.dat,0
92084s04.dat,0
6148328bds01.dat,0
logoferraris03b.dat,0
6148328bcs08.dat,0
30230p01s02.dat,0
6142275cs03.dat,0
87610ps4s02.dat,0
75538s01.dat,0
11778s01.dat,0
3626cpcbes01.dat,0
78s01.dat,0
28424s02.dat,0
99141s02.dat,0
973pt2b.dat,0
11418s03.dat,0
3404s04.dat,1
u9251p02s01.dat,0
6148328bcs20.dat,0
u9033s01.dat,0
69779s02.dat,0
35252s01.dat,0
2879s01.dat,0
2723p02s01.dat,0
51643s01.dat,0
u9284s01.dat,0
6142617ls02.dat,0
2552p05s05.dat,0
43891s01.dat,0
35186s01.dat,0
u9534s02.dat,0
13786s01.dat,0
973p9us01.dat,0
20460bs04.dat,0
51344s02.dat,0
3298p53b.dat,0
u9150s01.dat,0
3351as01.dat,0
93089p01s03.dat,0
u9365s02.dat,0
57901s02.dat,0
12895s03.dat,0
44817s02.dat,0
28216s02.dat,0
85947s03.dat,0
3569s01.dat,0
3238s01.dat,0
3069p54a.dat,0
10908s03.dat,0
3626bp7es01.dat,0
33287s01.dat,0
usflags01.dat,0
98835s01.dat,1
30838s01.dat,0
6075s01.dat,0
64767s01.dat,0
72210s01.dat,0
66787s01.dat,0
30361s1a.dat,0
swh1.dat,0
864s08.dat,0
3069bp0us01.dat,0
5520s02.dat,0
30650s01.dat,0
24496s01.dat,0
37822s01.dat,0
98568s02.dat,0
39262s01.dat,0
58101s06.dat,0
t1072s01.dat,0
47406s01.dat,1
3664p06s01.dat,0
6581a.dat,0
776s01.dat,0
10164s02.dat,0
6009254as08.dat,0
73832s01.dat,0
52040s01.dat,0
90109s01.dat,0
2672s01.dat,0
2867s05.dat,0
6009312ds04.dat,0
u595s03.dat,0
84867s01.dat,0
98606s01.dat,0
31512p03s01.dat,0
3816cpw1s01.dat,0
64954s01.dat,0
79766s02.dat,0
50231s01.dat,0
85834s02.dat,0
35446s01.dat,0
4145p01s01.dat,0
15523s02.dat,0
87567p01s02.dat,0
61068s02.dat,0
6580a.dat,0
u9447s03.dat,0
84772s01.dat,0
15423s02.dat,0
58101s02.dat,0
27167s01.dat,0
29685s01.dat,0
98566s03.dat,0
973pdb7s01.dat,0
6153s01.dat,1
105196p01s01.dat,0
logoivecos02.dat,0
47759pm0s01.dat,0
3626cs02.dat,1
10884s01.dat,0
25561s01.dat,0
13786s05.dat,0
30027s01.dat,0
973p15b.dat,0
93552s03.dat,0
u9105s04.dat,0
53551s01.dat,0
90398s01.dat,0
105196s01.dat,0
2335ps3s01.dat,0
10908s07.dat,0
650s01.dat,0
6148328cs01.dat,0
11575s02.dat,0
54092p01s02.dat,0
11640s01.dat,0
u9105s10.dat,0
3039ps3s01.dat,0
4066bp0ss01.dat,0
67017s00.dat,0
letbb.dat,0
logoferraris02b.dat,0
28424s06.dat,0
3009ptis01.dat,0
4894s01.dat,0
3626bp4ms01.dat,0
6148328bcs18.dat,0
2502s02.dat,0
821435as03.dat,0
6378s02.dat,0
41857s01.dat,0
72824s02.dat,0
10314s01.dat,0
67906s01.dat,0
633s01.dat,0
973s00.dat,0
10830s03.dat,0
3005pz0s01.dat,0
57519s01.dat,0
30402p01s01.dat,0
3664s02.dat,0
2552p05s01.dat,0
13358s01.dat,0
18675s02.dat,0
67142s01.dat,0
5650s01.dat,0
u9068s01.dat,0
23816s01.dat,0
30271s02.dat,0
6258203js01.dat,0
6142275ads04.dat,0
6148328bcs24.dat,0
2552p02s08.dat,0
30180p02s04.dat,0
6148328bms09.dat,0
u9639s01.dat,0
4865as01.dat,0
4267s01.dat,0
6809s01.dat,0
40375s01.dat,0
20953p01s01.dat,0
35458s01.dat,0
973psb1.dat,0
4781s01.dat,0
93564s02.dat,0
55237as01.dat,0
80690s03.dat,0
6030s01.dat,0
3070bauc.dat,0
32213s01.dat,0
972p63a.dat,0
196935s01.dat,0
48138s02.dat,0
15535p01s01.dat,0
61189s01.dat,0
30408s03.dat,0
42022s01.dat,1
6142622rs04.dat,0
30380s04.dat,0
6130s01.dat,0
71682s01.dat,0
6148328us05.dat,0
2598ps1d.dat,0
3070batg.dat,0
4121723ds01.dat,0
62272s01.dat,0
98383s01.dat,0
30668s01.dat,0
6318649bc01s01.dat,0
30139s01.dat,0
3626cps1s01.dat,0
87568s02.dat,0
973p9cs01.dat,0
3960pb5s01.dat,0
u9115s01.dat,0
44572s01.dat,0
51283s01.dat,0
14769p0zs01.dat,0
3939p91a.dat,0
3070batp.dat,0
93248s02.dat,0
u9220s02.dat,0
u1854s01.dat,0
62694s01.dat,0
92755s06.dat,0
1126s01.dat,0
3068bptbs01.dat,0
973sp4x.dat,0
93568s02.dat,0
170876s2.dat,0
10178s03.dat,0
50747s02.dat,0
3069bp0os01.dat,0
30619s01.dat,0
89646s06.dat,0
u587s03.dat,0
6148328bas09.dat,0
3068bpx5s01.dat,0
6148328bas21.dat,0
70495s01.dat,0
64566s02.dat,0
57515s01.dat,0
49098s02.dat,0
77710s00.dat,0
77850s01.dat,1
6142617ns03.dat,0
32533s01.dat,0
21987s01.dat,0
42602s01.dat,0
3070bp70a.dat,0
3626bp4as01.dat,1
2528ap30s05.dat,0
11598s01.dat,0
32606s02.dat,0
u9204s03.dat,0
u9119s01.dat,0
3960pb9s01.dat,0
30361dps6s05.dat,0
90639s00.dat,0
18675ps3s01.dat,0
u9142s05.dat,0
973pxhs01.dat,0
3626bsc1.dat,0
30135s01.dat,0
46534s03.dat,0
93597s01.dat,1
87751s01.dat,0
2998b.dat,0
6142622ps01.dat,0
973p54b.dat,0
3626bpads01.dat,0
6109079cs01.dat,0
98138s01.dat,0
16820s01.dat,0
11103s01.dat,0
t1046s01.dat,0
4412s00.dat,0
004690as02.dat,0
6148328ys05.dat,0
46534pb1s01.dat,0
3144s02.dat,0
4188571cs02.dat,0
40582s03.dat,0
11244p01s01.dat,0
53543s01.dat,0
3815bpw2s01.dat,0
35809s02.dat,0
49736s01.dat,0
87944s01.dat,1
24629p02s05.dat,0
168315is02.dat,0
197915as01.dat,0
73398s04.dat,0
6579a.dat,0
973pmds01.dat,0
3776s02.dat,0
92745s03.dat,0
42529s02.dat,0
18605p0fs01.dat,0
94724s01.dat,0
4793s01.dat,0
3069bpxds02.dat,0
93084p03s01.dat,0
30056s01.dat,0
93090s02.dat,0
20460bpdg3s01.dat,0
4616559ps1.dat,0
6142275ws06.dat,0
19065s01.dat,0
19734s01.dat,0
3069bp1as01.dat,0
30156s01.dat,1
31330s01.dat,0
4424s01.dat,0
80679p01s02.dat,0
6122s01.dat,0
6221655ns08.dat,0
14734s02.dat,0
u9109s04.dat,0
31512s04.dat,0
35757s03.dat,0
42205s02.dat,0
2513p02s02.dat,0
3626bpses01.dat,0
32289bs01.dat,0
36083ds01.dat,0
69958s02.dat,0
75902p09s03.dat,0
92252p04s02.dat,0
3010pzhs01.dat,0
4208s01.dat,0
u9107s01.dat,0
3068bps1s03.dat,0
4494s.dat,0
45706s01.dat,1
62360s01.dat,0
93589s01.dat,1
33207s03.dat,0
92252s05.dat,0
62531s01.dat,0
3626pa7a.dat,0
93250pq0s03.dat,0
u9007s01.dat,0
2369s02.dat,0
u9107s14.dat,0
71472s01.dat,0
92252s04.dat,0
33207s02.dat,0
609s01.dat,1
65067s02.dat,0
40241s04.dat,0
6177s01.dat,0
34993s02.dat,0
93250pq0s02.dat,0
4201639hs01.dat,0
3818pdg1s01.dat,0
2340p01s01.dat,0
92252p04s03.dat,0
30126a01.dat,0
75902p09s02.dat,0
3068bps1s02.dat,0
u9107s00.dat,0
49295s04.dat,0
35757s02.dat,0
25269s01.dat,0
14734s03.dat,0
98722s01.dat,0
17349s01.dat,0
numb2a.dat,0
2918s01.dat,0
51595s01.dat,0
3960pf2s01.dat,0
4740ps1s01.dat,0
98382p01s05.dat,0
80679p01s03.dat,0
32283s03.dat,0
191915s01.dat,0
57881s01.dat,0
3623s02.dat,1
6142275ws07.dat,0
10066s02.dat,0
47404s01.dat,0
t1070s01.dat,0
3626bp0js01.dat,0
2545s02.dat,0
2670s01.dat,1
s12s01.dat,0
32578s01.dat,0
861s01.dat,0
3626ph3a.dat,0
42529s03.dat,0
92745s02.dat,0
41530s02.dat,0
4197s01.dat,0
86501s01.dat,0
30103s01.dat,0
40232s01.dat,0
2865s01.dat,1
41666s01.dat,0
2906s01.dat,0
4512s01.dat,0
67737s01.dat,0
40582s02.dat,0
5292s01.dat,0
41202s02.dat,0
4412s01.dat,0
92242s01.dat,0
3009pt9b.dat,0
6148328avs04.dat,0
73117s01.dat,0
902s01.dat,0
6148328ys04.dat,0
6169s01.dat,1
11156s01.dat,0
20380p02s02.dat,0
6148328ws01.dat,0
15525p02s01.dat,0
10187s01.dat,0
3846p4os01.dat,0
84748s01.dat,0
46534s02.dat,0
90639s01.dat,0
30361dps6s04.dat,0
6069s01.dat,0
19917s01.dat,0
u9142s04.dat,0
3626bph6s01.dat,0
466bs01.dat,0
42942s01.dat,0
92084p01s02.dat,0
64991s02.dat,0
44556s01.dat,0
u9204s02.dat,0
2528ap30s04.dat,0
6205p01s01.dat,0
3009pt5a.dat,0
2995s.dat,0
u9031s01.dat,0
6148328bas20.dat,0
93059s01.dat,0
3666py0s01.dat,0
70962s01.dat,0
6142617ns02.dat,0
77710s01.dat,0
3846p4ka.dat,0
49098s03.dat,0
6148328bhs04.dat,0
24633s04.dat,0
15068p0cs01.dat,0
6148328bfs01.dat,0
26073s02.dat,0
32180s01.dat,0
67644s04.dat,0
6148328bas08.dat,0
u587s02.dat,0
87610ps6s02.dat,0
42657s01.dat,0
15100s01.dat,0
1937s01.dat,0
92755s07.dat,0
6014s01.dat,0
33051s01.dat,0
3069p80a.dat,0
10178s02.dat,0
170876s3.dat,0
32080s01.dat,0
6065s01.dat,0
32246s01.dat,0
3070batq.dat,0
973p01s01.dat,0
973p3bb.dat,0
2350ap01s01.dat,0
6165s01.dat,0
57786s01.dat,0
1846s01.dat,0
3228s01.dat,0
27151s01.dat,0
60637p03s02.dat,0
49661s04.dat,0
6130s00.dat,0
30380s05.dat,0
6142622rs05.dat,0
62576s01.dat,1
3245bs02.dat,1
973p35a.dat,0
3070batf.dat,0
61898s01.dat,0
6148328us04.dat,0
30259s02.dat,0
48138s03.dat,0
35470s01.dat,0
3626bps7s02.dat,0
98389p01s01.dat,0
u9140s01.dat,0
3070baub.dat,0
30408s02.dat,0
61189s00.dat,0
44790s01.dat,0
35014s02.dat,0
3736c.dat,0
88285p01s01.dat,0
2662s01.dat,0
3404s01.dat,0
57028s02.dat,0
2528ap32s01.dat,0
18835s02.dat,0
80690s02.dat,0
2384s01.dat,0
766s01.dat,0
95354s01.dat,0
18675s03.dat,0
2454as01.dat,1
3504s01.dat,0
6148328bms08.dat,0
6142275ads05.dat,0
49612s01.dat,0
973p39b.dat,0
93055s01.dat,0
92084s01.dat,0
87775s01.dat,0
10830s02.dat,0
973s01.dat,0
93604s01.dat,1
28424s07.dat,0
67017s01.dat,0
18675p00s01.dat,0
821435as02.dat,0
6148328bcs19.dat,0
3665bs01.dat,1
11575s03.dat,0
55705s01.dat,0
4351s01.dat,0
30172s01.dat,0
92250s01.dat,0
2814s01.dat,0
59349p03s01.dat,0
87616s01.dat,1
3068bph0s01.dat,0
35188s01.dat,0
92198p15s01.dat,0
13788s01.dat,0
u9105s05.dat,0
93552s02.dat,0
10908s06.dat,0
30072s01.dat,0
4500s01.dat,0
usflags04.dat,0
20460bs01.dat,0
3003s02.dat,1
60642s01.dat,0
3467s01.dat,0
13786s04.dat,0
81346s01.dat,0
3004p50s01.dat,0
4066bs01.dat,0
973p62a.dat,0
3010p21s01.dat,0
58101s03.dat,0
15423s03.dat,0
98102s01.dat,0
u9447s02.dat,0
2431pt4s01.dat,0
3960p2b.dat,0
85961s02.dat,0
2869s01.dat,0
98566s02.dat,0
u454p01s01.dat,0
3068bp12a.dat,0
15523s03.dat,0
66789s01.dat,0
swh4.dat,0
79766s03.dat,0
47508s01.dat,0
30370ps2s01.dat,0
85834s03.dat,0
32225s01.dat,0
u595s02.dat,0
6009312ds05.dat,0
47408s01.dat,0
32474s01.dat,0
85834s01.dat,0
35446s02.dat,0
79766s01.dat,0
50231s02.dat,0
3009p05s01.dat,0
3816cpw1s02.dat,0
6009312ds07.dat,0
u595s00.dat,0
u9412s01.dat,0
3069bp58s01.dat,0
10288s01.dat,0
973pdb7s02.dat,0
59349ph1s01.dat,0
30303pa0s01.dat,0
84772s02.dat,0
58101s01.dat,0
15423s01.dat,0
29685s02.dat,0
6580b.dat,0
61068s01.dat,0
15523s01.dat,0
65143s01.dat,0
30027s02.dat,0
973p15a.dat,0
10884s02.dat,0
20460bs03.dat,0
973p0os01.dat,0
2841s02.dat,1
3626cs01.dat,1
12895s04.dat,0
4760s01.dat,1
logoivecos01.dat,0
3626cp7ms01.dat,0
54092p01s01.dat,0
logoaudit03.dat,0
47715s01.dat,0
6148328cs02.dat,0
11575s01.dat,0
85947s04.dat,0
105196s02.dat,0
3852-1.dat,0
10908s04.dat,0
u9105s07.dat,0
90398s02.dat,0
32138s01.dat,0
3068bph0s03.dat,0
633s02.dat,0
6529s01.dat,0
66855s01.dat,1
92084s03.dat,0
57519s02.dat,0
87775s03.dat,0
3664s01.dat,0
72824s01.dat,0
2490p43s01.dat,0
98138p23s01.dat,0
2502s01.dat,0
66955s01.dat,0
6378s01.dat,0
4066bp0ss02.dat,0
letba.dat,0
98138ps4s01.dat,0
logoferraris02a.dat,0
28424s05.dat,0
973psb2.dat,0
93564s01.dat,0
3245cpz5s01.dat,0
30371s01.dat,0
3626bp08s01.dat,0
54760s01.dat,0
6809s02.dat,0
40375s02.dat,0
3404s03.dat,0
53912s01.dat,0
20953p01s02.dat,0
30271s01.dat,0
6142275ads07.dat,0
3587pa0s01.dat,0
2552p05s02.dat,0
18675s01.dat,0
5650s02.dat,0
95049s01.dat,0
6148328us06.dat,0
6205s01.dat,1
3070batd.dat,0
90462as01.dat,0
973p35c.dat,0
30380s07.dat,0
6130s02.dat,0
71682s02.dat,0
15211s01.dat,0
43720s01.dat,0
2507p61s01.dat,0
15535p01s02.dat,0
10128s03p01.dat,0
61189s02.dat,0
32213s02.dat,0
u9140s03.dat,0
973p42a.dat,0
48138s01.dat,0
972phba.dat,0
3070bats.dat,0
3939p91b.dat,0
93248s01.dat,0
u9220s01.dat,0
973psn1.dat,0
87568s01.dat,0
u9115s02.dat,0
93348s01.dat,1
30668s02.dat,0
u587s00.dat,0
23998s01.dat,0
67644s06.dat,0
6148328bfs03.dat,0
51270s01.dat,0
50747s01.dat,0
15068p0cs03.dat,0
950bs02.dat,0
89646s05.dat,0
93568s01.dat,0
u9500s01.dat,0
170876s1.dat,0
45301s01.dat,0
u9251s01.dat,0
92755s05.dat,0
98370s01.dat,0
3039s01.dat,1
3626bp4as02.dat,0
32606s01.dat,0
32533s02.dat,0
21987s02.dat,0
42602s02.dat,0
32057s01.dat,0
64566s01.dat,0
65700s01.dat,0
66859s01.dat,1
49098s01.dat,0
3668s01.dat,0
90462s02pq0.dat,0
71771s01.dat,0
6148328bas22.dat,0
54732bs01.dat,0
2998a.dat,0
6142622ps02.dat,0
3846p4os03.dat,0
3900s01.dat,1
973p54a.dat,0
98138s02.dat,0
28145p02s01.dat,0
6148328ws03.dat,0
11156s03.dat,0
18675ps3s02.dat,0
87082s01.dat,0
u9142s06.dat,0
4672s01.dat,0
3626bsc2.dat,0
30300s01.dat,0
u9119s02.dat,0
30361dps6s06.dat,0
49736s02.dat,0
5292s03.dat,0
35809s01.dat,0
3044s01.dat,0
6309s01.dat,0
87944s02.dat,1
168315is01.dat,0
4744p0cs01.dat,0
4188571cs01.dat,0
11244p01s02.dat,0
4867s01.dat,1
10050s01.dat,0
6148328ys06.dat,0
3144s01.dat,0
2473s01.dat,0
577s01.dat,0
37681s01.dat,1
004690as01.dat,0
4412s03.dat,0
44375p01s01.dat,0
3776s01.dat,1
42529s01.dat,0
3010py0s01.dat,0
98138p31s01.dat,0
973paus01.dat,0
2865s03.dat,0
37720es01.dat,0
86501s03.dat,0
2341s01.dat,1
6142275ws05.dat,0
11233p01s01.dat,0
23986s01.dat,0
43898pa1s01.dat,0
35299s01.dat,0
93090s01.dat,0
2670s03.dat,0
4616559ps2.dat,0
24312s01.dat,0
93084p03s02.dat,0
3069bpxds01.dat,0
4066bp17s01.dat,0
30363s01.dat,1
469s01.dat,0
3626bpses02.dat,0
2513p02s01.dat,0
6180ps1s01.dat,0
u606s01.dat,0
69958s01.dat,1
17349s03.dat,0
14734s01.dat,0
65132s01.dat,0
32134s01.dat,0
26045s01.dat,0
191915s03.dat,0
32283s01.dat,0
69858s01.dat,0
92241p12s01.dat,0
80679p01s01.dat,0
973pn5a.dat,0
569s01.dat,0
u9007s02.dat,0
85945s01.dat,0
54087s06.dat,0
u9463s01.dat,0
22631s04.dat,0
43745p01a.dat,0
3070bp11s01.dat,0
4208s02.dat,0
35759s05.dat,0
u9107s02.dat,0
45706s02.dat,0
93087k01s01.dat,0
62360s02.dat,0
92252p04s01.dat,0
u9107s03.dat,0
3068bps1s01.dat,0
35759s04.dat,0
4208s03.dat,0
3818pdg1s02.dat,0
75902p09s01.dat,0
191915sdk.dat,0
34993s01.dat,0
93250pq0s01.dat,0
65581s01.dat,0
71016s01.dat,0
24308as01.dat,0
2438s01.dat,0
2369s01.dat,0
33207s01.dat,0
65067s01.dat,0
973p5fs01.dat,0
3231as01.dat,0
4740ps1s02.dat,0
75902pb1s01.dat,0
u9367s01.dat,0
4739s01.dat,0
973ptas01.dat,0
17349s02.dat,0
numb2b.dat,0
3960pf2s02.dat,0
u9267s01.dat,0
35757s01.dat,0
50018bs01.dat,0
2670s02.dat,0
4616559ps3.dat,0
s12s02.dat,0
165395fc01s01.dat,0
3069bs3a.dat,0
6296256dc01s01.dat,0
2545s01.dat,0
52526s01.dat,0
48002s01.dat,1
6088s01.dat,0
92950s01.dat,1
3623s01.dat,1
10066s01.dat,0
6142275ws04.dat,0
75904s01.dat,0
2865s02.dat,1
61975s01.dat,0
3936s01.dat,0
86501s02.dat,0
4744s01.dat,1
87552s01.dat,0
18585s01.dat,0
41530s01.dat,0
92745s01.dat,0
3836s01.dat,0
35649s01.dat,0
24093s01.dat,0
6148328ys07.dat,0
4412s02.dat,0
3009pt9a.dat,0
30355s01.dat,0
685p01s.dat,0
41202s01.dat,0
9326p61a.dat,0
24324s01.dat,0
4490s01.dat,1
11244p01s03.dat,0
40582s01.dat,0
u9495c02s04.dat,0
4150ps1a.dat,0
973py8s01.dat,0
u9142s07.dat,0
3011s01.dat,0
90639s02.dat,0
30361dps6s07.dat,0
6069s02.dat,1
87993s01.dat,1
3846p4os02.dat,0
6142622ps03.dat,0
11263s01.dat,0
46534s01.dat,0
6169s02.dat,0
6177969zs04.dat,0
11156s02.dat,0
6148328ws02.dat,0
20380p02s01.dat,0
6142617ns01.dat,0
20694s01.dat,0
77710s02.dat,0
44032s01.dat,0
3009pt5b.dat,0
6148328bas23.dat,0
90462s02pq1.dat,0
98225s01.dat,0
13665s01.dat,0
u9204s01.dat,0
3626bp4as03.dat,0
99143s01.dat,0
92084p01s01.dat,0
42602s03.dat,0
64991s01.dat,0
44556s02.dat,0
29111s01.dat,0
10178s01.dat,0
6196s01.dat,0
92755s04.dat,0
67644s07.dat,0
u587s01.dat,0
89646s04.dat,0
18939s01.dat,0
15068p0cs02.dat,0
6148328bfs02.dat,0
26073s01.dat,0
33215s01.dat,1
973p3ba.dat,0
3626cpm9s01.dat,0
3070batr.dat,0
15515s01.dat,0
3626bp20s01.dat,0
30408s01.dat,0
99385s01.dat,0
30359s01.dat,1
35014s01.dat,0
78267s01.dat,0
1566s01.dat,0
48138s00.dat,1
3626bps7s01.dat,0
u9140s02.dat,0
32213s03.dat,0
3070baua.dat,0
35114s01.dat,0
3070bate.dat,0
3350as02.dat,0
30259s01.dat,0
6130s03.dat,0
30380s06.dat,0
62576s02.dat,0
3245bs01.dat,1
973p35b.dat,0
2457s01.dat,0
6142275ads06.dat,0
3486s01.dat,0
553s01.dat,0
2454as02.dat,1
18675s00.dat,0
2552p05s03.dat,0
80690s01.dat,0
14769ps3s01.dat,0
92842s01.dat,0
2557s01.dat,1
25977s01.dat,0
3404s02.dat,0
41880s01.dat,0
57028s01.dat,0
18835s01.dat,0
46212as01.dat,1
u9559s01.dat,0
821435as01.dat,0
30324s01.dat,0
93604s02.dat,0
28424s04.dat,0
67017s02.dat,0
18675p00s02.dat,0
973psca.dat,0
4066bp0ss03.dat,0
16375s01.dat,0
87775s02.dat,0
92084s02.dat,0
10830s01.dat,0
633s03.dat,0
30224s01.dat,0
973p39a.dat,0
3010p0gs01.dat,0
67095s01.dat,0
6142617es08.dat,0
98578s01.dat,0
10908s05.dat,0
2490p4ja.dat,0
3678p4ha.dat,0
30072s02.dat,0
54756s01.dat,0
87079pz8s01.dat,0
105196s03.dat,0
3068bph0s02.dat,0
13788s02.dat,0
992s01.dat,0
u9105s06.dat,0
93552s01.dat,0
2996s01.dat,0
59349p03s02.dat,0
892s01.dat,0
61904s01.dat,0
30516s01.dat,0
11575s00.dat,0
47715s00.dat,0
2683s01.dat,0
2841s03.dat,0
60477s01.dat,1
26074p01s01.dat,0
12895s05.dat,0
30027s03.dat,0
20460bs02.dat,0
48495s01.dat,0
75902p05s01.dat,0
89832s01.dat,0
44375ps2s01.dat,0
3003s01.dat,1
825ap05s01.dat,0
4215as01.dat,1
u9547s01.dat,0
u9209c01s01.dat,0
3960p2a.dat,0
2431pt4s02.dat,0
85961s01.dat,1
98566s01.dat,0
18905p02s01.dat,0
u9447s01.dat,0
44771s01.dat,0
u9316s01.dat,0
32474s02.dat,0
3816cpw1s03.dat,0
u595s01.dat,0
6009312ds06.dat,0
3068bpt0s01.dat,0
32225s02.dat,0
59232s01.dat,0
50231s03.dat,0
3626cpb2s01.dat,0
30375s03.dat,0
37494s01.dat,0
90617s05.dat,0
57779s1.dat,0
2552p01s14.dat,0
59228s02.dat,0
50956p02s02.dat,0
39790s01.dat,0
3251s01.dat,0
3068bp3a.dat,0
11216s02.dat,1
6578s02.dat,0
24482s01.dat,0
30644s01.dat,0
3351p15a.dat,0
40575s01.dat,0
191915sseb.dat,0
6142617fs02.dat,0
4181s01.dat,0
196945sde.dat,0
6179ps0s01.dat,0
65080s04.dat,0
67013s01.dat,0
30171bs01.dat,0
93088s06.dat,0
2454ps5b.dat,0
003238s8.dat,0
15624s01.dat,0
60658s01.dat,0
1942s01.dat,0
32242s01.dat,0
196955as02.dat,0
6221654as05.dat,0
6311459as05.dat,0
6161s01.dat,0
3648s02.dat,0
3846p4gs01.dat,0
6148328aps01.dat,0
92244s04.dat,0
2335ps4b.dat,0
30639s01.dat,1
57915s02.dat,0
952bs01.dat,0
191915satb.dat,0
79230s01.dat,0
6142622vs05.dat,0
24119s01.dat,0
44375bp03s02.dat,0
88288s01.dat,0
973p65a.dat,0
3010pzxs01.dat,0
85984s01.dat,0
25269p06s01.dat,0
30485ps0s02.dat,0
820674s01.dat,0
13792s01.dat,0
35010s02.dat,1
973p8qs01.dat,0
191075es01.dat,0
3241s04.dat,0
6142275qs02.dat,0
22888s01.dat,0
15118s04.dat,0
30361ps1s07.dat,0
u9390s01.dat,0
15527s03.dat,0
93221s06.dat,0
64805s01.dat,0
3817cphbs01.dat,0
3009pt3s02.dat,0
56630s01.dat,0
90652s01.dat,0
004158c1.dat,0
973pcj5s02.dat,0
32196s01.dat,0
194145bs01.dat,0
65803s03.dat,0
11208s02.dat,0
20460s03.dat,0
t1078s01.dat,0
41818s01.dat,0
88296s01.dat,1
62537s05.dat,0
80686p02s03.dat,0
68881s03.dat,0
30176s01.dat,0
41770s01.dat,0
92254s01.dat,0
46212aph1s01.dat,0
87612s01.dat,0
68327s02.dat,0
41670s01.dat,0
2892s02.dat,0
90498s01.dat,0
74166s01.dat,0
25892s01.dat,0
53400s01.dat,1
30394s00.dat,0
42409s02.dat,0
94531s02.dat,0
87747s00.dat,0
6141875rs06.dat,0
6177969ds03.dat,0
11140s01.dat,0
16709s04.dat,1
s1b.dat,0
5906s01.dat,0
t1074s01.dat,0
24629s04.dat,0
95342s01.dat,0
18923s02.dat,0
23324s02.dat,0
3846p4la.dat,0
2774s01.dat,0
61200s01.dat,0
80686s02.dat,0
770s01.dat,0
3245cpzcs01.dat,0
2541s02.dat,0
30370ps2a.dat,0
60637s01.dat,0
3590s02.dat,0
777s08.dat,0
15525s06.dat,0
24076s01.dat,0
003672bs01.dat,0
60922s01.dat,0
15522p02s01.dat,0
u572p02s03.dat,0
19201s02.dat,0
3817cp61s01.dat,0
004159e1.dat,0
92092s01.dat,0
4740s02.dat,0
98088s02.dat,0
90001s04.dat,1
2468p53a.dat,0
69761s02.dat,0
80679s01.dat,0
970ps5a.dat,0
3189s01.dat,0
64454s02.dat,0
65632s02.dat,0
93088p01s01.dat,0
69909s02.dat,0
87610s04.dat,0
13392p01s01.dat,0
3023bp00s01.dat,0
92409s01.dat,0
43748p01s01.dat,0
87079pz0s02.dat,0
6148328acs09.dat,0
30124bs06.dat,0
918s01.dat,0
u9363s02.dat,0
2847s05.dat,0
45106s01.dat,0
44360s01.dat,0
12893s03.dat,0
78522p01s01.dat,0
24067p04s01.dat,0
36069as02.dat,0
20612s01.dat,0
54359s01.dat,0
24068s01.dat,0
93084s06.dat,0
85977s02.dat,0
u9035s01.dat,0
30119s01.dat,1
30648s01.dat,0
6145s00.dat,0
973pw2a.dat,0
26022s03.dat,0
51645s01.dat,0
91884s01.dat,1
12891p01s04.dat,0
6641s01.dat,0
6092s02.dat,1
30372p79s03.dat,0
71720s02.dat,0
3069ps2b.dat,0
t1031s05.dat,0
6177949es04.dat,0
23945s04.dat,0
90640s01.dat,0
64053s01.dat,1
72206s04.dat,0
970p63a.dat,0
11435p01s02.dat,0
3622px4s01.dat,0
32084s01.dat,0
2902s01.dat,0
98138p0us01.dat,0
2880s02.dat,0
45749s01.dat,0
20904ps0s01.dat,0
46334s03.dat,0
30164s01.dat,0
30635s01.dat,0
35578s01.dat,0
92246s01.dat,0
54093s01.dat,0
73642s01.dat,0
10054s03.dat,0
6327015as01.dat,0
88284s01.dat,0
191915sch.dat,0
30367ps1s14.dat,0
18978bs01.dat,0
10183s01.dat,0
87997s02.dat,0
13809s02.dat,0
613s01.dat,1
2617s01.dat,0
3471s01.dat,0
numb5a.dat,0
24851s01.dat,0
67037s01.dat,0
3709as01.dat,0
17457s01.dat,0
30367ps1s01.dat,0
18675ps7s01.dat,0
004711bs01.dat,0
2857s01.dat,0
30367ps1s15.dat,0
6142622ts01.dat,0
54271s01.dat,0
13809s03.dat,0
93593s01.dat,0
2546p01s01.dat,0
30386s01.dat,1
47994s01.dat,0
92250p01s01.dat,0
18897s01.dat,0
6126972as01.dat,0
2742s01.dat,0
38301s02.dat,0
t1042s01.dat,0
3004p13s01.dat,0
10054s02.dat,0
322s02.dat,0
2880s03.dat,0
60601s01.dat,0
28588s01.dat,0
2335p32s01.dat,0
98878s01.dat,0
46334s02.dat,0
22410s01.dat,0
65128s02.dat,0
4493s.dat,0
72206s05.dat,0
90640s00.dat,0
6177949es05.dat,0
4789s01.dat,0
55237is01.dat,0
57028as02.dat,0
98138ph1s01.dat,0
71720s03.dat,0
30372p79s02.dat,0
87079s01.dat,0
98141s01.dat,0
t1031s04.dat,0
26022s02.dat,0
3068p69a.dat,0
6145s01.dat,1
6142275abs01.dat,0
43086s01.dat,0
u454s01.dat,0
50956s02.dat,0
90615s01.dat,0
3626cpxcs01.dat,0
3626bp4es01.dat,0
93084s07.dat,0
15535s02.dat,0
169675cs01.dat,0
20952s01.dat,1
2924s04.dat,0
2847s04.dat,0
6391s01.dat,0
6148328acs08.dat,0
6148328ads01.dat,0
12893s02.dat,0
6126s01.dat,0
28621s01.dat,1
3736sp.dat,0
32305s01.dat,0
45106s00.dat,0
30350bs01.dat,0
56145s01.dat,0
35154ps1s01.dat,0
32205s01.dat,0
6026s01.dat,0
2573-12.dat,0
99244s01.dat,0
30298s01.dat,0
64454s03.dat,0
98138pn2s01.dat,0
87610s05.dat,0
3898s01.dat,0
27956s01.dat,0
3069p13a.dat,0
35533s01.dat,0
2849s01.dat,0
2596s01.dat,0
90001s05.dat,0
73839a.dat,0
98138pz0s01.dat,0
6251p04s01.dat,0
6296256gs01.dat,0
95673s02.dat,0
10202s01.dat,0
19201s03.dat,0
u572p02s02.dat,0
47204s01.dat,0
94720s01.dat,0
u9496s04.dat,0
2541s03.dat,0
u9498s01.dat,0
80686s03.dat,0
777s09.dat,0
23800s01.dat,0
16709s05.dat,0
73125s01.dat,0
30152s01.dat,0
24629s05.dat,0
48995s01.dat,0
6141875rs07.dat,0
94531s03.dat,0
66727s02.dat,0
30394s01.dat,0
6177969abs01.dat,0
2845s01.dat,0
6177969ds02.dat,0
47545p01s02.dat,0
80835s01.dat,0
3816s02.dat,0
31170s02.dat,0
841s01.dat,0
3008p03a.dat,0
22402s01.dat,0
32558s01.dat,0
3947a.dat,0
3626bpsms01.dat,0
88930s01.dat,0
68327s03.dat,0
973a101.dat,0
68881s02.dat,0
62537s04.dat,0
logoporsl01.dat,0
44848s02.dat,0
6024p02s01.dat,0
65803s02.dat,0
99464s01.dat,0
2431p02s01.dat,0
50335s01.dat,0
20460s02.dat,0
u9494s01.dat,0
973pdgb.dat,0
973pcj5s03.dat,0
90652s00.dat,0
35442s01.dat,0
99100s02.dat,0
15527s02.dat,0
27063s01.dat,0
43747s02.dat,0
30361ps1s06.dat,0
973pd0a.dat,0
15118s05.dat,0
32274s01.dat,0
3069pw1k.dat,0
6057s01.dat,0
90607s01.dat,0
50944s02.dat,0
973pse1.dat,0
26287s02.dat,0
3241s05.dat,0
32533p00s01.dat,0
35962s02.dat,0
1874s01.dat,1
6142275qs03.dat,0
64645s01.dat,1
35010s03.dat,0
51874s01.dat,0
6142622vs04.dat,0
3960p09s01.dat,0
29304s01.dat,0
57915s03.dat,0
79896s01.dat,0
32022s02.dat,0
62885s01.dat,0
42862s01.dat,0
98387s01.dat,0
92244s05.dat,0
u9324s02.dat,0
50407s01.dat,0
3648s03.dat,0
98130s01.dat,0
3960pb1s01.dat,0
56891s02.dat,0
712bs01.dat,0
92249p01s02.dat,0
62712s02.dat,1
35714s02.dat,0
6311459as04.dat,0
6221654as04.dat,0
u1850s01.dat,0
196955as03.dat,0
65080s05.dat,0
47394s02.dat,0
39742p03s01.dat,0
2484s01.dat,0
37776s01.dat,0
t1033s01.dat,0
6142617fs03.dat,0
4181s00.dat,0
4493s1.dat,0
2552p01s01.dat,0
92262s01.dat,0
89520s01.dat,0
3297p12s02.dat,0
4707s02.dat,1
11216s03.dat,0
54200s01.dat,0
2552p06s08.dat,0
46834s01.dat,0
4532s01.dat,0
88646s01.dat,1
55237es01.dat,0
59228s03.dat,0
6177ps1b.dat,0
90617s04.dat,0
30375s02.dat,0
2302s01.dat,0
92946s01.dat,1
195475s01.dat,0
11216s01.dat,1
6578s01.dat,0
92262py0s01.dat,0
50956p02s01.dat,0
2552p01s03.dat,0
39790s02.dat,0
90617s06.dat,0
10170s01.dat,0
59228s01.dat,0
93088s05.dat,0
39742p03s03.dat,0
2454ps5a.dat,0
24076p01s01.dat,0
87544s01.dat,0
191915ssea.dat,0
4181s02.dat,0
6142617fs01.dat,0
4003s01.dat,0
973prjs01.dat,0
973p3ms01.dat,0
480s03.dat,0
98130s03.dat,0
3846p4gs02.dat,0
3648s01.dat,0
6148328aps02.dat,0
2335ps4a.dat,0
4288-15.dat,0
32077s01.dat,0
6161s02.dat,0
196955as01.dat,0
6255869ps01.dat,0
973py0s01.dat,0
32177s01.dat,0
6311459as06.dat,0
6221654as06.dat,0
3039p08s02.dat,0
67040p01s01.dat,0
15624s02.dat,0
t1099s01.dat,0
6009194ds08.dat,0
30485ps0s01.dat,0
93219s01.dat,0
35010s01.dat,0
973p8qs02.dat,0
71944s01.dat,0
3626bps3s01.dat,0
25269p06s02.dat,0
90498pb0s01.dat,0
44375bp03s01.dat,0
973p0ss01.dat,0
973p65b.dat,0
u9371s01.dat,0
88288s02.dat,0
57915s01.dat,0
22969s01.dat,0
191915sata.dat,0
6142622vs06.dat,0
825ap01s01.dat,0
6057s03.dat,0
93221s05.dat,0
3009pt3s01.dat,0
u9543s01.dat,0
30361ps1s04.dat,0
30361ps1s10.dat,0
98562s01.dat,0
6142275qs01.dat,0
22888s02.dat,0
1874s03.dat,0
32533p00s03.dat,0
44775s01.dat,0
3241s07.dat,0
u9312s01.dat,0
2431p02s03.dat,0
11208s01.dat,0
90652s02.dat,0
35442s03.dat,0
6180s01.dat,1
15529s05.dat,0
42092s01.dat,0
973pcj5s01.dat,0
56630s02.dat,0
11459s01.dat,0
u9494s03.dat,0
3068bp53s01.dat,0
68327s01.dat,0
48933s01.dat,1
2892s01.dat,1
46212aph1s02.dat,0
87612s02.dat,0
6024p02s03.dat,0
92254s02.dat,0
87690s01.dat,0
3943s01.dat,0
88296s02.dat,0
2687s01.dat,0
265s01.dat,0
24633p01s05.dat,0
11140s02.dat,0
2845s03.dat,0
6177969abs03.dat,0
783s01.dat,0
2361s01.dat,1
53400s02.dat,0
42409s01.dat,0
94531s01.dat,1
6141875rs05.dat,0
49311s01.dat,1
66967s01.dat,0
85489bs1.dat,0
10113s01.dat,0
74166s02.dat,0
14769s01.dat,0
3007s01.dat,1
48170s08.dat,0
42509s01.dat,0
60637s02.dat,0
30370ps2b.dat,0
2431ps1a.dat,0
3590s01.dat,0
41896s01.dat,0
35860s05.dat,0
15525s05.dat,0
80686s01.dat,0
2210s01.dat,0
2541s01.dat,0
14718s01.dat,1
s1a.dat,0
95342s02.dat,0
3846p4lb.dat,0
18923s01.dat,1
23324s01.dat,0
61200s02.dat,0
16709s07.dat,0
4855s01.dat,1
2468p53b.dat,0
4185as01.dat,0
3002p11s01.dat,0
3842cs02.dat,0
30085s01.dat,0
69761s01.dat,0
6100s07.dat,0
6142275zs08.dat,0
60481bs01.dat,1
004159e2.dat,0
98088s01.dat,0
4740s01.dat,1
92092s02.dat,0
30185s01.dat,0
19201s01.dat,0
3817cp61s02.dat,0
30332s01.dat,0
24076s02.dat,0
004659as01.dat,0
3960pbcs01.dat,0
69909s01.dat,0
87610s07.dat,0
64454s01.dat,0
65632s01.dat,1
4750s1.dat,0
33303s01.dat,0
3068bp22s01.dat,0
2849s03.dat,0
3069p13c.dat,0
50860s01.dat,0
15403s01.dat,0
80679s02.dat,0
6246s01.dat,0
6517s01.dat,0
4150p03s01.dat,0
45106s02.dat,0
3068a101.dat,0
u9579as01.dat,0
6148328ads03.dat,0
66645bp01s01.dat,0
30124bs05.dat,0
u9432s01.dat,0
u9363s01.dat,0
51342s01.dat,0
87079pz0s01.dat,0
56145s03.dat,0
50018fs01.dat,0
85977s01.dat,1
6142275abs03.dat,0
98570s01.dat,0
44136s01.dat,0
u9551s01.dat,0
25971s04.dat,0
u9200s01.dat,0
973p90a.dat,0
970phba.dat,0
6144759as01.dat,0
93084s05.dat,0
191915snl.dat,0
36069as01.dat,0
3069bs4a.dat,0
29115s01.dat,1
6474s01.dat,0
64680s01.dat,0
90640s02.dat,0
6177949es07.dat,0
6192s01.dat,0
15086s01.dat,0
309p02a.dat,0
11241s05.dat,0
6092s01.dat,0
71720s01.dat,0
3069ps2a.dat,0
73642s02.dat,0
29580s04.dat,0
10054s00.dat,0
6327015as02.dat,0
4072s01.dat,0
30164s02.dat,0
92246s02.dat,0
92250p01s03.dat,0
20904ps0s02.dat,0
191915sat.dat,0
4494s01.dat,0
87570p02s01.dat,0
45749s02.dat,0
2880s01.dat,0
30367ps1s03.dat,0
numb5b.dat,0
691s01.dat,0
24851s02.dat,0
3709as03.dat,0
87997s01.dat,0
10183s02.dat,0
46530s01.dat,0
13809s01.dat,0
6142622ts03.dat,0
30367ps1s17.dat,0
u9328s01.dat,0
6142622ts02.dat,0
26051s04.dat,0
10183s03.dat,0
973p04a.dat,0
30367ps1s16.dat,0
30367ps1s02.dat,0
11202p04s04.dat,0
u9579s01.dat,0
004711bs02.dat,0
67037s02.dat,0
3709as02.dat,0
3040s01.dat,1
46334s01.dat,0
20904ps0s03.dat,0
65128s01.dat,0
57759s01.dat,0
322s01.dat,0
4494s00.dat,0
6327015as03.dat,0
10054s01.dat,0
65028s01.dat,0
73642s03.dat,0
92250p01s02.dat,0
71708s01.dat,0
92246s03.dat,0
38301s01.dat,0
30164s03.dat,0
30528s01.dat,0
3384s04.dat,0
40598cs01.dat,0
3979s01.dat,0
30372p79s01.dat,0
11241s04.dat,0
57028as01.dat,0
4740px1s01.dat,0
6237277as01.dat,0
3070bpe0s04.dat,0
6177949es06.dat,0
90640s03.dat,0
93084s04.dat,0
15535s01.dat,0
20952s02.dat,0
33464s01.dat,0
64462s01.dat,0
50956s01.dat,0
90615s02.dat,0
30231p01s02.dat,0
47398s01.dat,0
47298s01.dat,0
26022s01.dat,0
6145s02.dat,0
6142275abs02.dat,0
u9496c01s04.dat,0
6255869ds01.dat,0
6442s01.dat,0
56145s02.dat,0
6148328ads02.dat,0
80519s01.dat,0
12893s01.dat,0
6213s01.dat,1
32030s01.dat,0
42450s01.dat,0
30124bs04.dat,0
2338s01.dat,0
u9181s01.dat,0
97793s01.dat,0
3069p13b.dat,0
2849s02.dat,0
u9467s01.dat,0
27956s02.dat,0
80679s03.dat,0
87610s06.dat,0
u9081s01.dat,0
30485p60s01.dat,0
62700s01.dat,0
99244s02.dat,0
u9567s01.dat,0
3817cp61s03.dat,0
u572p02s01.dat,0
4774a.dat,0
50948s01.dat,0
2514s01.dat,0
3023s01.dat,0
24076s03.dat,0
95673s01.dat,0
18976s01.dat,0
37720as01.dat,0
92244p13s02.dat,0
2345s01.dat,1
73839b.dat,0
6100s06.dat,0
3003px2s01.dat,0
3846p4lc.dat,0
30152s02.dat,0
95342s03.dat,0
16709s06.dat,1
73125s02.dat,0
15525s04.dat,0
35860s04.dat,0
30370ps2c.dat,0
60637s03.dat,0
30367s01.dat,0
3008p03b.dat,0
30225bs1.dat,1
3816s01.dat,0
93252s01.dat,0
74166s03.dat,0
31170s01.dat,0
u600s04.dat,0
2845s02.dat,0
6177969ds01.dat,0
11140s03.dat,0
24633p01s04.dat,0
6141875rs04.dat,0
30216s01.dat,0
66727s01.dat,0
12891s04.dat,0
4035s01.dat,1
30394s02.dat,0
53400s03.dat,1
3678as01.dat,1
6177969abs02.dat,0
24782p01s01.dat,0
59231p4ha.dat,0
11097s01.dat,0
6024p02s02.dat,0
561s01.dat,0
68881s01.dat,0
95053s01.dat,0
88296s03.dat,0
44848s01.dat,0
2465s01.dat,1
3818s04.dat,0
3960px2s01.dat,0
87612s03.dat,0
46212aph1s03.dat,0
15529s04.dat,0
98366s01.dat,0
35442s02.dat,0
99100s01.dat,0
u9494s02.dat,0
973pdga.dat,0
51266s01.dat,0
2739as01.dat,0
20460s01.dat,0
u9416s01.dat,0
65803s01.dat,0
99464s02.dat,0
2431p02s02.dat,0
1874s02.dat,0
27507s01.dat,0
30361ps1s11.dat,0
26287s01.dat,0
3241s06.dat,0
15427s01.dat,0
2349s01.dat,1
2418s01.dat,0
32533p00s02.dat,0
35962s01.dat,0
3298s01.dat,1
6057s02.dat,0
93221s04.dat,0
3626bp6ua.dat,0
50944s01.dat,0
15527s01.dat,0
43747s01.dat,0
30361ps1s05.dat,0
973pd0b.dat,0
10058s01.dat,0
32022s01.dat,0
973p65c.dat,0
37341ds01.dat,0
6142622vs07.dat,0
11089s01.dat,0
56891s01.dat,0
3039p08s03.dat,0
62712s01.dat,0
92249p01s01.dat,0
35714s01.dat,0
30459s01.dat,0
6311459as07.dat,0
u9224s01.dat,0
3960pb1s02.dat,0
36756s04.dat,0
2924as01.dat,1
6009194ds09.dat,0
u9324s01.dat,0
6148328aps03.dat,0
45274s01.dat,0
98130s02.dat,0
98388p03s01.dat,0
97781s01.dat,0
98387s02.dat,0
6161s03.dat,1
91884p01s01.dat,0
3660s01.dat,1
4215p70s04.dat,0
3131s01.dat,0
480s02.dat,0
61072s01.dat,0
3070bpe2s01.dat,0
39742p03s02.dat,0
93088s04.dat,0
3678bp40s01.dat,0
47394s01.dat,0
15429p03s01.dat,0
93231s01.dat,0
6177ps1a.dat,0
90617s07.dat,0
4156s01.dat,0
30375s01.dat,1
822s02.dat,0
93086s01.dat,0
46834s02.dat,0
67695s01.dat,0
51378s01.dat,0
4707s01.dat,0
u9408s01.dat,0
2552p01s02.dat,0
92262s02.dat,0
30157bs01.dat,0
3297p12s01.dat,0
18671s01.dat,1
20905s02.dat,0
4638848as01.dat,0
65080s02.dat,1
43702s01.dat,0
973paks01.dat,0
10305p01s01.dat,0
459s01.dat,1
88930pz1s01.dat,0
61678s01.dat,0
6142617fs04.dat,0
6090s01.dat,0
64782s01.dat,0
2039s02.dat,0
71722s01.dat,0
1411s01.dat,0
2552p01s06.dat,0
35485s01.dat,0
98223s01.dat,0
87079pt3s02.dat,0
11216s04.dat,0
44665s01.dat,1
90617s03.dat,0
3626cp86s01.dat,0
2552p01s12.dat,0
u9137s02.dat,0
191915sdkb.dat,0
24853s02.dat,0
21849ps2s01.dat,0
35010s04.dat,0
57915s04.dat,0
2371s01.dat,1
6142622vs03.dat,0
98389s03.dat,0
6148328qs02.dat,0
102285s01.dat,0
30166s02.dat,1
3626p8bs01.dat,0
92244s02.dat,0
54091s02.dat,1
30402s01.dat,0
92198p01s02.dat,0
3853s01.dat,0
4496s01.dat,0
6311459as03.dat,0
6221654as03.dat,0
17351s02.dat,0
18165s01.dat,0
75902s01.dat,0
30087s01.dat,0
3842as02.dat,0
logoferraris04a.dat,0
15429s00.dat,0
89650s01.dat,0
95831s01.dat,0
30561s01.dat,0
4742s01.dat,0
30230s01.dat,0
19203s01.dat,0
821472as02.dat,0
4121723s06.dat,0
40001s01.dat,0
92743s01.dat,0
004659cs01.dat,0
15118s02.dat,0
6009254bs02.dat,0
30361ps1s01.dat,0
15527s05.dat,0
30841s02.dat,0
3069pw1l.dat,0
6057s06.dat,0
98138p62s01.dat,0
3492s01.dat,0
32533p00s06.dat,0
89534p01s03.dat,0
3241s02.dat,0
2312s01.dat,0
3625s01.dat,0
6142275qs04.dat,0
6239s01.dat,0
6142617ws09.dat,0
3068c101.dat,0
94531s04.dat,0
92253p04s02.dat,0
3960p0is01.dat,0
6177969ds05.dat,0
u600s00.dat,0
3960pvb.dat,0
20546s01.dat,0
92589s01.dat,0
45755s02.dat,0
4615865bs02.dat,0
6069ps2a.dat,0
6177969ds11.dat,0
78522s01.dat,0
38301c02s01.dat,0
32167s01.dat,0
3297ps1a.dat,0
3009s01.dat,1
79851s01.dat,0
57792s02.dat,0
62537s03.dat,0
3622p70s01.dat,0
32067s01.dat,0
100662s02.dat,0
38339s01.dat,0
6100s02.dat,1
65474s02.dat,0
90001s02.dat,0
973pb1s.dat,0
3629s01.dat,0
15470s01.dat,0
90650s02.dat,0
30361as01.dat,0
64712s02.dat,0
42090s01.dat,0
30370ps4s02.dat,0
u9496s03.dat,0
43710s01.dat,0
4111899as01.dat,0
19201s04.dat,0
u572p02s05.dat,0
30366p2a.dat,0
825ap03s01.dat,0
3009pt1s01.dat,0
5428s01.dat,0
45411s01.dat,1
79735s01.dat,0
971phba.dat,0
3816bpw1s01.dat,0
16709s02.dat,0
24629s02.dat,0
60581p04s01.dat,0
37191s01.dat,0
2685s01.dat,0
80542s01.dat,0
2847s03.dat,0
59349s01.dat,1
27149s02.dat,0
60644s02.dat,0
3960p01b.dat,0
66965s01.dat,0
11377s01.dat,0
48493s01.dat,0
47117s01.dat,1
3005s01.dat,1
98138p13s01.dat,0
3754s01.dat,1
75902p03s01.dat,0
71958s01.dat,0
64454s04.dat,0
68325s01.dat,0
4162s01.dat,0
87610s02.dat,0
92198p13s02.dat,0
3960p0es01.dat,0
46882s01.dat,0
004845as01.dat,0
192375is01.dat,0
3941s01.dat,0
5555s01.dat,0
24087s01.dat,0
88294s02.dat,0
90397p02s01.dat,0
6177949es02.dat,0
23945s02.dat,0
39742s09.dat,0
18591s01.dat,0
72206s02.dat,0
3822s01.dat,0
72133s01.dat,0
4544258s02.dat,0
20952p01s01.dat,1
68495s02.dat,0
30646s02.dat,0
3298ps0s01.dat,0
10312s03.dat,0
t1031s03.dat,0
6142275abs06.dat,0
67144s03.dat,0
34738s03.dat,0
10172s01.dat,0
u9117p01s02.dat,0
3066s01.dat,1
2551s01.dat,0
3846p4ta.dat,0
61189ps1s01.dat,0
69964s01.dat,0
25971s01.dat,0
40373s03.dat,0
60176s02.dat,0
2924s03.dat,0
24199s01.dat,0
99550s02.dat,0
50665s01.dat,0
973p05a.dat,0
30367ps1s06.dat,0
98138pb5s01.dat,0
30367ps1s12.dat,0
44375bp01s01.dat,0
62114s01.dat,0
u9373s01.dat,1
u9422s01.dat,0
4142921bs01.dat,0
59826s02.dat,0
6142622ts06.dat,0
13809s04.dat,0
30164s07.dat,0
15413s01.dat,0
11203p02s02.dat,0
33213s01.dat,1
6148328ars02.dat,0
3307p00s01.dat,0
32075s01.dat,0
6256s01.dat,0
34987s01.dat,0
27262s01.dat,0
29580s01.dat,0
10054s05.dat,0
196955cs01.dat,0
3634a.dat,0
11438s01.dat,0
973py2s01.dat,0
2880s04.dat,0
46334s05.dat,0
53178s01.dat,0
49309p01s01.dat,0
30367bs01.dat,1
2582ps0s01.dat,0
611p01a.dat,0
2880s05.dat,0
3001p03s.dat,0
46334s04.dat,0
2586ph2a.dat,0
51663s02.dat,0
30164s06.dat,0
98388p01s01.dat,0
10054s04.dat,0
67139s02.dat,0
32020s01.dat,0
4650853as02.dat,0
6552s01.dat,0
15446s01.dat,0
numb4b.dat,0
30367ps1s13.dat,0
15317s01.dat,0
13809s05.dat,0
26051s01.dat,0
1997s01.dat,0
4760p02s01.dat,0
30367ps1s07.dat,0
11202p04s01.dat,0
30030s1.dat,1
15673s02.dat,0
73764s02.dat,0
31111s01.dat,0
93084s01.dat,0
2924s02.dat,0
88644s02.dat,1
40373s02.dat,1
16477s01.dat,0
18395s01.dat,0
6142275abs07.dat,0
12891p01s03.dat,0
34738s02.dat,0
67144s02.dat,0
18673s01.dat,0
91884p03s01.dat,0
11241s01.dat,0
92911s01.dat,0
553ps1a.dat,0
3069p0fs01.dat,0
40902s01.dat,1
50858s01.dat,0
32439s02.dat,0
t1031s02.dat,0
10312s02.dat,0
2362p53a.dat,0
3384s01.dat,1
309p03a.dat,1
72206s03.dat,0
3070bpe0s01.dat,0
39742s08.dat,0
23945s03.dat,0
6177949es03.dat,0
47545s02.dat,0
11435p01s05.dat,0
54873s01.dat,0
15429p01s01.dat,0
32289s01.dat,0
3626cp7ks01.dat,0
37695s01.dat,0
29580p01s01.dat,0
18905s01.dat,0
4873s01.dat,1
95051s01.dat,0
2336s01.dat,1
logosantanders01b.dat,0
92198p13s03.dat,1
3070bpc3s01.dat,0
15209s01.dat,0
52731s02.dat,0
65138s01.dat,0
87610s03.dat,0
18041s01.dat,0
87570s01.dat,0
43ps1a.dat,0
93250s01.dat,0
30296s02.dat,1
u9496c01s01.dat,0
u9569s01.dat,0
3068bpm3s02.dat,0
3626cpaps01.dat,0
66965s00.dat,0
2847s02.dat,0
93065s02.dat,0
6177969fs01.dat,0
6153bs01.dat,1
30124bs01.dat,0
67611p01s01.dat,0
30214s01.dat,0
973p4zs01.dat,0
27149s03.dat,0
3001p06s01.dat,0
16709s03.dat,1
27254s01.dat,0
973pb0a.dat,0
3622p01s.dat,0
3004pt1a.dat,0
6260s01.dat,0
24629s03.dat,0
95342s06.dat,0
4186p01l.dat,0
50946s01.dat,1
23799s01.dat,0
15525s01.dat,0
60208s01.dat,0
6221655ahs01.dat,0
43745s01.dat,0
35860s01.dat,0
44937s01.dat,0
29601s01.dat,0
u9621s02.dat,0
u572p02s04.dat,0
u9496s02.dat,0
30369s01.dat,0
57029as01.dat,0
26078p01s01.dat,0
72078s01.dat,0
90001s03.dat,0
77182s01.dat,0
973p0es01.dat,0
68881s04.dat,0
62537s02.dat,0
u9334s01.dat,0
u9465s01.dat,0
63082s01.dat,1
92252p02s01.dat,0
36069bp01s01.dat,0
3818s01.dat,0
973p3da.dat,0
6221655as07.dat,0
6177969ds10.dat,0
u600s01.dat,0
90541s01.dat,0
6141875rs01.dat,0
12891s01.dat,0
18909s01.dat,0
22168s01.dat,0
6540s01.dat,0
2791as01.dat,0
6177969ds04.dat,0
11575p01s02.dat,0
3241s03.dat,0
89534p01s02.dat,0
32533p00s07.dat,0
u9349s01.dat,0
6142617ws08.dat,0
3960pv1a.dat,0
28981c01s01.dat,0
6142275qs05.dat,0
30841s03.dat,0
15527s04.dat,0
24314s01.dat,0
69636s01.dat,0
15118s03.dat,0
98368s01.dat,0
191915sfib1.dat,0
93221s01.dat,1
6057s07.dat,0
4867p12s01.dat,0
u9249s01.dat,0
4617s01.dat,0
40687s02.dat,0
47206s02.dat,0
4066bp1ws02.dat,0
80337s01.dat,0
61406s02.dat,1
15529s01.dat,0
95120s01.dat,0
973pass01.dat,0
4121723s07.dat,0
3842as03.dat,0
2723s02.dat,0
6021257as01.dat,0
37720cs01.dat,0
3396s01.dat,0
243s01.dat,1
512s01.dat,1
23422s01.dat,0
92244p11s02.dat,0
20460s04.dat,0
15429s01.dat,1
2347s01.dat,0
36756s01.dat,0
62809s01.dat,0
15524p02s01.dat,0
92198p01s03.dat,0
6062886gs01.dat,0
32219s02.dat,0
18836p42s01.dat,0
471s01.dat,0
4150pf2s01.dat,0
6221654as02.dat,0
6311459as02.dat,0
u9562-f1s01.dat,0
14769p06s01.dat,0
2536as01.dat,0
102285s00.dat,0
92250p03s02.dat,0
6148328aps06.dat,0
92244s03.dat,0
18895s02.dat,0
30166s03.dat,0
6142622vs02.dat,0
30384s02.dat,0
47996s02.dat,0
57915s05.dat,0
69755s01.dat,0
6148328qs03.dat,0
3004p01a.dat,0
18602s01.dat,0
98389s02.dat,0
50231c02s02.dat,0
3817cs01.dat,0
85582s01.dat,0
42531s01.dat,0
15537s01.dat,0
20950s02.dat,0
u9137s03.dat,0
u663s01.dat,0
2552p01s13.dat,0
90617s02.dat,0
6523s01.dat,0
2552p01s07.dat,0
3815bpc39s01.dat,0
2408s01.dat,1
2359s01.dat,1
11216s05.dat,1
49661p01s02.dat,0
15680s01.dat,0
6142275gs01.dat,0
40598as01.dat,0
99010s01.dat,0
6881s01.dat,0
6142617fs05.dat,0
4215p70s01.dat,0
65080s03.dat,0
20905s03.dat,0
6234010bs01.dat,0
93088s01.dat,0
98376s01.dat,0
4215p70s03.dat,0
6142617fs07.dat,0
2039s01.dat,0
71722s02.dat,0
3068s.dat,0
3960ps8s01.dat,0
32186s01.dat,0
87610ps0s02.dat,0
6142275gs03.dat,0
87079pxds01.dat,0
33057s01.dat,0
64051s01.dat,0
93088s03.dat,0
4638848as02.dat,0
20905s01.dat,0
10057pm1s01.dat,0
32086s01.dat,1
65080s01.dat,0
43702s02.dat,0
3005pe2a.dat,0
2552p01s11.dat,0
u9137s01.dat,0
44665s02.dat,1
43822as1.dat,0
3626cp04s01.dat,0
44301s01.dat,1
87079pt3s01.dat,0
1411s02.dat,0
2552p01s05.dat,0
6148328ays08.dat,0
11601s01.dat,0
2715s01.dat,0
6148328qs01.dat,0
38585s01.dat,0
57915s07.dat,0
611s01.dat,1
3626cpm6a.dat,0
49283s01.dat,0
3195s01.dat,0
191915sdka.dat,0
3817cs03.dat,0
24853s01.dat,0
17351s01.dat,0
30402s02.dat,0
30838pk0s01.dat,0
92198p01s01.dat,0
5294s01.dat,0
36756s03.dat,0
4345s01.dat,0
30166s01.dat,1
18895s00.dat,1
92244s01.dat,0
99243p01s01.dat,0
6148328aps04.dat,0
54091s01.dat,1
102285s02.dat,0
95342p02s01.dat,0
30480s01.dat,0
4121723s05.dat,0
30170bs01.dat,0
40001s02.dat,0
92743s02.dat,0
24074s01.dat,0
15529s03.dat,0
13548s01.dat,1
19203s02.dat,0
821472as01.dat,0
89650s02.dat,0
logoferraris04b.dat,0
973p48a.dat,0
87761s01.dat,0
30230s02.dat,0
30105s01.dat,0
75902s02.dat,0
30087s02.dat,0
3842as01.dat,0
6142275qs07.dat,0
39266s01.dat,1
32533p00s05.dat,0
t1076s01.dat,0
5904s01.dat,0
3241s01.dat,0
6057s05.dat,0
93221s03.dat,0
15118s01.dat,0
6009254bs01.dat,0
30361ps1s02.dat,0
30841s01.dat,1
15527s06.dat,0
78522s02.dat,0
u600s03.dat,0
20546s02.dat,0
u9154s01.dat,0
6069ps2b.dat,0
45755s01.dat,0
4615865bs01.dat,0
6177969ds12.dat,0
6142622is08.dat,0
24633p01s03.dat,0
6177969ds06.dat,0
53400s04.dat,1
12891s03.dat,0
40249s01.dat,1
6141875rs03.dat,0
92253p04s01.dat,0
27145s01.dat,0
47199s01.dat,0
100662s01.dat,0
57792s01.dat,0
88296s04.dat,0
60748s01.dat,0
3622p70s02.dat,0
3818s03.dat,0
38301c02s02.dat,0
4111899as02.dat,0
3817cp61s04.dat,0
43374s01.dat,0
58367s01.dat,0
64712s01.dat,0
24076s04.dat,0
971p63a.dat,0
30370ps4s01.dat,0
6100s01.dat,1
65474s01.dat,0
15745s01.dat,0
90001s01.dat,0
24629s01.dat,0
95342s04.dat,0
3846p4ld.dat,0
30109s01.dat,0
65421s00.dat,0
16709s01.dat,1
5428s02.dat,0
45411s02.dat,0
60637s04.dat,0
35860s03.dat,0
15525s03.dat,0
3816bpw1s02.dat,0
30366p2b.dat,0
2541s07.dat,0
66965s02.dat,0
47117s02.dat,0
u9569s03.dat,0
u9496c01s03.dat,0
52035s01.dat,0
3039p14s01.dat,0
10202p06s01.dat,0
60644s01.dat,0
logofordt02.dat,0
60115s01.dat,0
47222s01.dat,0
t1107s01.dat,0
3960p01a.dat,0
27149s01.dat,0
30124bs03.dat,0
2685s02.dat,0
11142s01.dat,0
6177969fs03.dat,0
18979bs01.dat,0
2707s01.dat,0
3230s01.dat,0
2431p28s01.dat,0
88294s01.dat,0
24087s02.dat,0
4858p90a.dat,0
30625s01.dat,0
18905s03.dat,0
u9058s01.dat,0
3960p0es02.dat,0
46882s02.dat,0
87610s01.dat,0
87606ps1s01.dat,0
92198p13s01.dat,0
973pxzs01.dat,0
30646s01.dat,0
3384s03.dat,0
68495s01.dat,0
32109-1.dat,0
5152s01.dat,0
30117s01.dat,1
87610ps2s07.dat,0
11241s03.dat,0
43899s01.dat,0
15429p01s03.dat,0
60932s01.dat,0
4544258s01.dat,0
3755as01.dat,1
6177949es01.dat,0
23945s01.dat,1
90640s04.dat,0
3070bpe0s03.dat,0
72206s01.dat,0
25971s02.dat,0
3068p68a.dat,0
69964s02.dat,0
60176s01.dat,0
3068as01.dat,0
93084s03.dat,0
10172s02.dat,0
u9117p01s01.dat,0
6142275abs05.dat,0
3960ps4s01.dat,0
2431p11a.dat,0
u9046s01.dat,1
59826s01.dat,0
6142622ts05.dat,0
26051s03.dat,0
57895s01.dat,0
90826s01.dat,0
30367ps1s11.dat,0
3010pzzs01.dat,0
62470s01.dat,0
4518s01.dat,0
11202p04s03.dat,0
30367ps1s05.dat,0
logomobil01.dat,0
99550s01.dat,0
15626s01.dat,0
20904ps0s04.dat,0
43446s01.dat,0
6063s01.dat,0
3634b.dat,0
6585s01.dat,0
2880s07.dat,0
26560s01.dat,0
67928s01.dat,0
65417s01.dat,0
971ps5a.dat,0
35757p01s03.dat,0
27262s02.dat,0
6327015as04.dat,0
2048s01.dat,0
10054s06.dat,0
41879s01.dat,1
29580s02.dat,0
30164s04.dat,0
95198s01.dat,0
15413s02.dat,0
11203p02s01.dat,0
92246s04.dat,0
6148328ars01.dat,0
4492s.dat,0
32075s02.dat,0
4296207gs01.dat,0
29580s03.dat,0
67139s01.dat,0
92250p01s04.dat,0
2586ph2b.dat,0
87079p70s01.dat,0
4186a.dat,1
30388s01.dat,1
30164s05.dat,0
51663s01.dat,0
3960pb3s01.dat,0
98285s01.dat,1
2880s06.dat,0
973pxbs01.dat,0
3634c.dat,0
u1852s01.dat,0
30367ps1s04.dat,0
11202p04s02.dat,0
15673s01.dat,0
13809s06.dat,0
4125165is01.dat,0
6142622ts04.dat,0
26051s02.dat,0
4650853as01.dat,0
4121723bs01.dat,0
30367ps1s10.dat,0
numb4a.dat,0
34738s01.dat,0
67144s01.dat,0
30613s01.dat,0
6142275abs04.dat,0
93084s02.dat,0
88644s01.dat,0
973pw3a.dat,0
40373s01.dat,0
25971s03.dat,0
55237gs01.dat,0
73764s01.dat,0
47545s01.dat,0
54873s02.dat,0
61345s01.dat,0
15429p01s02.dat,0
2335p41s01.dat,0
6186799cs01.dat,0
3070bpe0s02.dat,0
90640s05.dat,0
735s01.dat,0
32439s01.dat,0
t1031s01.dat,0
2362p53b.dat,0
10312s01.dat,0
94161s01.dat,0
47314s01.dat,0
3384s02.dat,0
2586s01.dat,0
11241s02.dat,0
3626p63a.dat,0
3023bs01.dat,1
3069p0fs02.dat,0
28598s01.dat,0
52731s01.dat,0
3070bpc3s02.dat,0
385as01.dat,1
24593p01s01.dat,0
61191s01.dat,0
2431pzms01.dat,0
logosantanders01a.dat,0
24087s03.dat,0
23766s01.dat,0
6148328es01.dat,0
53457s01.dat,0
46882s03.dat,0
t1052s01.dat,0
18905s02.dat,0
61795s00.dat,0
3660as01.dat,1
87745s01.dat,0
30396s01.dat,1
2847s01.dat,0
93065s01.dat,0
6177969fs02.dat,0
30121s01.dat,0
11953s01.dat,0
30124bs02.dat,0
30296s01.dat,0
u9496c01s02.dat,0
47117s03.dat,0
3068bpm3s01.dat,0
u9569s02.dat,0
3010pzbs01.dat,0
3996s01.dat,0
66965s03.dat,0
87570s02.dat,0
2947s01.dat,0
2507p01a.dat,0
3816bpw1s03.dat,0
15525s02.dat,0
35860s02.dat,1
43745s02.dat,0
45411s03.dat,0
29601s02.dat,0
5428s03.dat,0
3069bpccs01.dat,0
2541s06.dat,0
50946s02.dat,0
30366p2c.dat,0
2598s01.dat,1
6260s02.dat,0
4109873as01.dat,0
95342s05.dat,0
190315s01.dat,0
30370ps3a.dat,0
42716s01.dat,0
65421s01.dat,0
6155s01.dat,0
64647s01.dat,0
77182s02.dat,0
27925s01.dat,0
72078s02.dat,0
26078p01s02.dat,0
53988s01.dat,0
4740p04s01.dat,0
u9496s01.dat,0
3961pn0s01.dat,0
92252p02s02.dat,0
3818s02.dat,0
98138pn0s01.dat,0
63082s02.dat,0
u9334s02.dat,0
u9465s02.dat,0
6024p02s04.dat,0
2431p71s01.dat,0
93069s01.dat,0
62537s01.dat,0
u9001s01.dat,0
973p44c.dat,0
2845s04.dat,0
11575p01s01.dat,0
6177969ds07.dat,0
3003pd0s01.dat,0
6141875rs02.dat,0
12891s02.dat,0
6177969abs04.dat,0
90541s02.dat,0
u600s02.dat,0
36083bs01.dat,0
6057s04.dat,0
93221s02.dat,0
25516s01.dat,0
40687s01.dat,1
30361ps1s03.dat,0
4273s01.dat,0
191915sfib2.dat,0
19732s01.dat,0
6142275qs06.dat,0
24121s01.dat,0
30601s01.dat,0
2336p90a.dat,0
53984s01.dat,0
32533p00s04.dat,0
2594s01.dat,0
6296256ec01s01.dat,0
4121723s10.dat,0
61506s01.dat,0
2723s01.dat,0
47306s01.dat,0
3396s02.dat,0
6251p06s01.dat,0
15529s02.dat,0
6296256es01.dat,0
2494s01.dat,0
47206s01.dat,0
4066bp1ws01.dat,0
u9494s04.dat,0
53791s01.dat,0
90609s01.dat,0
61406s01.dat,0
92250p03s01.dat,0
6148328aps05.dat,0
2740s01.dat,0
18895s01.dat,0
52494s01.dat,0
46103s01.dat,0
98130s04.dat,0
64179s01.dat,0
3960p07s01.dat,0
973psq1.dat,0
32219s01.dat,0
6311459as01.dat,0
6221654as01.dat,0
36756s02.dat,0
24629p04s05.dat,0
30402s03.dat,1
30033s01.dat,0
973ph2a.dat,0
1874p01s01.dat,0
50231c02s01.dat,0
3817cs02.dat,0
18675ps5s01.dat,0
74967s01.dat,0
75902p0as01.dat,0
12618s01.dat,0
98389s01.dat,0
6142622vs01.dat,0
93591s01.dat,1
47996s01.dat,0
30384s01.dat,0
57915s06.dat,0
49661p01s01.dat,0
15680s02.dat,0
2552p01s04.dat,0
42604s01.dat,1
2552p01s10.dat,0
90617s01.dat,0
42531s02.dat,0
85582s02.dat,0
169675as01.dat,0
739s01.dat,0
20950s01.dat,0
93088s02.dat,0
98376s02.dat,0
55237ks01.dat,0
41748s01.dat,0
191925s01.dat,0
6142617fs06.dat,0
u8204s01.dat,0
48989s01.dat,0
4215p70s02.dat,0
6142275gs02.dat,0
40598as02.dat,0
003238s1.dat,0
62359s01.dat,0
64991c01s02.dat,0
92754s02.dat,0
26056px0s04.dat,0
4331s01.dat,0
4460s01.dat,0
44308s01.dat,0
30643s01.dat,0
16497p03s01.dat,0
6148328bgs04.dat,0
970s01.dat,0
67950s01.dat,1
2454bs01.dat,1
66858p01s01.dat,0
2552p01s09.dat,0
2454s02.dat,0
4700s03.dat,0
u588s02.dat,0
1938s01.dat,0
42109s01.dat,0
3626cpb5s01.dat,0
2528ap31s01.dat,0
765s01.dat,0
37493s01.dat,1
11293s01.dat,0
3626cp8ys01.dat,0
62360p01s01.dat,0
68881p01s02.dat,0
35473s01.dat,0
85983s01.dat,1
41669s01.dat,0
u9143s01.dat,0
20551s02.dat,0
11202p01s03.dat,0
25269p01s01.dat,0
u9331c01s03.dat,0
79180s01.dat,1
30361dps7s01.dat,0
44375s01.dat,0
67638s01.dat,1
62575s01.dat,0
6148328ays04.dat,0
90462bs03.dat,0
50304s01.dat,0
4728s02.dat,0
14396s02.dat,0
6637s01.dat,0
6148328xs01.dat,0
27152s01.dat,0
43936s03.dat,0
84747s01.dat,0
6148328aws01.dat,0
90636s01.dat,0
49308s02.dat,0
973py7s02.dat,0
29632s02.dat,0
6009194ds02.dat,0
3811p02b.dat,0
6230s02.dat,0
6105s01.dat,0
32577s01.dat,0
6057s09.dat,0
u454p02s01.dat,0
6009254es04.dat,0
12590s01.dat,0
6142617ws12.dat,0
4198s01.dat,0
53983s05.dat,0
6142617ws06.dat,0
6941s01.dat,0
79505s01.dat,0
2366s02.dat,0
4066as01.dat,0
6142622is04.dat,0
53585s02.dat,0
6024s1.dat,0
606s01.dat,1
6178s01.dat,1
3010p22s01.dat,0
41862s01.dat,0
6142617aes01.dat,0
88517s03.dat,0
48170s02.dat,0
47576s01.dat,0
u9108s00.dat,0
t1102s01.dat,0
49294s01.dat,0
6002s2.dat,0
u9539s02.dat,0
87615s01.dat,0
u9106s05.dat,0
2917s01.dat,0
92402s01.dat,0
95195c02s01.dat,0
4503s01.dat,0
67491s01.dat,0
20596s05.dat,0
3665as01.dat,1
55706s01.dat,0
4352s01.dat,0
30620s01.dat,0
92253s01.dat,0
logomichl05.dat,0
54086s01.dat,0
54200py0s01.dat,0
44341s05.dat,0
t43111s05.dat,0
6142275zs02.dat,0
72024s02.dat,0
88646p07s01.dat,0
4094s01.dat,0
3817cpw1s01.dat,0
19206s02.dat,0
777s01.dat,0
30360s03.dat,1
2546s02.dat,0
4111899hs02.dat,0
4790s00.dat,1
6009254gs01.dat,0
48083s01.dat,0
50898s01.dat,0
2446s02.dat,0
3960s03.dat,0
10350s01.dat,0
t1073s01.dat,0
973phbs01.dat,0
25866s02.dat,0
3664p07s01.dat,0
71711s03.dat,0
80679p02s03.dat,0
6148328acs14.dat,0
30223a.dat,0
98721s01.dat,0
13787s01.dat,0
51345s02.dat,0
93668s01.dat,0
13786p07s02.dat,0
4615865gs01.dat,0
u9151s01.dat,0
65635s02.dat,0
6221655ds05.dat,0
70695s02.dat,0
3468s01.dat,0
32506s01.dat,0
33031s01.dat,0
92251s04.dat,0
40242s04.dat,0
57520s01.dat,0
51344p01s02.dat,0
30473s1.dat,0
3004pt8s01.dat,0
58213s01.dat,0
80428s02.dat,0
43363s01.dat,0
3068bp9na.dat,0
15103s01.dat,0
3626cp8us01.dat,0
39742s06.dat,0
50986s01.dat,0
65384c01s02.dat,0
6148328bes01.dat,0
80279s02.dat,0
60599s01.dat,0
87610ps5s02.dat,0
56074s01.dat,0
98577s02.dat,0
71772s03.dat,0
2723p03s01.dat,0
24067p03s01.dat,0
42941s01.dat,0
45411p01s02.dat,0
30367ps1s09.dat,0
87567s03.dat,0
64778s01.dat,1
11055s01.dat,0
u9141s04.dat,0
2525s02.dat,0
466as01.dat,0
3044bs01.dat,0
93247s03.dat,0
4492h.dat,0
67644p01s05.dat,0
33298s01.dat,0
20380p01s02.dat,0
57789s01.dat,0
3010p30s01.dat,0
15525p01s01.dat,0
87990s02.dat,0
2425s02.dat,0
2374s02.dat,0
75544s01.dat,0
46537s02.dat,0
64390s04.dat,0
30632s01.dat,0
41765s01.dat,1
54094s01.dat,0
30366ps0s02.dat,0
92241s01.dat,0
30485s01.dat,0
98382s05.dat,0
29630s07.dat,0
4511s01.dat,0
30367ps1s21.dat,0
24190s02.dat,0
801s01.dat,0
30363as1.dat,0
30585s01.dat,0
973p8zs01.dat,0
3856s02.dat,0
191915sbe.dat,0
3193as01.dat,0
973p71a.dat,0
18990s01.dat,0
29630s06.dat,0
48202s01.dat,0
24629p01s05.dat,0
30367ps1s20.dat,0
numb7a.dat,0
30366ps0s03.dat,0
47431s01.dat,1
98382s04.dat,0
2470s02.dat,0
2850s01.dat,0
20380p01s03.dat,0
u9328c01s01.dat,0
logochevl02.dat,0
20905ps1s02.dat,0
4444s01.dat,1
6177969ys06.dat,0
87752s01.dat,0
54276s01.dat,0
87990s03.dat,0
87567s02.dat,0
2950s01.dat,0
30367ps1s08.dat,0
93247s02.dat,0
2586ph1b.dat,0
u9141s05.dat,0
98138p1ds01.dat,0
30303s02.dat,0
6042s01.dat,0
87621s04.dat,0
73878s01.dat,0
191915sbea.dat,0
71772s02.dat,0
98577s03.dat,0
t1038s01.dat,0
6142275abs08.dat,0
973ps1s01.dat,0
76797s01.dat,0
80279s03.dat,0
948cs02.dat,0
950as01.dat,0
19729s01.dat,0
4247as01.dat,0
98138p2zs01.dat,0
39742s07.dat,0
3195p02s02.dat,0
76371s01.dat,0
5258s02.dat,0
u9331s02.dat,0
35534s01.dat,0
6965s01.dat,0
u9004s01.dat,0
004488as02.dat,0
99243s01.dat,0
4492b1.dat,0
6221655ds04.dat,0
34103s01.dat,1
22409s01.dat,0
90397s01.dat,1
33011bs01.dat,0
004452cs02.dat,0
u9151s00.dat,0
6021s01.dat,0
14734p01s01.dat,0
32289as01.dat,0
54701p01s01.dat,0
6221655js01.dat,0
4650852fs01.dat,0
2598ps2s01.dat,0
logoshells01.dat,0
71375s01.dat,0
3626p89s01.dat,0
6148328acs01.dat,0
3626cp7bs02.dat,0
71711s02.dat,0
logosantanders02a.dat,0
973p45s01.dat,0
3817cp8is01.dat,0
19066s01.dat,0
logostarwars01.dat,0
3960s02.dat,0
103918s04.dat,0
41753s01.dat,0
191915sgba.dat,0
31333s01.dat,0
4790s01.dat,0
92691s01.dat,0
30360s02.dat,0
973pbda.dat,0
6251p03s01.dat,0
973pavs02.dat,0
3011pt2s02.dat,0
19206s03.dat,0
47203s01.dat,0
61403s01.dat,0
2431ps3b.dat,0
15619s01.dat,0
6538s02.dat,0
197915bs01.dat,0
27168s01.dat,0
49656s01.dat,0
72024s03.dat,1
6142275zs03.dat,0
t43111s04.dat,0
10305s01.dat,0
95054s02.dat,0
973p30a.dat,0
20596s04.dat,0
48310s01.dat,1
71379s01.dat,0
53452s01.dat,0
6148328aos01.dat,0
948s04.dat,0
3846p4xs01.dat,0
3819pdg1s01.dat,0
u9106s04.dat,0
6221655as08.dat,0
43s01.dat,0
88517s02.dat,0
3811s02.dat,0
471p01a.dat,0
67446s02.dat,0
4207s01.dat,0
973p8ns01.dat,0
u9108s01.dat,0
48170s03.dat,1
16175s01.dat,0
3068p51a.dat,0
6142622is05.dat,0
35860p01s05.dat,0
2842s01.dat,0
80394as01.dat,0
35538s01.dat,0
u9008s01.dat,0
6142617ws07.dat,0
53983s04.dat,0
973pr3s01.dat,0
14222s01.dat,0
42042s01.dat,0
87567p02s02.dat,0
3069pw1b.dat,0
6057s08.dat,0
32273s01.dat,0
6050s01.dat,0
13710as04.dat,0
21996s01.dat,0
u9493s01.dat,0
24779s01.dat,0
4121723s08.dat,0
65886s01.dat,0
34172s01.dat,0
44343s01.dat,1
76607s02.dat,0
191915sfia2.dat,0
44571s01.dat,0
3816pbda.dat,0
letrb.dat,0
90636s00.dat,0
3811p02c.dat,0
6009194ds03.dat,0
973pxgs01.dat,0
10908s07p04.dat,0
29632s03.dat,0
98138p1hs01.dat,0
62271s01.dat,0
92549s01.dat,0
973ph1a.dat,0
92218s01.dat,0
18789s01.dat,0
958s01.dat,0
93598s01.dat,1
98137s01.dat,0
43936s02.dat,0
50820s02.dat,0
6148328ays05.dat,0
42021s01.dat,1
29303s01.dat,0
3039pcgs02.dat,0
11568s02.dat,0
67644p03s01.dat,0
11202p01s02.dat,0
u9328as02.dat,0
91405s01.dat,0
42545s02.dat,0
32125s02.dat,0
u9331c01s02.dat,0
4865bs01.dat,0
42918s01.dat,0
55237bs01.dat,0
825s01.dat,0
30372s02.dat,0
4066bp06s02.dat,0
2552p06s01.dat,0
67141s01.dat,0
925s01.dat,1
u588s03.dat,0
4700s02.dat,0
6258203is01.dat,0
2552p01s08.dat,0
41854s01.dat,1
3010p14s01.dat,0
3626p7ab.dat,0
87748ps1.dat,0
11244s02.dat,0
32058s02.dat,0
6148328bgs05.dat,0
3005pz3s01.dat,0
4650854is01.dat,0
2350s02.dat,0
69934s02.dat,0
2634s01.dat,1
80015s01.dat,0
87079pb0s01.dat,0
2483s01.dat,0
4650854is03.dat,0
6148328bgs07.dat,0
30643s02.dat,0
87748ps3.dat,0
u586s04.dat,0
6142617fs08.dat,0
17010s01.dat,0
92754s01.dat,0
3815bs01.dat,0
003238s2.dat,0
64991c01s01.dat,0
2525p30s01.dat,0
3585s01.dat,0
18836s01.dat,0
2454s01.dat,1
u588s01.dat,0
39144s01.dat,1
6099s01.dat,1
2552p06s03.dat,0
4107582ds01.dat,0
87689s01.dat,0
3350bs02.dat,0
3961pb0s01.dat,0
4728s01.dat,0
44375pa0s01.dat,0
67638s02.dat,0
6148328ays07.dat,0
62575s02.dat,0
30361dps7s02.dat,0
68881p01s01.dat,0
85983s02.dat,0
3626bps4s01.dat,0
20551s01.dat,0
32170s01.dat,0
973py7s01.dat,0
29632s01.dat,0
79846s01.dat,0
6009194ds01.dat,0
3811p02a.dat,0
90636s02.dat,0
4297014as1.dat,0
49308s01.dat,1
58134s01.dat,0
6148328aws02.dat,0
958s03.dat,0
33216s01.dat,0
14396s01.dat,0
6637s02.dat,0
6148328xs02.dat,0
u9624s03.dat,0
30361ds01.dat,0
10169s01.dat,0
48156s05.dat,0
46309s01.dat,0
19204s04.dat,0
973p4la.dat,0
59231s01.dat,0
24779s03.dat,0
3068bp54s01.dat,0
973p6ua.dat,0
6087s01.dat,1
6230s01.dat,0
32013s01.dat,0
98565s01.dat,0
3939s01.dat,1
18905p01s01.dat,0
6142275qs08.dat,0
43900s01.dat,0
6142617ws05.dat,0
30239s01.dat,0
44772s01.dat,0
825ap06s01.dat,0
13392s01.dat,0
6239p01s01.dat,0
6142617ws11.dat,0
4215bs01.dat,1
30339s01.dat,0
79730s01.dat,0
48170s01.dat,1
973pgas01.dat,0
u9108s03.dat,0
35756s04.dat,0
logoferraris02.dat,0
75902p06s01.dat,0
2680s01.dat,0
2366s01.dat,0
60474s01.dat,0
2437s01.dat,1
26074p02s01.dat,0
6142622is07.dat,0
65068s01.dat,0
6177969ds09.dat,0
25931-8h.dat,0
11272s01.dat,0
53585s01.dat,0
6024s2.dat,0
4352s02.dat,0
54655s01.dat,0
92253s02.dat,0
87613p01s01.dat,0
54086s02.dat,0
6148328aos03.dat,0
87697s01.dat,0
20596s06.dat,0
u9368s01.dat,0
4481s01.dat,1
51349s01.dat,0
92402s02.dat,0
92580s01.dat,0
2895s01.dat,0
u9539s01.dat,0
93551s01.dat,0
u9106s06.dat,0
10312ps0s01.dat,0
19206s01.dat,0
973p45s1.dat,0
30464s01.dat,0
u9548s01.dat,0
66155s01.dat,0
973p7sa.dat,0
3817cpw1s02.dat,0
61481s00.dat,0
6142275zs01.dat,0
98238s01.dat,0
72024s01.dat,0
61976s01.dat,0
30235s01.dat,1
3629pw2a.dat,0
23323s01.dat,0
t1073s02.dat,0
25866s01.dat,0
3622p08s01.dat,0
80267s01.dat,0
37352s01.dat,0
2446s01.dat,0
11203s01.dat,1
3626bp8ks01.dat,0
3626bp42s04.dat,0
6009254gs02.dat,0
2541s08.dat,0
4186p01a.dat,0
973pbdc.dat,0
15522s05.dat,0
50898s02.dat,0
777s02.dat,0
11303s01.dat,0
2546s01.dat,0
4111899hs01.dat,0
6221655js03.dat,0
51345s01.dat,0
13786p07s01.dat,0
93668s02.dat,0
4615865gs02.dat,0
2421a.dat,0
u9151s02.dat,0
30223b.dat,0
79741s01.dat,0
50018as01.dat,0
13787s02.dat,0
6148328acs03.dat,0
3231bs01.dat,0
35654s01.dat,0
71375s03.dat,0
3626bs05.dat,0
75902pb2s01.dat,0
u9364s01.dat,0
30248s01.dat,0
70880s01.dat,0
30473s2.dat,0
58213s02.dat,0
24308bs01.dat,0
6510s01.dat,0
57520s02.dat,0
3468s02.dat,0
973pwds1.dat,0
33031s02.dat,0
65635s01.dat,0
70695s01.dat,0
38547s05.dat,0
688s01.dat,0
15504s01.dat,0
65384c01s01.dat,0
6148328bes02.dat,0
80279s01.dat,0
2558s01.dat,0
39742s05.dat,0
80428s01.dat,0
50904s01.dat,0
45411p01s01.dat,0
u9556s01.dat,0
45406s01.dat,0
93083s05.dat,0
30370s05.dat,0
6042s03.dat,0
93565s05.dat,0
973ps1s03.dat,0
78444s01.dat,0
35700ps1s01.dat,0
3010p0hs01.dat,0
85970s01.dat,0
98577s01.dat,0
u826s01.dat,0
3626psta.dat,0
87990s01.dat,0
2425s01.dat,0
2374s01.dat,0
26056s05.dat,0
46537s01.dat,0
75544s02.dat,0
6177969ys04.dat,0
20380p01s01.dat,0
3010p30s02.dat,0
15525p01s02.dat,0
41835p01s01.dat,0
2525s01.dat,0
3010pz5s01.dat,0
69910s01.dat,0
64778s02.dat,0
30367ps1s22.dat,0
801s02.dat,0
24190s01.dat,0
2880s08.dat,0
30407s01.dat,1
4624s01.dat,0
30585s02.dat,0
3856s01.dat,0
u768c01s04.dat,0
29630s04.dat,0
4493s01.dat,1
u9495c01s04.dat,0
58381s04.dat,0
98382s06.dat,0
47844s01.dat,0
3660bp01s01.dat,0
30632s02.dat,0
54094s02.dat,1
973p4ks01.dat,0
30366ps0s01.dat,0
10053s01.dat,0
4864s01.dat,0
66645ap01s01.dat,0
2470s01.dat,0
3062bs01.dat,1
47431s02.dat,0
30632s03.dat,0
18912s01.dat,0
30585s03.dat,0
48202s02.dat,0
47155s01.dat,0
2880s09.dat,0
numb7b.dat,0
24629p01s06.dat,0
30367ps1s23.dat,0
973p71b.dat,0
14769p03s01.dat,0
4493s00.dat,0
18990s02.dat,0
29630s05.dat,0
93247s01.dat,0
87081s01.dat,0
2586ph1a.dat,0
98138p1ds02.dat,0
30303s01.dat,1
92755p01s01.dat,0
87567s01.dat,0
30552s01.dat,0
75544s03.dat,0
26056s04.dat,0
28145p01s01.dat,0
20905ps1s01.dat,0
6177969ys05.dat,0
69947p01s01.dat,0
973ps1s02.dat,0
191915sbeb.dat,0
71772s01.dat,1
93083s04.dat,0
6377s01.dat,0
553ps2a.dat,0
93565s04.dat,0
6042s02.dat,0
30370s04.dat,0
15429p08s01.dat,0
39742s04.dat,0
3195p02s01.dat,0
76371s02.dat,0
u768s04.dat,0
13733s01.dat,0
4247as02.dat,0
40598ds01.dat,0
6148328bes03.dat,0
948cs01.dat,0
950as02.dat,0
43746p01s01.dat,0
004488as01.dat,0
99243s02.dat,0
38547s04.dat,0
4492b2.dat,0
58213s03.dat,0
5258s01.dat,0
u9331s01.dat,0
71711s01.dat,0
6148328acs02.dat,0
3626cp7bs01.dat,0
logosantanders02b.dat,0
3817cp8is02.dat,0
2598ps2s02.dat,0
6214s01.dat,1
19727p01s01.dat,0
logoshells02.dat,0
3626bs04.dat,0
71375s02.dat,0
004452cs01.dat,0
u9151s03.dat,0
2586p30a.dat,0
6221655js02.dat,0
62812s01.dat,0
90397s02.dat,0
15522s04.dat,0
973pbdb.dat,0
2541s09.dat,0
6009254gs03.dat,0
93575s01.dat,0
4612s01.dat,0
30360s01.dat,1
47972s01.dat,0
2586ps1a.dat,0
191915sgbb.dat,0
54120s01.dat,0
30260s01.dat,0
3817bp60s01.dat,0
3960s01.dat,1
43898pa2s01.dat,0
10305s02.dat,0
6538s01.dat,0
92244p14s02.dat,0
49656s02.dat,0
44375p02s01.dat,0
3011pt2s01.dat,0
47203s02.dat,0
2431ps3a.dat,0
3817cpw1s03.dat,0
3024s01.dat,1
2513s01.dat,1
10130s01.dat,0
95674s01.dat,0
973pavs01.dat,0
10661s01.dat,0
u9106s07.dat,0
22587s01.dat,0
3010p16a.dat,0
6148328aos02.dat,0
92253s03.dat,0
3819pdg1s02.dat,0
95054s01.dat,0
973p30b.dat,0
20596s07.dat,0
4876s01.dat,0
973p0ls01.dat,0
4285s01.dat,0
58171s04.dat,0
6024s3.dat,1
6177969ds08.dat,0
4032s01.dat,0
6142622is06.dat,0
973as1.dat,0
35860p01s06.dat,0
logoferraris03.dat,0
u9108s02.dat,0
16175s02.dat,0
88517s01.dat,0
3811s01.dat,0
5405s01.dat,0
67446s01.dat,0
32273s02.dat,0
6142617ws10.dat,0
6050s02.dat,1
92950p01s01.dat,0
21996s02.dat,0
973psfa.dat,0
65611s01.dat,0
33320s01.dat,0
32146s01.dat,0
65140s01.dat,0
3069pw1a.dat,0
6142617ws04.dat,0
76607s01.dat,0
87408s01.dat,0
191915sfia1.dat,0
96483s01.dat,0
24779s02.dat,0
65886s02.dat,0
3960pv2a.dat,0
48156s04.dat,0
958s02.dat,0
6148328aws03.dat,0
45522s01.dat,1
43936s01.dat,1
98388p04s01.dat,0
6148328xs03.dat,0
92549s02.dat,0
973ph1b.dat,0
2867as01.dat,0
6637s03.dat,0
3010p41a.dat,0
letra.dat,0
6196607as01.dat,0
30361dps7s03.dat,0
42545s01.dat,0
32125s01.dat,1
u9331c01s01.dat,0
11202p01s01.dat,0
u9328as01.dat,0
50920s01.dat,0
91405s02.dat,0
3039pcgs01.dat,0
4868s01.dat,0
11568s01.dat,0
6206s01.dat,0
90462bs01.dat,0
18605s04.dat,0
50820s01.dat,0
62575s03.dat,0
6148328ays06.dat,0
44375s03.dat,0
23448s01.dat,0
925s02.dat,1
u588s00.dat,0
4700s01.dat,0
196945sgb.dat,0
23997s01.dat,0
2552p06s02.dat,0
68547s01.dat,0
825s02.dat,0
30372s01.dat,0
4066bp06s01.dat,0
42918s02.dat,0
3070bpe5s01.dat,0
46342s01.dat,0
66956s01.dat,0
28424p02s01.dat,0
15429p04s01.dat,0
69934s01.dat,1
003238s3.dat,0
2634s02.dat,0
11244s01.dat,0
49097s01.dat,0
32058s01.dat,1
4650854is02.dat,0
6148328bgs06.dat,0
2350s01.dat,0
u586s05.dat,0
3626p7aa.dat,0
87748ps2.dat,0
30643s03.dat,0
35660s04.dat,0
u9205s01.dat,0
30478s01.dat,0
16529s01.dat,0
4088s02.dat,0
24067p01s02.dat,0
973p8bb.dat,0
u9305s01.dat,1
2552p06s06.dat,0
44033s01.dat,0
95828s01.dat,0
98224s01.dat,0
u588s04.dat,0
u586s01.dat,0
18938s01.dat,0
6148328bgs02.dat,0
003238s7.dat,0
4638848fs01.dat,0
13971s01.dat,0
29110s01.dat,0
1936s02.dat,0
u9529s01.dat,0
93541s01.dat,0
973ph0b.dat,0
4491s01.dat,1
6009194ds04.dat,0
3811p02d.dat,1
92590s01.dat,0
87687s01.dat,0
6009194ds10.dat,0
2586p4bs02.dat,0
2507pa1s01.dat,0
5540s01.dat,0
47846s01.dat,1
191888s01.dat,0
17485s01.dat,0
3626p8es01.dat,0
30366ps2s01.dat,0
3004p03a.dat,0
3626cpd67s01.dat,0
55981s01.dat,0
47753s01.dat,0
6148328ays02.dat,0
11262s01.dat,0
90462bs05.dat,0
t1012s02.dat,0
3004s60.dat,0
973py9s01.dat,0
36069ap01s01.dat,0
3010s01.dat,1
92832s01.dat,0
32498s01.dat,0
69912s01.dat,0
90638s02.dat,0
18926s01.dat,0
53983s03.dat,0
t1071s02.dat,0
41751s03.dat,0
88811s02.dat,0
40942s01.dat,0
3622s01.dat,1
3626bp8is01.dat,0
6009254es02.dat,0
23221s01.dat,0
18826s01.dat,0
41893s01.dat,0
61287s01.dat,0
11301s01.dat,1
13710as03.dat,0
66913s01.dat,0
30361ps1s08.dat,0
36036s01.dat,0
92851s01.dat,0
41944s03.dat,0
30180s01.dat,1
10312ps2s01.dat,0
19204s01.dat,0
52985s01.dat,0
3626cpx8s01.dat,0
93273s01.dat,0
24246s01.dat,0
3960pv3a.dat,0
86500s02.dat,0
20596s03.dat,0
6625c01s01.dat,0
58124s01.dat,1
948s03.dat,0
973pskb.dat,0
32060s01.dat,0
65066s01.dat,0
50965s01.dat,0
u9106s03.dat,0
4209s03.dat,0
973p31b.dat,0
64451s01.dat,0
75902p08s01.dat,0
u9153s02.dat,0
48170s04.dat,0
u9537s01.dat,0
79743s01.dat,0
35756s01.dat,0
u9108s06.dat,0
973p3fa.dat,0
35007s01.dat,0
13785s02.dat,0
20310s01.dat,0
6142622is02.dat,0
3069p06c.dat,0
3351bs02.dat,0
u9366s01.dat,0
973pbeb.dat,0
technic1a.dat,0
3960s05.dat,0
18905p03s01.dat,0
u9446s01.dat,0
6148328bss03.dat,0
u9317s01.dat,0
103918s03.dat,0
825ap04s01.dat,0
777s07.dat,0
4521703s01.dat,0
87580p01s01.dat,0
67759s02.dat,0
6239p03s01.dat,0
3626bp42s01.dat,0
u9546s01.dat,0
2654as01.dat,0
u9217s01.dat,0
44670s01.dat,0
970p4f1.dat,0
973pbdf.dat,0
18588s01.dat,0
50914s01.dat,0
3068bpt1s01.dat,0
94318s01.dat,0
19206s04.dat,0
2548s01.dat,0
59233s01.dat,0
32475s02.dat,0
44341s03.dat,1
30370ps1b.dat,0
921b.dat,0
t43111s03.dat,0
90462s01.dat,0
4186p01s.dat,0
28535s01.dat,0
6142275zs04.dat,0
4350s02.dat,0
92251s02.dat,0
89513s02.dat,0
40242s02.dat,0
41835s03.dat,0
61905s01.dat,0
30517s01.dat,0
u9328ac01s02.dat,0
3846p44b.dat,0
6221655ds03.dat,0
21490c01s01.dat,0
3846s01.dat,0
6148328acs12.dat,0
logosantanders03b.dat,0
2336s35.dat,0
69900s01.dat,0
30837s02.dat,1
18857s01.dat,0
6221655js06.dat,0
48494s01.dat,1
3002s01.dat,1
3626bs00.dat,0
30126s03.dat,0
67931s02.dat,0
47325s02.dat,0
4865p01b.dat,0
786s01.dat,0
6148328acs06.dat,0
87621s03.dat,0
2207s01.dat,0
2556s01.dat,0
57029s01.dat,0
3004pz7s01.dat,0
4266s03.dat,0
41881s01.dat,1
3587s01.dat,1
54821s01.dat,0
15469s01.dat,0
11213s01.dat,0
3487s01.dat,0
11126s02.dat,0
3068bpf0s01.dat,0
30124bp02s01.dat,0
30372ps2s01.dat,0
5260s01.dat,0
3010p0fs01.dat,0
4297014hs01.dat,0
45408s01.dat,0
30325s01.dat,0
18605p05s01.dat,0
30192s01.dat,0
33009s03.dat,0
973pw1b.dat,0
39802s01.dat,0
u768c01s01.dat,0
15496s02.dat,0
29630s01.dat,0
53075p01s01.dat,0
u9495c01s01.dat,0
64776s02.dat,0
65421p01s01.dat,0
32247s02.dat,0
64390s02.dat,0
6251s01.dat,0
4346p03a.dat,0
58381s01.dat,0
98382s03.dat,0
6177969ys01.dat,0
50990as01.dat,1
45575s01.dat,0
30258s01.dat,0
26603p06s01.dat,0
57910s01.dat,0
3230bs01.dat,0
3245cs01.dat,1
30409s01.dat,0
70181s00.dat,0
822es01.dat,0
4620859es01.dat,0
30358s01.dat,0
35015s01.dat,0
87567s05.dat,0
20380s02.dat,0
u9141s02.dat,0
u9610s02.dat,0
15210s01.dat,0
87567s04.dat,0
70181s01.dat,0
93247s04.dat,0
54809s01.dat,0
u9141s03.dat,0
163555fs01.dat,0
45982s01.dat,0
3039pces01.dat,0
30477p01s02.dat,0
18973p05s01.dat,0
32290s01.dat,0
26056s01.dat,0
37341as01.dat,0
u9213p01s01.dat,0
u9470s01.dat,0
78333s01.dat,0
64390s03.dat,0
97784s01.dat,0
98382s02.dat,0
58827s01.dat,0
93249s01.dat,0
973pn1a.dat,0
15496s03.dat,0
32247s03.dat,0
87569s01.dat,0
93668c01s02.dat,0
39742s01.dat,0
973pw1c.dat,0
33009s02.dat,0
47391s01.dat,0
57518s02.dat,0
85489s01.dat,0
3665s01.dat,1
3069bsap.dat,0
u768s01.dat,0
80222s01.dat,1
3383s01.dat,1
3817bp70s01.dat,0
193075s01.dat,0
2552p04s02.dat,0
973psys01.dat,0
86123s01.dat,0
87414s01.dat,0
13359s02.dat,0
11126s03.dat,0
93565s01.dat,0
30370s01.dat,0
87621s02.dat,0
93083s01.dat,0
4266s02.dat,0
4865p01c.dat,0
47325s03.dat,0
67931s03.dat,0
30126s02.dat,0
3626bs01.dat,1
66645bs02.dat,0
71711s04.dat,0
6148328acs07.dat,0
30391s02.dat,0
54702s01.dat,0
6148328acs13.dat,0
31624s01.dat,0
10907s01.dat,0
3626p05s01.dat,0
464s01.dat,1
38547s01.dat,0
6221655ds02.dat,0
3846p44c.dat,0
3070bpc4s01.dat,0
2560s01.dat,1
53550s02.dat,0
41835s02.dat,0
40242s03.dat,0
89513s03.dat,0
3262s02.dat,0
92251s03.dat,0
u66s02.dat,0
564s01.dat,0
3846p4zs02.dat,0
2586p40s01.dat,0
2694p01s01.dat,0
4874s01.dat,0
32039s01.dat,0
3040p58a.dat,0
4429s02.dat,0
44341s02.dat,0
32475s03.dat,0
35394s01.dat,1
6142275zs05.dat,0
4186p01r.dat,0
4150ps5s01.dat,0
t43111s02.dat,0
30554bs01.dat,0
79767s01.dat,0
u9513s01.dat,0
77107s02.dat,0
33195s01.dat,0
2628s02.dat,0
973pbdg.dat,0
15522s01.dat,0
61069s01.dat,0
6436s01.dat,0
4186p01e.dat,0
65142s01.dat,0
3960s04.dat,0
103918s02.dat,0
6148328bss02.dat,0
32282s01.dat,0
169625as01.dat,0
6141875us01.dat,0
6142622is03.dat,0
6216s01.dat,0
973p4ab.dat,0
58171s01.dat,0
6141875rs08.dat,0
4492pw2s01.dat,0
3069p06b.dat,0
u9153s03.dat,0
2513p03s01.dat,0
88930py0s01.dat,0
65384s01.dat,0
15553s01.dat,0
3068bp72s01.dat,0
48170s05.dat,0
4209s02.dat,1
u9106s02.dat,0
51874p01s01.dat,0
56904s02.dat,0
973p31c.dat,0
20596s02.dat,0
u9333s01.dat,0
948s02.dat,0
973p46a.dat,0
3070bp10s01.dat,0
18973s01.dat,1
37720ds01.dat,0
2593s02.dat,0
89917s01.dat,0
2340s01.dat,1
57488s01.dat,0
48156s01.dat,0
41944s02.dat,0
3777s01.dat,0
98138p30s01.dat,0
95676s01.dat,0
973pats01.dat,0
93091s01.dat,0
30075p01s02.dat,0
59231p40a.dat,0
6009254es03.dat,0
4610s01.dat,0
30361ps1s09.dat,0
13710as02.dat,0
88811s03.dat,0
41751s02.dat,0
6142617ws01.dat,0
53983s02.dat,0
15523p01s01.dat,0
4041s01.dat,1
56898s01.dat,0
72092s02.dat,0
6148328ays03.dat,0
6109079bs02.dat,0
973pa8a.dat,0
18787s02.dat,0
162275bs02.dat,0
98138pxcs01.dat,0
90462bs04.dat,0
18605s01.dat,1
973p11a.dat,0
10051s01.dat,0
6009194ds11.dat,0
logolegos02.dat,0
37366s01.dat,0
6148328aws06.dat,0
12888s01.dat,0
973psra.dat,0
92250p04s02.dat,0
43936s04.dat,0
3004px3s01.dat,0
3811p02e.dat,1
6009194ds05.dat,0
10908s07p02.dat,0
14769p01s01.dat,0
69947s01.dat,0
80028-f2s01.dat,0
003238s6.dat,0
1936s03.dat,0
u586s00.dat,0
10183p01s01.dat,0
40359bs01.dat,0
30643s06.dat,0
63351s01.dat,0
35660s01.dat,0
973psus01.dat,0
948as01.dat,0
6148328bgs03.dat,0
79393s01.dat,0
64567s01.dat,1
66858s01.dat,1
2552p06s07.dat,0
33230s01.dat,0
44822s01.dat,0
15361s01.dat,0
u588s05.dat,0
191915sdea.dat,0
15530s01.dat,0
3038s01.dat,1
32532s02.dat,0
43898ps1s01.dat,0
196945s02.dat,0
u9030s01.dat,0
6296256fc01s01.dat,0
93058s01.dat,0
2723p01s01.dat,0
99377s01.dat,0
2552p06s05.dat,0
43892s01.dat,0
4864ap04s01.dat,0
973p8ba.dat,0
51011s01.dat,0
16529s02.dat,0
4088s01.dat,1
87079pxcs01.dat,0
1936s01.dat,0
6015s01.dat,0
003238s4.dat,0
4638848fs02.dat,0
18938s02.dat,0
29117bs01.dat,0
973p4ta.dat,0
6148328bgs01.dat,0
35660s03.dat,0
87748ps5.dat,0
30643s04.dat,0
u586s02.dat,0
87610ps7s02.dat,0
17485p01s01.dat,0
17485s02.dat,0
30161s01.dat,0
54096s01.dat,0
41767s01.dat,0
6148328aws04.dat,0
2807s01.dat,0
6637s04.dat,0
37366s03.dat,0
2586p4bs01.dat,0
973ph0a.dat,0
98138p0ps01.dat,0
2907s01.dat,0
4491s02.dat,0
6009194ds07.dat,0
u9529s02.dat,0
973p66a.dat,0
69912s02.dat,0
32498s02.dat,0
90638s01.dat,0
2612s01.dat,0
30361dps7s04.dat,0
19916s01.dat,0
973py9s02.dat,0
466cs01.dat,0
92832s02.dat,0
18605s03.dat,0
t1012s01.dat,0
6148328vs01.dat,0
60751s01.dat,0
55981s02.dat,0
3846p4ns01.dat,0
6148328ays01.dat,0
11262s02.dat,0
3070bp1ns01.dat,0
3626bp0ks01.dat,0
92851s02.dat,0
36036s02.dat,0
6009254es01.dat,0
61287s02.dat,0
3241s08.dat,0
40942s02.dat,0
2297s01.dat,0
3626bp8is02.dat,0
95347s01.dat,0
6142617ws03.dat,0
t1071s01.dat,0
41811s01.dat,0
88811s01.dat,0
86500s01.dat,0
973ps0a.dat,0
30102s01.dat,1
24246s02.dat,0
92220s01.dat,0
88704s01.dat,0
52985s02.dat,0
u9399s01.dat,0
48156s03.dat,0
19204s02.dat,0
821472fs01.dat,0
973p31a.dat,0
56904s00.dat,0
90626s01.dat,0
u9106s00.dat,0
973pc44a.dat,0
973pwbs1.dat,0
608s01.dat,1
973pska.dat,0
3351bs01.dat,0
58171s03.dat,0
30062s4.dat,0
6142622is01.dat,0
35563s01.dat,0
48170s07.dat,1
35185s01.dat,0
35756s02.dat,0
u9108s05.dat,0
973p9vs01.dat,0
15553s03.dat,0
13785s01.dat,0
6023s00.dat,1
u9153s01.dat,0
3039a101.dat,0
3626bp42s02.dat,0
6009254gs04.dat,0
98386p01s01.dat,0
15522s03.dat,0
973pbde.dat,0
18588s02.dat,0
72210as01.dat,0
24599s01.dat,0
67759s01.dat,0
973pbea.dat,0
technic1b.dat,0
2868s01.dat,0
921a.dat,0
6227186es01.dat,0
90462s02.dat,0
32193s01.dat,0
41751p01s01.dat,0
6142275zs07.dat,0
65473s01.dat,0
32475s01.dat,0
30370ps1a.dat,0
32324s01.dat,0
94318s02.dat,0
59233s02.dat,0
6228bs01.dat,0
43373s01.dat,0
35189s01.dat,0
13789s01.dat,0
25264s01.dat,0
62469s01.dat,0
3846p44a.dat,0
30073s01.dat,0
38547s03.dat,0
67075s01.dat,0
87610s08.dat,0
2654p02s01.dat,0
u9328ac01s01.dat,0
54562s01.dat,0
55704s01.dat,0
88293s01.dat,0
4350s01.dat,0
30173s01.dat,0
92251s01.dat,0
2815s01.dat,0
89513s01.dat,1
40242s01.dat,0
6148328acs05.dat,0
604s01.dat,0
67931s01.dat,0
47325s01.dat,0
6221655js05.dat,0
14s01.dat,0
3039p13s01.dat,0
35032bs01.dat,0
u9151s04.dat,0
6148328acs11.dat,0
92747p01s01.dat,0
30837s01.dat,0
18857s02.dat,0
3487s02.dat,0
11126s01.dat,0
30614s00.dat,1
3297p04a.dat,0
3846pm0s01.dat,0
90649s01.dat,0
93083s03.dat,0
41881s02.dat,0
2528ap33s01.dat,0
30370s03.dat,0
2207s02.dat,0
11291s01.dat,0
93565s03.dat,0
47391s03.dat,0
60935s01.dat,0
973pw1a.dat,0
6177949es08.dat,0
18675p01s01.dat,0
39742s03.dat,0
39802s02.dat,0
37366pdecs01.dat,0
45408s02.dat,0
18605p05s02.dat,0
3383s03.dat,0
16497p01s01.dat,0
80222s03.dat,0
u768s03.dat,0
3068bpf0s02.dat,0
6148328bes04.dat,0
972s01.dat,0
4346p03b.dat,0
95328s01.dat,0
58381s02.dat,0
33121s01.dat,0
3068bpz0s01.dat,0
27150s01.dat,0
64390s01.dat,0
85947s04p01.dat,0
98138p88s01.dat,0
6251s02.dat,0
3009p17a.dat,0
90634s01.dat,0
30259as01.dat,0
95228s01.dat,1
87569s03.dat,0
65421p01s02.dat,0
64776s01.dat,0
u768c01s02.dat,0
15496s01.dat,0
29630s02.dat,0
93249s03.dat,0
u9495c01s02.dat,0
20380s01.dat,0
u9141s01.dat,0
u9610s01.dat,0
4492m.dat,0
99206s01.dat,1
35015s02.dat,1
3068p11a.dat,0
26056s03.dat,0
30367ps1s18.dat,0
3230bs02.dat,0
6177969ys02.dat,0
2586p4ns01.dat,0
45575s02.dat,0
87058s01.dat,0
30367ps1s19.dat,0
26056s02.dat,0
6131s01.dat,0
973p55s01.dat,0
3039pces02.dat,0
3443bs01.dat,0
57565s01.dat,0
33492s01.dat,1
30477p01s01.dat,0
6177969ys03.dat,0
3010b20.dat,0
35015s03.dat,0
70181s02.dat,0
87569s02.dat,0
6143876as01.dat,0
3960pb4s01.dat,0
u9495c01s03.dat,0
93249s02.dat,0
29630s03.dat,0
u768c01s03.dat,0
98382s01.dat,0
30138s01.dat,0
58381s03.dat,0
6251s03.dat,0
3626cps0s01.dat,0
78333s02.dat,0
98135s01.dat,0
u768s02.dat,0
41856s01.dat,0
80222s02.dat,0
3383s02.dat,0
57518s01.dat,0
3068bpf0s03.dat,0
85489s02.dat,0
39742s02.dat,0
33009s01.dat,0
3009pths01.dat,0
47391s02.dat,0
3626bp4ls01.dat,0
53533s01.dat,0
93668c01s01.dat,0
u9638s01.dat,1
4266s01.dat,0
6808s01.dat,0
93083s02.dat,1
40374s01.dat,1
98138p2ts01.dat,0
93565s02.dat,0
4780s01.dat,0
73763s01.dat,0
2207s03.dat,0
30370s02.dat,0
87621s01.dat,1
2552p04s01.dat,1
30614s01.dat,0
13359s01.dat,0
3817bp70s02.dat,0
19727s01.dat,0
u9151s05.dat,0
25560s01.dat,0
3010pzes01.dat,0
56908s01.dat,0
6221655js04.dat,0
973pf3s01.dat,0
6148328acs10.dat,0
66645bs01.dat,0
6148328acs04.dat,0
30391s01.dat,0
71375s04.dat,0
3626bs02.dat,1
30126s01.dat,0
6148328bs01.dat,0
3040p58b.dat,0
53450s01.dat,0
41835s01.dat,0
3262s01.dat,1
3626p87s01.dat,0
u66s01.dat,0
564s02.dat,0
3846p4zs01.dat,0
53550s01.dat,0
3684s01.dat,0
22407s01.dat,1
87610s09.dat,0
6245p01s01.dat,0
38547s02.dat,0
60616s01.dat,0
6221655ds01.dat,0
79767s02.dat,0
u9491s01.dat,0
3437pe2s01.dat,0
77107s01.dat,0
u9513s02.dat,0
u9626s01.dat,0
6142275zs06.dat,0
t1094k01s01.dat,0
2431p07s01.dat,0
t43111s01.dat,0
31512p02s01.dat,0
4429s01.dat,0
44341s01.dat,0
103918s01.dat,0
6148328bss01.dat,0
1871s01.dat,0
973pbdd.dat,0
15522s02.dat,0
65142s02.dat,0
3626bp42s03.dat,0
2628s01.dat,0
777s05.dat,0
logoferraris05.dat,0
15553s02.dat,0
u9108s04.dat,0
35756s03.dat,0
48170s06.dat,0
32551s01.dat,0
u9153s00.dat,0
608p03a.dat,1
64060s01.dat,1
3626bpsds01.dat,0
36083es01.dat,0
3004p08s01.dat,0
6148328ns01.dat,0
973p4aa.dat,0
58171s02.dat,0
3069p06a.dat,0
4492pw2s02.dat,0
169625as02.dat,0
6141875us02.dat,0
6148328aos04.dat,0
948s01.dat,0
58124s03.dat,0
98127s01.dat,0
20596s01.dat,0
u9006s01.dat,0
56904s01.dat,0
4209s01.dat,0
u9106s01.dat,0
51874p01s02.dat,0
6251p01s01.dat,0
2493s01.dat,0
94725s01.dat,0
19204s03.dat,0
48156s02.dat,0
41944s01.dat,0
2593s01.dat,0
57488s02.dat,0
4041s02.dat,0
88000s01.dat,0
41751s01.dat,1
6142617ws02.dat,0
53983s01.dat,0
30157s01.dat,1
36036s03.dat,0
4792s01.dat,0
93084p02s01.dat,0
13710as01.dat,0
93091s02.dat,0
30075p01s01.dat,0
18787s01.dat,0
162275bs01.dat,0
18605s02.dat,0
11262s03.dat,0
956s01.dat,1
6109079bs01.dat,0
98139s01.dat,0
72092s01.dat,0
90638s00.dat,0
18675ps2s01.dat,0
973pxis01.dat,0
21459s01.dat,0
6009194ds06.dat,0
69947s02.dat,0
6221654as08.dat,0
6311459as08.dat,0
u9529s03.dat,0
24629p03s05.dat,0
6148328aws05.dat,0
973psrb.dat,0
37702s01.dat,0
92250p04s01.dat,0
973p11b.dat,0
6009194ds12.dat,0
37366s02.dat,0
6637s05.dat,0
logolegos01.dat,0
76795s01.dat,0
973psus02.dat,0
79393s02.dat,0
u586s03.dat,0
30643s05.dat,0
87748ps4.dat,0
35660s02.dat,0
98138p2xs01.dat,0
15210pc0s01.dat,0
55237ls01.dat,0
80028-f2s02.dat,0
4638848fs03.dat,0
003238s5.dat,0
32532s01.dat,0
196945s01.dat,0
42603s01.dat,1
65783s01.dat,0
191915sdeb.dat,0
64567s02.dat,0
66858s02.dat,0
2552p06s04.dat,0
3395s01.dat,1
18977s01.dat,0
23421s01.dat,0
196945sat.dat,0
511s01.dat,0
92244p12s02.dat,0
11250s01.dat,0
64808s03.dat,0
47205s02.dat,0
3004p90a.dat,0
49465s01.dat,0
2515s01.dat,0
6221655ags01.dat,0
44938s01.dat,0
864s03.dat,0
37383s02.dat,0
22472s02.dat,0
15524s04.dat,0
logosantanders04.dat,0
6009254as03.dat,0
u9499s02.dat,0
92715s01.dat,0
4145s01.dat,0
30366s01.dat,1
cog2.dat,0
3817bpw1s01.dat,0
6142617ss01.dat,0
t1075s03.dat,0
821421cs01.dat,0
4714s01.dat,0
31000s01.dat,0
3960pses01.dat,0
6148328aes02.dat,0
6141875qs01.dat,0
6142622ms03.dat,0
1744s03.dat,0
196945snl.dat,0
3846p4rs02.dat,0
919s03.dat,0
19859s02.dat,0
15284s02.dat,0
2468s01.dat,1
65202s02.dat,0
2431pzbs02.dat,0
47116s05.dat,0
2494p02s01.dat,0
15557s01.dat,0
90391s02.dat,0
27191s01.dat,0
33037s03.dat,0
62701s01.dat,0
92252p01s01.dat,0
u9180s01.dat,1
20592s02.dat,0
50747ps0s01.dat,0
90508p01a.dat,0
12787s01.dat,0
4788s02.dat,0
30378s01.dat,0
6148328bcs17.dat,0
973pt0a.dat,0
24309s01.dat,0
4209as02.dat,1
100942s02.dat,0
30529s01.dat,0
99013s01.dat,0
6148328bcs03.dat,0
973psqs01.dat,0
97122s02.dat,0
6142617es05.dat,0
44375bps1s01.dat,0
2552p02s07.dat,0
25061s04.dat,0
6148328bms06.dat,0
3037ps0a.dat,0
973ps7s02.dat,0
3739b.dat,0
90370s01.dat,0
47299s01.dat,0
letaa.dat,0
18969s01.dat,0
18394s04.dat,0
logoferraris01a.dat,0
11241p01s01.dat,0
60219s01.dat,1
15265s01.dat,0
u9499c01s04.dat,0
15534s01.dat,0
59521s01.dat,0
20953s02.dat,0
10128s01.dat,0
42607s02.dat,0
30287s02.dat,0
30367ps0s02.dat,0
18675ps6s02.dat,0
20551c01s01.dat,0
92290s01.dat,0
87561s01.dat,0
3040p02s02.dat,0
6142622us02.dat,0
u9329s01.dat,0
3070bath.dat,0
101777s04.dat,0
973psm1.dat,0
30387s02.dat,1
18601s01.dat,0
75937s01.dat,0
11233s01.dat,0
u9102p04s01.dat,0
65029s01.dat,0
2536bs01.dat,0
10055s01.dat,0
30483s03.dat,0
logolambt01.dat,0
14769py0s02.dat,0
92241p09s01.dat,0
4548064s01.dat,0
973p41a.dat,0
32298s01.dat,0
3960p04s02.dat,0
572s01.dat,0
3041s01.dat,0
3710s01.dat,1
15524p01s01.dat,0
46335s01.dat,0
3678bp30s01.dat,0
65129s01.dat,0
11244p04s02.dat,0
11439s05.dat,0
u9562-f2s01.dat,0
89801s01.dat,0
2507s01.dat,0
3678bp41s01.dat,0
89646p01s04.dat,0
47122s01.dat,0
6177949fs03.dat,0
2431pt2b.dat,0
80326s01.dat,0
6148328bas12.dat,0
15429p02s01.dat,0
2585s02.dat,0
6148328bas06.dat,0
92912s01.dat,0
3130s01.dat,0
49577s01.dat,0
80577s01.dat,0
37777s02.dat,0
t1032s02.dat,0
503s01.dat,0
191915snla.dat,0
92947s00.dat,0
54383s01.dat,0
24130s02.dat,0
98279s01.dat,0
55707ds1.dat,0
6148328bos03.dat,0
93230s01.dat,0
3245cpz0s01.dat,0
35039s01.dat,0
3069pa2a.dat,0
6177949hs06.dat,0
logo-ecoboost-powered-by.dat,0
s13as01.dat,0
49588s02.dat,0
26603s01.dat,0
11435s05.dat,0
29030s01.dat,0
32023s01.dat,0
42443s01.dat,0
3003pe1s02.dat,0
15314s01.dat,0
32294s01.dat,0
37341es01.dat,0
97895s01.dat,0
1994s01.dat,0
62791s02.dat,0
45275s01.dat,0
6148328aqs03.dat,0
10057s04.dat,0
98386s02.dat,0
56890s01.dat,0
2586p4fa.dat,0
u1851s02.dat,0
925p0rs02.dat,0
26078p02s01.dat,0
u9417s01.dat,0
u590s00.dat,0
49949s02.dat,0
64711s03.dat,0
30180p1s.dat,0
u9622s02.dat,0
35443s02.dat,0
98367s01.dat,1
30208-1.dat,0
u9495s02.dat,0
6595b.dat,0
u9517s01.dat,0
57029bs01.dat,0
39369s03.dat,0
93220s04.dat,0
4066bp10s04.dat,0
27062s02.dat,0
3010py9s01.dat,0
43746s01.dat,1
6221655aks01.dat,0
65146s01.dat,0
29602s01.dat,0
65617s01.dat,0
44292s00.dat,0
4716s04.dat,0
65422s02.dat,0
6156s02.dat,0
3399s01.dat,0
98107s03.dat,0
973p0js01.dat,0
6153as01.dat,1
3939ps1a.dat,0
973p4ys01.dat,0
80674s03.dat,0
98138p8bs01.dat,0
faxle5.dat,0
80834s02.dat,0
3817s01.dat,0
u9496c02s01.dat,0
6221655ns07.dat,0
2447bs02.dat,0
973pn6a.dat,0
41671s03.dat,0
2525p00s01.dat,0
87613s03.dat,0
3960px3s01.dat,0
80514s01.dat,0
6142622as03.dat,0
11096s01.dat,0
46227s01.dat,0
95052s01.dat,0
2335s01.dat,0
93248pq0a.dat,0
2464s01.dat,0
numb1b.dat,0
6142622as02.dat,0
87691s01.dat,0
41671s02.dat,0
18746s01.dat,0
92586s01.dat,1
87613s02.dat,0
30350cp01s01.dat,0
61801s01.dat,0
18853s01.dat,0
3961s20a.dat,0
46372s01.dat,0
700s02.dat,0
6221655ns06.dat,0
6115204ds02.dat,0
80834s03.dat,0
2686s01.dat,0
24246pt0s02.dat,0
3010p24s02.dat,0
faxle4.dat,0
2431s01.dat,0
80674s02.dat,0
53401s02.dat,0
2360s01.dat,1
22385s01.dat,0
11568p01s01.dat,0
3308as02.dat,0
6142275ps01.dat,0
44292s01.dat,0
98107s02.dat,0
16000s06.dat,0
98085s01.dat,0
973pses01.dat,0
25128s01.dat,1
u9213s01.dat,0
44674s01.dat,0
3069ps6a.dat,0
3626bp46s01.dat,0
6181s01.dat,0
53118s01.dat,0
32220s02.dat,0
u9622s03.dat,0
64711s02.dat,0
448s01.dat,0
39369s02.dat,0
64424s01.dat,0
6595c.dat,0
u9495s03.dat,0
6567s01.dat,0
11209s01.dat,0
u590s01.dat,0
4858s01.dat,1
32627s01.dat,1
4162510as02.dat,0
973py1s01.dat,0
3846p43b.dat,0
98138pnas01.dat,0
6009194bs01.dat,0
55889s01.dat,0
48168s01.dat,0
30367as01.dat,1
15341s01.dat,0
43121s01.dat,0
3649s01.dat,0
58132s01.dat,0
6148328aqs02.dat,0
6255s01.dat,0
32076s01.dat,0
2698s01.dat,0
65414s02.dat,0
26007s01.dat,0
57783s02.dat,0
889s01.dat,0
65834s01.dat,0
4142921as01.dat,0
822as01.dat,0
u8016s01.dat,0
34277s01.dat,0
19789s01.dat,0
11435s04.dat,0
64867s02.dat,0
49588s03.dat,0
59229s01.dat,0
2552s01.dat,0
61189ps2s01.dat,0
285s02.dat,0
3960ps7s02.dat,0
11217s01.dat,0
556s01.dat,0
95351s02.dat,0
6148328bos02.dat,0
50956p03s01.dat,0
80273s01.dat,0
4215ap4a.dat,0
3250s02.dat,0
32003a.dat,0
26074s04.dat,0
6148328bas07.dat,0
30645s02.dat,0
37777s03.dat,0
973p3ls01.dat,0
25767s01.dat,0
2431pt2c.dat,0
6177949fs02.dat,0
3626b37b.dat,1
581s03.dat,0
6148328bas13.dat,0
3816p6fa.dat,0
11435p02s04.dat,0
19212s01.dat,1
30401s01.dat,0
24196s01.dat,0
30350s01.dat,0
985s01.dat,0
53933s01.dat,1
11439s04.dat,0
2881s01.dat,0
11244p04s03.dat,0
30483s02.dat,0
88285s02.dat,0
30250s01.dat,1
3960p04s03.dat,0
3626p8as01.dat,0
973p4ms01.dat,0
821409bs01.dat,0
2372s01.dat,0
101777s05.dat,0
6259s01.dat,0
3070bati.dat,0
195405s01.dat,0
13808s01.dat,0
6142622us03.dat,0
2694s01.dat,1
4209ap02s01.dat,0
11437s01.dat,0
6221655ts02.dat,0
30367ps0s03.dat,0
92251p06s01.dat,0
973p3aa.dat,0
21849ps1s01.dat,0
u9201s01.dat,0
44666s01.dat,0
973sp1f3.dat,0
28981s01.dat,0
42607s03.dat,0
44553s02.dat,0
18729s01.dat,0
78442s01.dat,0
6142617ks01.dat,0
190435cs01.dat,0
6148328bms07.dat,0
25061s05.dat,0
2552p02s06.dat,0
26078s04.dat,0
85976s01.dat,1
18394s05.dat,0
t43267s01.dat,0
26832s01.dat,0
15461s01.dat,0
57895p04s01.dat,0
100942s03.dat,0
6575s01.dat,0
41989s01.dat,0
18675pb1s02.dat,0
6142617es04.dat,0
64781s01.dat,0
6148328bcs02.dat,0
71721s01.dat,0
3960pv4a.dat,0
6148328bcs16.dat,0
6475s01.dat,0
11299s02.dat,0
29096s02.dat,0
90641s02.dat,0
41889s01.dat,0
539s01.dat,0
42060s02.dat,0
50861s01.dat,0
6247s01.dat,0
32064s01.dat,1
44810s01.dat,0
38301c01s01.dat,0
973p94s01.dat,0
33037s02.dat,0
65633s01.dat,1
3817bp8is01.dat,0
3068bp23s01.dat,0
13786p01s01.dat,0
4586574as01.dat,0
47116s04.dat,0
71682pt1s02.dat,0
973p6fa.dat,0
99392s01.dat,0
50018gs01.dat,0
6936s02.dat,0
4150p02s01.dat,0
57906s01.dat,0
25059s01.dat,0
1744s02.dat,0
6142622ms02.dat,0
35103s01.dat,0
919s02.dat,0
24088s01.dat,0
973p1ps01.dat,0
t1075s02.dat,0
2775s02.dat,0
11055p30s01.dat,0
2440s01.dat,0
letxb.dat,0
32019s01.dat,0
3626bp8ms01.dat,0
4215as19.dat,0
6009254as02.dat,0
32523p02s02.dat,0
60636s02.dat,0
logosantanders05.dat,0
41897s01.dat,0
46303s01.dat,0
11305s01.dat,0
160205ds01.dat,0
u9499s03.dat,0
14719s01.dat,0
53912p30s01.dat,0
96714c01s01.dat,0
64808s02.dat,0
5427s01.dat,0
864s02.dat,0
190165as01.dat,0
41535s01.dat,0
973p82a.dat,0
u592s04.dat,0
3842bs02.dat,0
973sdfa.dat,0
3933s01.dat,0
95832s01.dat,0
30562s01.dat,1
24866s01.dat,0
6221655ags02.dat,0
2515s02.dat,0
196945sch.dat,0
6251p05s01.dat,0
26559s01.dat,0
44938s02.dat,0
22472s01.dat,0
36756p01s04.dat,0
37383s01.dat,0
6296256fs01.dat,0
67811s01.dat,0
47205s01.dat,0
3004p90b.dat,0
94721s01.dat,0
13710ks04.dat,0
6009312ds08.dat,0
61254s01.dat,0
10303s01.dat,0
98150s04.dat,0
23421s02.dat,0
821421cs02.dat,0
23801s01.dat,0
3817bpw1s02.dat,0
6142617ss02.dat,0
u9499s01.dat,0
30366s02.dat,0
logosantanders07.dat,0
15557s02.dat,0
90391s01.dat,0
30350cs01.dat,0
65202s01.dat,0
2431pzbs01.dat,0
13786p01s03.dat,0
2494p02s02.dat,0
19859s01.dat,0
15284s01.dat,0
6148328aes01.dat,0
3846p4rs01.dat,0
3899s01.dat,0
16599s01.dat,0
2431p72s01.dat,0
30399s01.dat,0
u9180s02.dat,0
20592s01.dat,0
12787s02.dat,0
191945s01.dat,0
92252p01s02.dat,0
u9105s08.dat,0
u9102s01.dat,0
43898s05.dat,0
99013s02.dat,0
973psqs02.dat,0
97122s01.dat,0
6142617es06.dat,0
21271s01.dat,1
100942s01.dat,0
98140s01.dat,0
25931-12.dat,0
90641s00.dat,0
u9487s01.dat,0
4788s01.dat,0
55237hs01.dat,0
30378s02.dat,0
6148328bcs14.dat,0
4162p1rs01.dat,0
42607s01.dat,0
3626bp4ds01.dat,0
15265s02.dat,0
11241p01s02.dat,0
59521s02.dat,0
20953s01.dat,1
973sp1f1.dat,0
14181s01.dat,0
2489s01.dat,0
10128s02.dat,0
44676bs01.dat,0
47299s02.dat,0
letab.dat,0
70490s01.dat,0
logoferraris01b.dat,0
85976s03.dat,0
2552p02s04.dat,0
6148328bms05.dat,0
973ps7s01.dat,0
3739a.dat,0
90370s02.dat,0
6142617ks03.dat,0
30380s08.dat,0
88067s01.dat,0
89201s01.dat,0
6142622us01.dat,0
3070batk.dat,0
87754s01.dat,0
u9494c01s04.dat,0
30387s01.dat,1
20551c01s02.dat,0
3040p02s01.dat,0
92251p06s03.dat,0
14769p0ss01.dat,0
30287s01.dat,0
18675ps6s01.dat,0
30367ps0s01.dat,0
75902p0bs01.dat,0
11244p04s01.dat,0
2881s03.dat,0
98393gs01.dat,0
2335p33s01.dat,0
24196s03.dat,0
46335s02.dat,0
747s01.dat,0
65129s02.dat,0
22411s01.dat,0
92241p09s02.dat,0
41823s01.dat,0
18896s01.dat,0
3960p04s01.dat,0
11233s02.dat,0
u9102p04s02.dat,0
647s01.dat,0
10055s02.dat,0
3754p01a.dat,0
logolambt02.dat,0
75544p01s03.dat,0
973p37d.dat,0
14769py0s01.dat,0
481s01.dat,0
80577s02.dat,0
37777s01.dat,0
t1032s01.dat,0
191915snlb.dat,0
6148s01.dat,0
2585s01.dat,0
6148328bas05.dat,0
636s01.dat,0
28614s05.dat,0
6148328bas11.dat,0
581s01.dat,1
2335p42s01.dat,0
47122s02.dat,0
30250p01s01.dat,0
2431pt2a.dat,0
75904p02s01.dat,0
46835s01.dat,0
11833s01.dat,0
6177949hs05.dat,0
973pd14s01.dat,0
55237ds01.dat,0
93230s02.dat,0
2997a.dat,0
55976s00.dat,0
24130s01.dat,0
3960p08s01.dat,0
32316s01.dat,0
1994s02.dat,0
4142921as03.dat,0
29030s02.dat,1
65834s03.dat,0
3003pe1s01.dat,0
32216s01.dat,0
30367ps2s04.dat,0
49588s01.dat,0
48208s01.dat,0
15396s01.dat,0
822as03.dat,0
u9142s09.dat,0
3960pb0s01.dat,0
13571s01.dat,0
98286s01.dat,1
925p0rs01.dat,0
u9641s01.dat,0
41748ps1a.dat,0
6009194bs03.dat,0
62691s01.dat,0
u1851s01.dat,0
98386s01.dat,0
62791s01.dat,0
45275s02.dat,0
u9495s01.dat,0
53790s04.dat,0
6595a.dat,0
64424s03.dat,0
24299s01.dat,0
448s03.dat,0
u9622s01.dat,1
6181s03.dat,0
35443s01.dat,0
u590s03.dat,0
3308ap01s01.dat,0
49949s01.dat,0
66965p01s02.dat,0
35543s01.dat,0
4740p07s01.dat,0
16000s04.dat,0
95341s05.dat,0
44292s03.dat,0
6142275ps03.dat,0
65422s01.dat,0
6156s01.dat,1
3399s02.dat,0
27062s01.dat,0
43746s02.dat,0
4216816s.dat,0
2937s04.dat,0
3626cp8gs01.dat,0
65273s01.dat,0
13710gs04.dat,0
25128s03.dat,0
80834s01.dat,0
u9496c02s02.dat,0
6221655ns04.dat,0
3010pzas01.dat,0
3961s20c.dat,0
3660bs01.dat,1
30395s01.dat,0
98138p8bs02.dat,0
18791s01.dat,0
93066s01.dat,0
77598s01.dat,0
80686p03s02.dat,0
6148328fs01.dat,0
54087s09.dat,0
191915sde.dat,0
32004bs01.dat,0
3680s01.dat,0
11014s01.dat,0
2447bs01.dat,0
32208s01.dat,0
37614s01.dat,0
3437s01.dat,0
87613s01.dat,0
68013s01.dat,0
41671s01.dat,0
32as01.dat,0
80686p03s03.dat,0
numb1a.dat,0
6142622as01.dat,0
1748s01.dat,0
10190s01.dat,0
98138p8bs03.dat,0
53401s01.dat,1
80674s01.dat,0
60747s01.dat,0
24246pt0s01.dat,0
3010p24s01.dat,0
18979as01.dat,0
2704s01.dat,0
10s01.dat,0
6221655ns05.dat,0
6115204ds01.dat,0
u9496c02s03.dat,0
10090s01.dat,0
3961s20b.dat,0
3069ps6b.dat,0
43746s03.dat,0
3815pbda.dat,0
25128s02.dat,0
39367s04.dat,0
4229s01.dat,0
98107s01.dat,0
95341s04.dat,0
16000s05.dat,0
3399s03.dat,0
4478s01.dat,1
3308as01.dat,1
6142275ps02.dat,0
44292s02.dat,0
66965p01s03.dat,0
32197s01.dat,0
85544s01.dat,0
u590s02.dat,0
6567s02.dat,1
100662p01s02.dat,0
6347356ls01.dat,0
39369s01.dat,0
64424s02.dat,0
6181s02.dat,0
53118s02.dat,0
32220s01.dat,0
64711s01.dat,0
448s02.dat,1
33125s01.dat,0
65414s01.dat,0
57783s01.dat,1
3649s02.dat,0
6148328aqs01.dat,0
45275s03.dat,0
15625s01.dat,1
33025s01.dat,0
4162510as01.dat,0
973py1s02.dat,0
3846p43a.dat,0
6009194bs02.dat,0
42936s01.dat,0
64867s01.dat,1
u9142s08.dat,0
822as02.dat,0
4142921as02.dat,0
1994s03.dat,0
3626pm0.dat,0
30169s01.dat,0
24118s01.dat,0
65834s02.dat,0
95351s01.dat,0
556s02.dat,0
6148328bos01.dat,0
50956p03s02.dat,0
3250s01.dat,0
3960ps7s01.dat,0
3350s01.dat,0
285s01.dat,0
6177949hs04.dat,0
3068bs01.dat,0
3626cpb3s01.dat,0
2525ps1a.dat,0
32089s01.dat,0
11295s01.dat,1
60931s01.dat,0
3626b37a.dat,0
6148328bas10.dat,0
6177949fs01.dat,0
3755bs01.dat,1
4080s01.dat,0
30645s01.dat,0
40574s01.dat,0
28614s04.dat,0
25452s01.dat,0
6148328bas04.dat,0
67644s08.dat,0
4346s01.dat,0
54092s01.dat,0
92241p09s03.dat,0
95342p01s01.dat,0
30483s01.dat,0
647s00.dat,0
88285s01.dat,0
2903s01.dat,0
53933s02.dat,0
41663s01.dat,0
2881s02.dat,0
973p36a.dat,0
973p4el.dat,0
63864p01s01.dat,0
20904ps1s01.dat,0
24196s02.dat,0
46335s03.dat,0
985s02.dat,0
51739s01.dat,0
94717s01.dat,0
30117p6ua.dat,0
6221655ts01.dat,0
3626bph3s01.dat,0
u9147s04.dat,0
92251p06s02.dat,0
65418s01.dat,0
3570s01.dat,0
6259s02.dat,1
13808s02.dat,0
3070batj.dat,0
612s01.dat,1
85976s02.dat,0
30118s01.dat,1
26832s02.dat,0
6142617ks02.dat,0
2723p05s01.dat,0
51644s01.dat,0
6148328bms04.dat,0
2552p02s05.dat,0
24067p05s01.dat,0
30018s01.dat,0
44553s01.dat,0
4066bp1bs04.dat,0
10128s03.dat,0
43747p01s01.dat,0
11241p01s03.dat,0
90641s01.dat,0
24067s04.dat,0
6148328bcs15.dat,0
30378s03.dat,0
11299s01.dat,0
29096s01.dat,1
32085s01.dat,0
973ps7a.dat,0
18675pb1s01.dat,0
6142617es07.dat,0
973psqs03.dat,0
64781s02.dat,0
71721s02.dat,0
6148328bcs01.dat,0
63871s01.dat,0
u9105s09.dat,0
3817bp8is02.dat,0
43457s01.dat,0
38301c01s02.dat,0
973p61a.dat,0
973p94s02.dat,0
33037s01.dat,0
98100ps1s01.dat,0
15580s01.dat,0
12787s03.dat,0
42060s01.dat,0
3010p28s01.dat,0
43898px1s01.dat,0
35103s02.dat,0
919s01.dat,0
6936s01.dat,0
1744s01.dat,1
25059s02.dat,0
6142622ms01.dat,0
99392s02.dat,0
2494p02s03.dat,0
13786p01s02.dat,0
4586574as02.dat,0
71682pt1s01.dat,0
98590s01.dat,0
60481s01.dat,1
2335p05s01.dat,0
6009254as01.dat,0
32523p02s01.dat,0
60636s01.dat,1
letxa.dat,0
60581s01.dat,1
821421cs03.dat,0
t1075s01.dat,0
6142617ss03.dat,0
46667s01.dat,0
logobugat01.dat,0
3817bpw1s03.dat,0
2775s01.dat,0
973sdfb.dat,0
6009312ds09.dat,0
973p4sa.dat,0
67100s01.dat,0
4325s01.dat,0
4474s01.dat,0
37383s00.dat,1
5427s02.dat,0
864s01.dat,0
6221655ags03.dat,0
96714c01s02.dat,0
64808s01.dat,0
15424s02.dat,0
6142617ss07.dat,0
logochevt04.dat,0
6009254as11.dat,0
43220s01.dat,1
15524s02.dat,0
logosantanders02.dat,0
6296256hs01.dat,0
6009254as05.dat,0
u9499s04.dat,0
32526s01.dat,0
6054s01.dat,1
67095px0s00.dat,0
2837bs01.dat,0
13710ks01.dat,0
864s05.dat,0
003497bs02.dat,0
4478p03b.dat,0
u592s03.dat,0
29685p01s02.dat,0
4698s01.dat,0
98150s01.dat,0
1762s01.dat,0
191936s01.dat,0
79387s02.dat,0
4740p05s01.dat,0
80686p01s02.dat,0
3940s03.dat,0
22483s02.dat,0
11094s02.dat,0
3535s01.dat,0
t1053s01.dat,0
6129s01.dat,0
52730s01.dat,0
757s01.dat,0
3626bpsns01.dat,0
38541s02.dat,0
191915schb.dat,0
47116s03.dat,0
16497s01.dat,0
54360s01.dat,0
24782s02.dat,0
6142622ms05.dat,0
3897s01.dat,0
2335ps1b.dat,0
93064s01.dat,0
30120s01.dat,0
4201639s01a.dat,0
u9499c01s02.dat,0
55237fs01.dat,0
u9489s01.dat,0
42607s04.dat,0
41014s01.dat,0
26078s03.dat,0
25061s02.dat,0
2552p02s01.dat,0
89523s01.dat,0
44359s01.dat,0
6142617ks06.dat,0
6258203ms01.dat,0
86210s01.dat,0
24132s01.dat,0
18394s02.dat,0
42060pq0a.dat,0
2552p05s08.dat,0
100942s04.dat,0
483s01.dat,0
3385s02.dat,0
6148328bcs05.dat,0
2587s01.dat,0
973psqs07.dat,0
6142617es03.dat,0
32269s01.dat,0
4066bp0ts01.dat,0
54872s02.dat,0
6148328bcs11.dat,0
80324s02.dat,0
42609s01.dat,0
2335p40s01.dat,0
3070bs1a.dat,0
973p9ds01.dat,0
3960pb2s01.dat,0
44224s01.dat,0
3070baty.dat,0
712as01.dat,0
11244p04s04.dat,0
92249p02s02.dat,0
11439s03.dat,0
u1853s01.dat,0
973p37a.dat,0
67138s01.dat,1
973p4dl.dat,0
98384s01.dat,1
32074s03.dat,0
13746s02.dat,0
13195s01.dat,0
3960p04s04.dat,0
42025s01.dat,0
3070batn.dat,0
6142622us04.dat,0
u9494c01s01.dat,0
20455s03.dat,0
101777s02.dat,0
32021s02.dat,0
649s01.dat,0
3003pe3s01.dat,0
u9147s00.dat,0
30367ps0s04.dat,0
32214s01.dat,0
59s01.dat,0
4066bp0xs01.dat,0
2509s02.dat,0
6142275aas01.dat,0
973ps5s01.dat,0
26074s03.dat,0
3009pt7a.dat,0
37777s04.dat,0
98613s01.dat,0
89646p01s02.dat,0
3039s101.dat,0
6177949fs05.dat,0
u9485s01.dat,0
55237js01.dat,0
6148328bas14.dat,0
20904s00.dat,0
004315s01.dat,0
32218s01.dat,0
190765as01.dat,0
4492e1.dat,0
98393es01.dat,0
2641s01.dat,1
14418s01.dat,1
2335p31s01.dat,0
24629p05s05.dat,0
92250p02s01.dat,0
46891s03.dat,0
192915s01.dat,0
6148328aqs05.dat,0
71689s01.dat,0
64178s01.dat,0
10057s02.dat,0
2474s02.dat,0
6578c01s03.dat,0
48457s01.dat,0
973pwcs1.dat,0
53075s03.dat,0
30663s01.dat,0
98388s01.dat,0
6142622ps08.dat,0
23860s01.dat,0
30562ps1s01.dat,0
2546p02s01.dat,0
50408s01.dat,0
6148328ws09.dat,0
609p01s1.dat,0
17454s01.dat,0
14769p0qs01.dat,0
92251p04s03.dat,0
3817bs02.dat,0
3067p02s02.dat,0
30367ps2s01.dat,0
18675ps4s01.dat,0
49588s04.dat,0
11435s03.dat,0
3816cphbs01.dat,0
933s01.dat,0
4716s02.dat,0
6142275ps06.dat,0
16000s01.dat,0
95341s00.dat,1
30151s01.dat,0
3626ph1a.dat,0
93220s02.dat,0
13710gs01.dat,0
4066bp10s02.dat,0
93084p04s01.dat,0
30102p1a.dat,0
3351p06a.dat,0
2937s01.dat,1
6251p07s01.dat,0
43748s02.dat,0
3068bp09s02.dat,0
973pars02.dat,0
2495s01.dat,0
6296256ds01.dat,0
3626bp48s03.dat,0
973p7ma.dat,0
6595d.dat,0
53790s01.dat,0
u9495s04.dat,0
2440p68a.dat,0
2622s01.dat,1
80336s02.dat,0
25126s03.dat,0
58088s01.dat,0
30231s03.dat,0
973pw7a.dat,0
3068bpfds01.dat,0
2528as01.dat,0
67950p01s01.dat,0
15428s02.dat,0
3544s01.dat,0
u590s06.dat,0
6158s01.dat,0
30219s02.dat,0
35787s01.dat,0
87748s01.dat,0
6142622as05.dat,0
2431p70s01.dat,0
35154s02.dat,0
35530s01.dat,0
44336s01.dat,1
u66c01s02.dat,0
u9107s08.dat,0
numb0a.dat,0
93168s01.dat,1
1613s01.dat,0
51725s00.dat,0
6292s01.dat,0
93559s03.dat,0
3069bphs01.dat,0
30350as01.dat,0
6025s01.dat,0
65200s01.dat,0
80834s04.dat,0
6221655ns01.dat,0
70646s01.dat,0
004283cs02.dat,0
6148328ags01.dat,0
6125s01.dat,0
faxle3.dat,0
24108s01.dat,0
54568s01.dat,0
96714s02.dat,0
faxle2.dat,0
191915sfi.dat,0
1746s01.dat,0
89519s01.dat,1
24008s01.dat,1
93559s02.dat,0
51725s01.dat,0
4489s02.dat,0
4615865cs01.dat,0
41671s04.dat,0
74169s01.dat,0
u9107s09.dat,0
u66c01s03.dat,0
6596s01.dat,0
87613s04.dat,0
47198s01.dat,0
6142622as04.dat,0
6245s02.dat,0
15064s01.dat,0
71396s01c01.dat,0
6594a.dat,0
30231s02.dat,0
4327s01.dat,0
u590s07.dat,0
30086s02.dat,0
69762s02.dat,0
3626bp48s02.dat,0
866s01.dat,0
973pars03.dat,0
64711s04.dat,0
25126s02.dat,0
15522p01s01.dat,0
24593s01.dat,1
4066bp10s03.dat,0
60483s01.dat,0
39367s01.dat,0
93220s03.dat,0
33048s01.dat,0
3069bs01.dat,0
6142275ps07.dat,0
4716s03.dat,0
95341s01.dat,0
t1077s01.dat,0
3240s01.dat,0
41817s01.dat,0
11435s02.dat,0
49588s05.dat,0
92251p04s02.dat,0
3817bs03.dat,0
3626bph1s01.dat,0
24852s01.dat,0
53075s02.dat,0
2714s01.dat,0
18978as01.dat,0
6148328ps01.dat,0
6148328ws08.dat,0
610s01.dat,1
11264s02.dat,0
570s03.dat,0
3626cp78s01.dat,0
30636s01.dat,0
6148328aqs04.dat,0
46891s02.dat,0
54090s01.dat,1
73110s01.dat,0
6578c01s02.dat,0
10057s03.dat,0
2586p4gb.dat,0
42938s01.dat,0
4515s01.dat,0
63864p03s01.dat,0
4640189bs01.dat,0
15107s01.dat,0
6177949fs04.dat,0
32230s01.dat,0
20904s01.dat,0
6148328bas15.dat,0
55978s01.dat,0
10057pm0s01.dat,0
32087s01.dat,0
28145s01.dat,0
6642s01.dat,0
28614s01.dat,0
26074s02.dat,0
6148328bas01.dat,0
87610ps1s02.dat,0
4468s01.dat,0
20693s02.dat,0
2723p07s01.dat,0
6148328bos04.dat,0
43894s01.dat,0
87398s01.dat,1
36069bs02.dat,0
6177949hs01.dat,0
17018s02.dat,0
logo-ecoboost-powered-by-box.dat,0
35477s01.dat,1
28870s01.dat,0
973p4ga.dat,0
u9147s01.dat,0
101777s03.dat,0
952as01.dat,0
20455s02.dat,0
6142622us05.dat,0
3070bato.dat,0
92249s01.dat,0
32021s03.dat,0
6162s01.dat,1
65416s01.dat,0
3068bpz6s01.dat,0
49668s01.dat,0
13746s03.dat,0
77873s01.dat,0
32074s02.dat,0
57536s01.dat,0
41978s01.dat,0
15627s01.dat,1
3070batx.dat,0
2618s01.dat,1
15504pde6s01.dat,0
94719s01.dat,0
15490s01.dat,0
196955bs02.dat,0
11439s02.dat,0
11244p04s05.dat,0
26561s01.dat,0
3817p8is01.dat,0
24076p02s02.dat,0
6148328bcs10.dat,0
3817cp70s01.dat,0
54872s03.dat,0
24581s01.dat,0
30016s01.dat,0
194225bs01.dat,0
18590s02.dat,0
24067s01.dat,0
57520ps1.dat,0
3626cp09s01.dat,0
30116s01.dat,1
100942s05.dat,0
41041s01.dat,0
40576s01.dat,0
3648as01.dat,0
2870s01.dat,0
24636s01.dat,0
6142617es02.dat,0
30223s02.dat,0
973psqs06.dat,0
43898s01.dat,1
6148328bcs04.dat,0
6142617ks07.dat,0
29096ps0s01.dat,0
6148328bms01.dat,0
39793s01.dat,0
25061s03.dat,0
26078s02.dat,0
50956p01s02.dat,0
3960ps5s01.dat,0
18394s03.dat,0
u9499c01s03.dat,0
3626cpb1s01.dat,0
32109s02.dat,0
4066bp1bs01.dat,0
3067s02.dat,1
11297s01.dat,0
1744s04.dat,0
55817s01.dat,0
57528s01.dat,0
24118p01s01.dat,0
6142622ms04.dat,0
24782s03.dat,0
2684s02.dat,0
95330s01.dat,0
30120s00.dat,0
15068s01.dat,0
3231s01.dat,0
919s04.dat,1
2335ps1c.dat,0
47116s02.dat,0
3460s01.dat,1
43459s01.dat,0
30116p6ua.dat,0
30340s02.dat,0
87611s01.dat,1
30593s01.dat,0
98729s01.dat,0
2913s01.dat,0
20398s01.dat,0
32cs01.dat,0
u9159s01.dat,0
38541s03.dat,0
30075s01.dat,1
3940s02.dat,0
88295s01.dat,0
80686p01s03.dat,0
6129s00.dat,0
40244s01.dat,0
32195s01.dat,0
6451314es02.dat,0
u592s02.dat,0
864s10.dat,0
27382s01.dat,0
50990s01.dat,0
43693s01.dat,0
65093s01.dat,0
64808s04.dat,0
60638s01.dat,1
864s04.dat,0
973pa2a.dat,0
64713s01.dat,0
6582a.dat,0
6009254as04.dat,0
logosantanders03.dat,0
u9393s01.dat,0
15524s03.dat,0
40339s01.dat,0
67095px0s01.dat,0
30401p01s01.dat,0
6142617ss06.dat,0
u9440s02.dat,0
6009254as10.dat,0
15851s01.dat,0
50947s01.dat,0
23798s01.dat,0
15524s01.dat,0
logosantanders01.dat,0
3068bp05s01.dat,0
6361s01.dat,0
65144s01.dat,0
6296256hs02.dat,0
6009254as06.dat,0
44936s01.dat,0
821421cs04.dat,0
3001p07s01.dat,0
27255s01.dat,1
6530s01.dat,0
58171p01s03.dat,0
15424s01.dat,0
6142617ss04.dat,0
2739bs01.dat,0
79387s01.dat,0
4478p03a.dat,0
u592s00.dat,0
29685p01s01.dat,0
89159s01.dat,0
98150s02.dat,0
4698s02.dat,0
3960ps2a.dat,0
64713s03.dat,0
864s06.dat,0
96487s01.dat,0
003497bs01.dat,0
13710ks02.dat,0
38541s01.dat,0
191915scha.dat,0
2566s01.dat,0
3960px1s01.dat,0
32288s01.dat,0
11094s01.dat,0
t1053s02.dat,0
6129s02.dat,0
18904s01.dat,0
95050s01.dat,0
22483s01.dat,0
2335ps1a.dat,0
973p0hs01.dat,0
93064s02.dat,0
95330s03.dat,0
30120s02.dat,0
24633p02s04.dat,0
24782s01.dat,0
6142622ms06.dat,0
55817s03.dat,0
30215s01.dat,0
3678bs01.dat,1
93251s01.dat,0
3815s01.dat,0
61856s01.dat,0
u9568s01.dat,0
16497s02.dat,0
13786p01s05.dat,0
30124bp51s01.dat,0
30276s01.dat,0
18394s01.dat,0
3960ps5s03.dat,0
41014s02.dat,0
2552p02s02.dat,0
25061s01.dat,0
6148328bms03.dat,0
30157as01.dat,0
44359s02.dat,0
6142617ks05.dat,0
3245cpz2s01.dat,0
4066bp1bs03.dat,0
93563s01.dat,0
31110s01.dat,0
11241p01s04.dat,0
3068p11s01.dat,0
4201639s01b.dat,0
u9499c01s01.dat,0
67696s01.dat,0
10128s04.dat,0
24067s03.dat,0
3070bpe1s01.dat,0
4066bp0ts02.dat,0
32269s02.dat,0
54872s01.dat,1
6148328bcs12.dat,0
80324s01.dat,0
6069ps3s01.dat,0
91884p02s01.dat,0
6148328bcs06.dat,0
973psqs04.dat,0
47297s01.dat,0
100942s07.dat,0
50859s01.dat,0
501s01.dat,1
3385s01.dat,1
4779s01.dat,0
77873s03.dat,0
13746s01.dat,0
13195s02.dat,0
973p37b.dat,0
67138s02.dat,0
65416s03.dat,0
92249p02s01.dat,0
2924bs01.dat,1
3070batz.dat,0
2578s01.dat,0
925p06s01.dat,0
59s02.dat,0
65676s01.dat,0
u9147s03.dat,0
973p4gc.dat,0
39739s01.dat,0
2446p01s01.dat,0
32021s01.dat,1
48288s01.dat,0
43967s00.dat,0
3070batm.dat,0
3010a20.dat,0
6142622us07.dat,0
3626bps8a.dat,0
u9494c01s02.dat,0
101777s01.dat,0
2358s01.dat,1
15436s01.dat,0
26021s01.dat,0
003432s1.dat,0
42687s01.dat,0
2509s01.dat,0
73125p01s01.dat,0
38799s01.dat,1
15536s01.dat,0
6177949hs03.dat,0
4066bp0xs02.dat,0
28192s01.dat,0
4215ap5a.dat,0
u9485s02.dat,0
6148328bas17.dat,0
20904s03.dat,0
93089s01.dat,0
3626bpq4s01.dat,0
51377s01.dat,0
6177949fs06.dat,0
2587pm0s01.dat,0
6148328bas03.dat,0
69729s01.dat,0
3009pt7b.dat,0
28614s03.dat,0
62386s01.dat,0
28145s03.dat,0
10057s01.dat,0
2474s01.dat,0
92250p02s02.dat,0
6148328aqs06.dat,0
570s01.dat,0
62808s01.dat,0
4150ps3a.dat,0
24629p05s06.dat,0
32218s02.dat,0
18816s01.dat,0
4150pf3s01.dat,0
6009194bs05.dat,0
190765as02.dat,0
470s01.dat,0
4492e2.dat,0
42938s03.dat,0
3817bs01.dat,0
30367ps2s02.dat,0
3067p02s01.dat,0
973p2fa.dat,0
9326p63a.dat,0
2546p02s02.dat,0
90462bpq4s01.dat,0
50408s02.dat,0
69754s01.dat,0
3245ap1s.dat,0
98388s02.dat,0
86037s01.dat,0
43746s04.dat,0
18031s01.dat,0
2937s02.dat,1
93571s01.dat,0
93220s01.dat,0
4867p13s01.dat,0
30364s01.dat,1
39367s03.dat,0
u9248s01.dat,0
13710gs02.dat,0
4616s01.dat,0
30102p1b.dat,0
4066bp10s01.dat,0
16000s02.dat,0
30151s02.dat,0
95341s03.dat,0
933s02.dat,0
30535s01.dat,0
6142275ps05.dat,0
4716s01.dat,0
80567s01.dat,0
3544s02.dat,0
u590s05.dat,0
37720bs01.dat,0
3068bpfds02.dat,0
2528as02.dat,0
37452s01.dat,0
6594c.dat,0
15428s01.dat,0
3297s01.dat,1
53790s02.dat,0
2440p68b.dat,0
80336s01.dat,0
43748s01.dat,0
3068bp09s01.dat,0
98138p36s01.dat,0
448s05.dat,0
15279s01.dat,0
973pars01.dat,0
numb0b.dat,0
54708s01.dat,0
41748pq0a.dat,0
004488es01.dat,0
u66c01s01.dat,0
97790s01.dat,0
30219s01.dat,0
6142622as06.dat,0
87748s02.dat,0
35154s01.dat,1
89679s01.dat,0
004283cs01.dat,0
52258s01.dat,0
6148328ags02.dat,0
10049s01.dat,0
24108s03.dat,0
30083ps0s01.dat,0
u9496c02s04.dat,0
11198s01.dat,0
6221655ns02.dat,0
6292s02.dat,0
32133s01.dat,0
98341s01.dat,0
4489s01.dat,0
6221655ns03.dat,0
4615865cs02.dat,0
93559s01.dat,0
51725s02.dat,0
3068b101.dat,0
faxle1.dat,0
30117p61s01.dat,0
1746s02.dat,0
u9579bs01.dat,0
89519s02.dat,1
24108s02.dat,0
96714s01.dat,0
47198s02.dat,0
87748s03.dat,0
6245s01.dat,1
6142622as07.dat,0
65486s01.dat,0
6345s01.dat,0
3008s01.dat,1
79850s01.dat,0
25126s01.dat,0
3817p6fa.dat,0
30186s01.dat,0
53790s03.dat,0
3626bp48s01.dat,0
30460s01.dat,0
448s04.dat,0
92013s01.dat,0
4185bs01.dat,0
u590s04.dat,0
69762s01.dat,0
30086s01.dat,0
973p2ls01.dat,0
6594b.dat,0
60481as01.dat,1
2528as03.dat,0
3068bpfds03.dat,0
30231s01.dat,0
t1077s02.dat,0
18920s01.dat,0
16000s03.dat,0
41817s02.dat,0
2313s01.dat,0
6142275ps04.dat,0
2937s03.dat,0
21849s01.dat,1
13710gs03.dat,0
39367s02.dat,0
2370s01.dat,1
32078s01.dat,0
47755s01.dat,0
11264s01.dat,0
18943s01.dat,0
53075s01.dat,1
65834s04.dat,0
6148328ps02.dat,0
11435s01.dat,0
30367ps2s03.dat,0
3010pz1s01.dat,0
92251p04s01.dat,0
425s01.dat,1
44148s01.dat,0
4640189bs02.dat,0
93216s01.dat,0
3852s01.dat,0
87781s01.dat,0
4492e3.dat,0
42938s02.dat,1
6009194bs04.dat,0
87570p01s01.dat,0
41529s0.dat,0
6578c01s01.dat,0
4720s01.dat,0
2586p4ga.dat,0
20308s01.dat,0
3626p8cs01.dat,0
46891s01.dat,0
57895p06s01.dat,0
32005s01.dat,0
28145s02.dat,0
606p01a.dat,1
28614s02.dat,0
26074s01.dat,0
6148328bas02.dat,0
20904s02.dat,0
6148328bas16.dat,0
10057pm0s02.dat,0
32087s02.dat,0
64683s01.dat,0
6177949fs07.dat,0
6191s01.dat,0
50900s01.dat,0
309s01.dat,1
6177949hs02.dat,0
17018s01.dat,0
3815bp0os01.dat,0
87398s02.dat,0
36069bs01.dat,0
4066bp0xs03.dat,0
20693s01.dat,0
u9303s01.dat,0
98222s01.dat,0
43967s01.dat,0
20455s01.dat,0
u9494c01s03.dat,0
6142622us06.dat,0
3070batl.dat,0
59s03.dat,0
32296s.dat,0
92251p06s04.dat,0
973p4gb.dat,0
u9147s02.dat,0
196955bs01.dat,0
29636s01.dat,0
11439s01.dat,0
32174s01.dat,0
973py3s01.dat,0
3009p27a.dat,0
11244p04s06.dat,0
4198p0ds01.dat,0
973p40a.dat,0
15627s02.dat,0
24196s04.dat,0
43447s02.dat,0
30367cs01.dat,1
429s01.dat,0
87998s01.dat,0
logofordb04.dat,0
47759s01.dat,1
77873s02.dat,0
32074s01.dat,0
6162s02.dat,0
65416s02.dat,0
973p37c.dat,0
6142617es01.dat,0
30223s01.dat,1
973psqs05.dat,0
4751s01.dat,0
6148328bcs07.dat,0
57520ps2.dat,0
100942s06.dat,0
2870s02.dat,0
30323s01.dat,0
194225bs02.dat,0
18590s01.dat,0
24067s02.dat,0
99148s01.dat,0
3817p8is02.dat,0
24076p02s01.dat,0
6148328bcs13.dat,0
4066bp0ts03.dat,0
14769ps4s01.dat,0
32109s01.dat,0
4066bp1bs02.dat,0
3067s01.dat,1
2550s01.dat,0
61189ps0s01.dat,0
10128s05.dat,0
3070bs01.dat,0
3167s01.dat,0
3960ps5s02.dat,0
2301s01.dat,0
4844s01.dat,1
6142617ks04.dat,0
6148328bms02.dat,0
2552p02s03.dat,0
26078s01.dat,0
50956p01s01.dat,0
48492s01.dat,0
13786p01s04.dat,0
47116s01.dat,0
30126p01s01.dat,0
3004s01.dat,1
75902p02s01.dat,0
2684s01.dat,0
266s01.dat,0
95330s02.dat,0
2362s01.dat,0
55817s02.dat,0
6518s01.dat,0
6142622ms07.dat,0
54100s01.dat,0
3960p0ds01.dat,0
43979s01.dat,1
40620s01.dat,0
3940s01.dat,0
30240s01.dat,0
20398s02.dat,0
2891s01.dat,1
30340s01.dat,0
3816cpbds01.dat,0
3840s01.dat,0
864s07.dat,0
64713s02.dat,0
973pa2b.dat,0
6582b.dat,0
13710ks03.dat,0
43693s02.dat,0
65111s01.dat,0
50990s02.dat,0
27382s02.dat,0
98150s03.dat,0
6451314es01.dat,0
6565s01.dat,0
u592s01.dat,0
28533s01.dat,0
15851s02.dat,0
6142617ss05.dat,0
u9311s01.dat,0
u9440s01.dat,0
825ap02s01.dat,0
87559s01.dat,0
15793s00.dat,0
6009254as07.dat,0
u9393s02.dat,0
